Store ID,Product,Lot ID,Customer Token,Units,Exposure Type
101,First Aid Kit,LOT-0027-A,CUST-TOK-34761,8,Loyalty-linked
101,First Aid Kit,LOT-0027-A,CUST-TOK-29994,8,Loyalty-linked
101,First Aid Kit,LOT-0027-A,CUST-TOK-03336,8,Loyalty-linked
101,First Aid Kit,LOT-0027-A,ANONYMOUS,47,Anonymous (no loyalty link)
101,First Aid Kit,LOT-0027-B,CUST-TOK-66191,14,Loyalty-linked
101,First Aid Kit,LOT-0027-B,CUST-TOK-40745,14,Loyalty-linked
101,First Aid Kit,LOT-0027-B,CUST-TOK-08940,15,Loyalty-linked
101,First Aid Kit,LOT-0027-B,ANONYMOUS,81,Anonymous (no loyalty link)
101,Peanut Butter,LOT-5162-A,CUST-TOK-28634,10,Loyalty-linked
101,Peanut Butter,LOT-5162-A,CUST-TOK-09257,10,Loyalty-linked
101,Peanut Butter,LOT-5162-A,CUST-TOK-08998,11,Loyalty-linked
101,Peanut Butter,LOT-5162-A,ANONYMOUS,58,Anonymous (no loyalty link)
101,Peanut Butter,LOT-5162-B,CUST-TOK-00328,14,Loyalty-linked
101,Peanut Butter,LOT-5162-B,CUST-TOK-76956,14,Loyalty-linked
101,Peanut Butter,LOT-5162-B,CUST-TOK-19444,15,Loyalty-linked
101,Peanut Butter,LOT-5162-B,ANONYMOUS,80,Anonymous (no loyalty link)
101,Granola Bars,LOT-5867-A,CUST-TOK-69354,22,Loyalty-linked
101,Granola Bars,LOT-5867-A,CUST-TOK-43056,22,Loyalty-linked
101,Granola Bars,LOT-5867-A,CUST-TOK-42678,23,Loyalty-linked
101,Granola Bars,LOT-5867-A,ANONYMOUS,127,Anonymous (no loyalty link)
101,Granola Bars,LOT-5867-B,CUST-TOK-32412,5,Loyalty-linked
101,Granola Bars,LOT-5867-B,CUST-TOK-91881,6,Loyalty-linked
101,Granola Bars,LOT-5867-B,CUST-TOK-96744,6,Loyalty-linked
101,Granola Bars,LOT-5867-B,ANONYMOUS,34,Anonymous (no loyalty link)
101,Canned Soup,LOT-2516-A,CUST-TOK-96936,11,Loyalty-linked
101,Canned Soup,LOT-2516-A,CUST-TOK-78267,11,Loyalty-linked
101,Canned Soup,LOT-2516-A,CUST-TOK-74804,11,Loyalty-linked
101,Canned Soup,LOT-2516-A,ANONYMOUS,63,Anonymous (no loyalty link)
101,Canned Soup,LOT-2516-B,CUST-TOK-76593,16,Loyalty-linked
101,Canned Soup,LOT-2516-B,CUST-TOK-11769,17,Loyalty-linked
101,Canned Soup,LOT-2516-B,CUST-TOK-44818,17,Loyalty-linked
101,Canned Soup,LOT-2516-B,ANONYMOUS,94,Anonymous (no loyalty link)
101,Bread,LOT-2104-A,CUST-TOK-63837,15,Loyalty-linked
101,Bread,LOT-2104-A,CUST-TOK-74583,15,Loyalty-linked
101,Bread,LOT-2104-A,CUST-TOK-44177,15,Loyalty-linked
101,Bread,LOT-2104-A,ANONYMOUS,86,Anonymous (no loyalty link)
101,Bread,LOT-2104-B,CUST-TOK-69115,15,Loyalty-linked
101,Bread,LOT-2104-B,CUST-TOK-02284,15,Loyalty-linked
101,Bread,LOT-2104-B,CUST-TOK-62168,16,Loyalty-linked
101,Bread,LOT-2104-B,ANONYMOUS,88,Anonymous (no loyalty link)
101,Baby Formula,LOT-1218-A,CUST-TOK-97278,5,Loyalty-linked
101,Baby Formula,LOT-1218-A,CUST-TOK-06079,5,Loyalty-linked
101,Baby Formula,LOT-1218-A,CUST-TOK-44691,6,Loyalty-linked
101,Baby Formula,LOT-1218-A,ANONYMOUS,30,Anonymous (no loyalty link)
101,Baby Formula,LOT-1218-B,CUST-TOK-47340,11,Loyalty-linked
101,Baby Formula,LOT-1218-B,CUST-TOK-43100,12,Loyalty-linked
101,Baby Formula,LOT-1218-B,CUST-TOK-17759,12,Loyalty-linked
101,Baby Formula,LOT-1218-B,ANONYMOUS,66,Anonymous (no loyalty link)
101,Hand Sanitizer,LOT-0013-A,CUST-TOK-23422,4,Loyalty-linked
101,Hand Sanitizer,LOT-0013-A,CUST-TOK-11952,5,Loyalty-linked
101,Hand Sanitizer,LOT-0013-A,CUST-TOK-99413,5,Loyalty-linked
101,Hand Sanitizer,LOT-0013-A,ANONYMOUS,28,Anonymous (no loyalty link)
101,Hand Sanitizer,LOT-0013-B,CUST-TOK-26868,10,Loyalty-linked
101,Hand Sanitizer,LOT-0013-B,CUST-TOK-52907,10,Loyalty-linked
101,Hand Sanitizer,LOT-0013-B,CUST-TOK-89832,10,Loyalty-linked
101,Hand Sanitizer,LOT-0013-B,ANONYMOUS,56,Anonymous (no loyalty link)
101,LPG Cylinder 20lb,LOT-7895-A,CUST-TOK-49497,3,Loyalty-linked
101,LPG Cylinder 20lb,LOT-7895-A,CUST-TOK-75881,3,Loyalty-linked
101,LPG Cylinder 20lb,LOT-7895-A,CUST-TOK-42780,3,Loyalty-linked
101,LPG Cylinder 20lb,LOT-7895-A,ANONYMOUS,17,Anonymous (no loyalty link)
101,LPG Cylinder 20lb,LOT-7895-B,CUST-TOK-82119,5,Loyalty-linked
101,LPG Cylinder 20lb,LOT-7895-B,CUST-TOK-57518,5,Loyalty-linked
101,LPG Cylinder 20lb,LOT-7895-B,CUST-TOK-19931,5,Loyalty-linked
101,LPG Cylinder 20lb,LOT-7895-B,ANONYMOUS,28,Anonymous (no loyalty link)
102,First Aid Kit,LOT-0027-A,CUST-TOK-37203,7,Loyalty-linked
102,First Aid Kit,LOT-0027-A,CUST-TOK-31040,8,Loyalty-linked
102,First Aid Kit,LOT-0027-A,CUST-TOK-71580,8,Loyalty-linked
102,First Aid Kit,LOT-0027-A,ANONYMOUS,45,Anonymous (no loyalty link)
102,First Aid Kit,LOT-0027-B,CUST-TOK-20292,14,Loyalty-linked
102,First Aid Kit,LOT-0027-B,CUST-TOK-83618,14,Loyalty-linked
102,First Aid Kit,LOT-0027-B,CUST-TOK-56971,14,Loyalty-linked
102,First Aid Kit,LOT-0027-B,ANONYMOUS,78,Anonymous (no loyalty link)
102,Peanut Butter,LOT-5162-A,CUST-TOK-89087,19,Loyalty-linked
102,Peanut Butter,LOT-5162-A,CUST-TOK-36103,19,Loyalty-linked
102,Peanut Butter,LOT-5162-A,CUST-TOK-89854,19,Loyalty-linked
102,Peanut Butter,LOT-5162-A,ANONYMOUS,108,Anonymous (no loyalty link)
102,Peanut Butter,LOT-5162-B,CUST-TOK-54719,7,Loyalty-linked
102,Peanut Butter,LOT-5162-B,CUST-TOK-81813,7,Loyalty-linked
102,Peanut Butter,LOT-5162-B,CUST-TOK-23970,8,Loyalty-linked
102,Peanut Butter,LOT-5162-B,ANONYMOUS,42,Anonymous (no loyalty link)
102,Granola Bars,LOT-5867-A,CUST-TOK-73799,19,Loyalty-linked
102,Granola Bars,LOT-5867-A,CUST-TOK-97869,19,Loyalty-linked
102,Granola Bars,LOT-5867-A,CUST-TOK-50289,19,Loyalty-linked
102,Granola Bars,LOT-5867-A,ANONYMOUS,107,Anonymous (no loyalty link)
102,Granola Bars,LOT-5867-B,CUST-TOK-19900,6,Loyalty-linked
102,Granola Bars,LOT-5867-B,CUST-TOK-05769,6,Loyalty-linked
102,Granola Bars,LOT-5867-B,CUST-TOK-63106,7,Loyalty-linked
102,Granola Bars,LOT-5867-B,ANONYMOUS,38,Anonymous (no loyalty link)
102,Canned Soup,LOT-2516-A,CUST-TOK-16188,7,Loyalty-linked
102,Canned Soup,LOT-2516-A,CUST-TOK-48728,7,Loyalty-linked
102,Canned Soup,LOT-2516-A,CUST-TOK-47784,8,Loyalty-linked
102,Canned Soup,LOT-2516-A,ANONYMOUS,41,Anonymous (no loyalty link)
102,Canned Soup,LOT-2516-B,CUST-TOK-26860,8,Loyalty-linked
102,Canned Soup,LOT-2516-B,CUST-TOK-30993,8,Loyalty-linked
102,Canned Soup,LOT-2516-B,CUST-TOK-15292,8,Loyalty-linked
102,Canned Soup,LOT-2516-B,ANONYMOUS,45,Anonymous (no loyalty link)
102,Bread,LOT-2104-A,CUST-TOK-43105,9,Loyalty-linked
102,Bread,LOT-2104-A,CUST-TOK-22588,9,Loyalty-linked
102,Bread,LOT-2104-A,CUST-TOK-10070,10,Loyalty-linked
102,Bread,LOT-2104-A,ANONYMOUS,53,Anonymous (no loyalty link)
102,Bread,LOT-2104-B,CUST-TOK-96039,22,Loyalty-linked
102,Bread,LOT-2104-B,CUST-TOK-86852,23,Loyalty-linked
102,Bread,LOT-2104-B,CUST-TOK-67032,23,Loyalty-linked
102,Bread,LOT-2104-B,ANONYMOUS,127,Anonymous (no loyalty link)
102,Baby Formula,LOT-1218-A,CUST-TOK-18194,19,Loyalty-linked
102,Baby Formula,LOT-1218-A,CUST-TOK-47892,19,Loyalty-linked
102,Baby Formula,LOT-1218-A,CUST-TOK-80158,20,Loyalty-linked
102,Baby Formula,LOT-1218-A,ANONYMOUS,110,Anonymous (no loyalty link)
102,Baby Formula,LOT-1218-B,CUST-TOK-31945,3,Loyalty-linked
102,Baby Formula,LOT-1218-B,CUST-TOK-41723,4,Loyalty-linked
102,Baby Formula,LOT-1218-B,CUST-TOK-21948,4,Loyalty-linked
102,Baby Formula,LOT-1218-B,ANONYMOUS,21,Anonymous (no loyalty link)
102,Hand Sanitizer,LOT-0013-A,CUST-TOK-33364,22,Loyalty-linked
102,Hand Sanitizer,LOT-0013-A,CUST-TOK-30170,22,Loyalty-linked
102,Hand Sanitizer,LOT-0013-A,CUST-TOK-46115,23,Loyalty-linked
102,Hand Sanitizer,LOT-0013-A,ANONYMOUS,126,Anonymous (no loyalty link)
102,Hand Sanitizer,LOT-0013-B,CUST-TOK-05029,15,Loyalty-linked
102,Hand Sanitizer,LOT-0013-B,CUST-TOK-52957,15,Loyalty-linked
102,Hand Sanitizer,LOT-0013-B,CUST-TOK-69809,15,Loyalty-linked
102,Hand Sanitizer,LOT-0013-B,ANONYMOUS,85,Anonymous (no loyalty link)
102,LPG Cylinder 20lb,LOT-7895-A,CUST-TOK-37466,20,Loyalty-linked
102,LPG Cylinder 20lb,LOT-7895-A,CUST-TOK-69471,21,Loyalty-linked
102,LPG Cylinder 20lb,LOT-7895-A,CUST-TOK-68493,21,Loyalty-linked
102,LPG Cylinder 20lb,LOT-7895-A,ANONYMOUS,117,Anonymous (no loyalty link)
102,LPG Cylinder 20lb,LOT-7895-B,CUST-TOK-87891,7,Loyalty-linked
102,LPG Cylinder 20lb,LOT-7895-B,CUST-TOK-57354,7,Loyalty-linked
102,LPG Cylinder 20lb,LOT-7895-B,CUST-TOK-87407,8,Loyalty-linked
102,LPG Cylinder 20lb,LOT-7895-B,ANONYMOUS,41,Anonymous (no loyalty link)
103,First Aid Kit,LOT-0027-A,CUST-TOK-44684,4,Loyalty-linked
103,First Aid Kit,LOT-0027-A,CUST-TOK-44444,5,Loyalty-linked
103,First Aid Kit,LOT-0027-A,CUST-TOK-15054,5,Loyalty-linked
103,First Aid Kit,LOT-0027-A,ANONYMOUS,28,Anonymous (no loyalty link)
103,First Aid Kit,LOT-0027-B,CUST-TOK-06168,17,Loyalty-linked
103,First Aid Kit,LOT-0027-B,CUST-TOK-05738,17,Loyalty-linked
103,First Aid Kit,LOT-0027-B,CUST-TOK-08634,18,Loyalty-linked
103,First Aid Kit,LOT-0027-B,ANONYMOUS,97,Anonymous (no loyalty link)
103,Peanut Butter,LOT-5162-A,CUST-TOK-19248,5,Loyalty-linked
103,Peanut Butter,LOT-5162-A,CUST-TOK-51617,5,Loyalty-linked
103,Peanut Butter,LOT-5162-A,CUST-TOK-98951,5,Loyalty-linked
103,Peanut Butter,LOT-5162-A,ANONYMOUS,29,Anonymous (no loyalty link)
103,Peanut Butter,LOT-5162-B,CUST-TOK-02700,2,Loyalty-linked
103,Peanut Butter,LOT-5162-B,CUST-TOK-04327,3,Loyalty-linked
103,Peanut Butter,LOT-5162-B,CUST-TOK-36951,3,Loyalty-linked
103,Peanut Butter,LOT-5162-B,ANONYMOUS,17,Anonymous (no loyalty link)
103,Granola Bars,LOT-5867-A,CUST-TOK-10997,21,Loyalty-linked
103,Granola Bars,LOT-5867-A,CUST-TOK-32315,21,Loyalty-linked
103,Granola Bars,LOT-5867-A,CUST-TOK-41456,22,Loyalty-linked
103,Granola Bars,LOT-5867-A,ANONYMOUS,121,Anonymous (no loyalty link)
103,Granola Bars,LOT-5867-B,CUST-TOK-26181,2,Loyalty-linked
103,Granola Bars,LOT-5867-B,CUST-TOK-93549,2,Loyalty-linked
103,Granola Bars,LOT-5867-B,CUST-TOK-43331,3,Loyalty-linked
103,Granola Bars,LOT-5867-B,ANONYMOUS,14,Anonymous (no loyalty link)
103,Canned Soup,LOT-2516-A,CUST-TOK-11780,8,Loyalty-linked
103,Canned Soup,LOT-2516-A,CUST-TOK-64237,9,Loyalty-linked
103,Canned Soup,LOT-2516-A,CUST-TOK-78258,9,Loyalty-linked
103,Canned Soup,LOT-2516-A,ANONYMOUS,50,Anonymous (no loyalty link)
103,Canned Soup,LOT-2516-B,CUST-TOK-85112,22,Loyalty-linked
103,Canned Soup,LOT-2516-B,CUST-TOK-96539,22,Loyalty-linked
103,Canned Soup,LOT-2516-B,CUST-TOK-16144,23,Loyalty-linked
103,Canned Soup,LOT-2516-B,ANONYMOUS,127,Anonymous (no loyalty link)
103,Bread,LOT-2104-A,CUST-TOK-48430,11,Loyalty-linked
103,Bread,LOT-2104-A,CUST-TOK-63649,11,Loyalty-linked
103,Bread,LOT-2104-A,CUST-TOK-42486,11,Loyalty-linked
103,Bread,LOT-2104-A,ANONYMOUS,64,Anonymous (no loyalty link)
103,Bread,LOT-2104-B,CUST-TOK-67212,7,Loyalty-linked
103,Bread,LOT-2104-B,CUST-TOK-54923,7,Loyalty-linked
103,Bread,LOT-2104-B,CUST-TOK-82600,7,Loyalty-linked
103,Bread,LOT-2104-B,ANONYMOUS,40,Anonymous (no loyalty link)
103,Baby Formula,LOT-1218-A,CUST-TOK-73589,16,Loyalty-linked
103,Baby Formula,LOT-1218-A,CUST-TOK-24582,17,Loyalty-linked
103,Baby Formula,LOT-1218-A,CUST-TOK-52618,17,Loyalty-linked
103,Baby Formula,LOT-1218-A,ANONYMOUS,94,Anonymous (no loyalty link)
103,Baby Formula,LOT-1218-B,CUST-TOK-27346,19,Loyalty-linked
103,Baby Formula,LOT-1218-B,CUST-TOK-40557,19,Loyalty-linked
103,Baby Formula,LOT-1218-B,CUST-TOK-63407,20,Loyalty-linked
103,Baby Formula,LOT-1218-B,ANONYMOUS,109,Anonymous (no loyalty link)
103,Hand Sanitizer,LOT-0013-A,CUST-TOK-99177,14,Loyalty-linked
103,Hand Sanitizer,LOT-0013-A,CUST-TOK-05192,14,Loyalty-linked
103,Hand Sanitizer,LOT-0013-A,CUST-TOK-63372,15,Loyalty-linked
103,Hand Sanitizer,LOT-0013-A,ANONYMOUS,82,Anonymous (no loyalty link)
103,Hand Sanitizer,LOT-0013-B,CUST-TOK-09386,10,Loyalty-linked
103,Hand Sanitizer,LOT-0013-B,CUST-TOK-71695,10,Loyalty-linked
103,Hand Sanitizer,LOT-0013-B,CUST-TOK-49727,10,Loyalty-linked
103,Hand Sanitizer,LOT-0013-B,ANONYMOUS,56,Anonymous (no loyalty link)
103,LPG Cylinder 20lb,LOT-7895-A,CUST-TOK-84586,4,Loyalty-linked
103,LPG Cylinder 20lb,LOT-7895-A,CUST-TOK-57324,4,Loyalty-linked
103,LPG Cylinder 20lb,LOT-7895-A,CUST-TOK-22574,4,Loyalty-linked
103,LPG Cylinder 20lb,LOT-7895-A,ANONYMOUS,25,Anonymous (no loyalty link)
103,LPG Cylinder 20lb,LOT-7895-B,CUST-TOK-53412,12,Loyalty-linked
103,LPG Cylinder 20lb,LOT-7895-B,CUST-TOK-70147,12,Loyalty-linked
103,LPG Cylinder 20lb,LOT-7895-B,CUST-TOK-20556,13,Loyalty-linked
103,LPG Cylinder 20lb,LOT-7895-B,ANONYMOUS,69,Anonymous (no loyalty link)
104,First Aid Kit,LOT-0027-A,CUST-TOK-58544,19,Loyalty-linked
104,First Aid Kit,LOT-0027-A,CUST-TOK-24376,19,Loyalty-linked
104,First Aid Kit,LOT-0027-A,CUST-TOK-51649,20,Loyalty-linked
104,First Aid Kit,LOT-0027-A,ANONYMOUS,110,Anonymous (no loyalty link)
104,First Aid Kit,LOT-0027-B,CUST-TOK-64339,9,Loyalty-linked
104,First Aid Kit,LOT-0027-B,CUST-TOK-96981,9,Loyalty-linked
104,First Aid Kit,LOT-0027-B,CUST-TOK-72666,10,Loyalty-linked
104,First Aid Kit,LOT-0027-B,ANONYMOUS,54,Anonymous (no loyalty link)
104,Peanut Butter,LOT-5162-A,CUST-TOK-17289,13,Loyalty-linked
104,Peanut Butter,LOT-5162-A,CUST-TOK-56783,14,Loyalty-linked
104,Peanut Butter,LOT-5162-A,CUST-TOK-55352,14,Loyalty-linked
104,Peanut Butter,LOT-5162-A,ANONYMOUS,78,Anonymous (no loyalty link)
104,Peanut Butter,LOT-5162-B,CUST-TOK-21235,15,Loyalty-linked
104,Peanut Butter,LOT-5162-B,CUST-TOK-63502,16,Loyalty-linked
104,Peanut Butter,LOT-5162-B,CUST-TOK-62121,16,Loyalty-linked
104,Peanut Butter,LOT-5162-B,ANONYMOUS,89,Anonymous (no loyalty link)
104,Granola Bars,LOT-5867-A,CUST-TOK-24593,15,Loyalty-linked
104,Granola Bars,LOT-5867-A,CUST-TOK-74382,15,Loyalty-linked
104,Granola Bars,LOT-5867-A,CUST-TOK-31207,16,Loyalty-linked
104,Granola Bars,LOT-5867-A,ANONYMOUS,88,Anonymous (no loyalty link)
104,Granola Bars,LOT-5867-B,CUST-TOK-99731,16,Loyalty-linked
104,Granola Bars,LOT-5867-B,CUST-TOK-86564,17,Loyalty-linked
104,Granola Bars,LOT-5867-B,CUST-TOK-99737,17,Loyalty-linked
104,Granola Bars,LOT-5867-B,ANONYMOUS,94,Anonymous (no loyalty link)
104,Canned Soup,LOT-2516-A,CUST-TOK-54437,18,Loyalty-linked
104,Canned Soup,LOT-2516-A,CUST-TOK-44942,19,Loyalty-linked
104,Canned Soup,LOT-2516-A,CUST-TOK-81575,19,Loyalty-linked
104,Canned Soup,LOT-2516-A,ANONYMOUS,104,Anonymous (no loyalty link)
104,Canned Soup,LOT-2516-B,CUST-TOK-03338,18,Loyalty-linked
104,Canned Soup,LOT-2516-B,CUST-TOK-57700,19,Loyalty-linked
104,Canned Soup,LOT-2516-B,CUST-TOK-14342,19,Loyalty-linked
104,Canned Soup,LOT-2516-B,ANONYMOUS,106,Anonymous (no loyalty link)
104,Bread,LOT-2104-A,CUST-TOK-04355,17,Loyalty-linked
104,Bread,LOT-2104-A,CUST-TOK-46234,18,Loyalty-linked
104,Bread,LOT-2104-A,CUST-TOK-43139,18,Loyalty-linked
104,Bread,LOT-2104-A,ANONYMOUS,99,Anonymous (no loyalty link)
104,Bread,LOT-2104-B,CUST-TOK-80772,15,Loyalty-linked
104,Bread,LOT-2104-B,CUST-TOK-73280,15,Loyalty-linked
104,Bread,LOT-2104-B,CUST-TOK-35125,15,Loyalty-linked
104,Bread,LOT-2104-B,ANONYMOUS,86,Anonymous (no loyalty link)
104,Baby Formula,LOT-1218-A,CUST-TOK-64844,6,Loyalty-linked
104,Baby Formula,LOT-1218-A,CUST-TOK-08913,6,Loyalty-linked
104,Baby Formula,LOT-1218-A,CUST-TOK-42097,7,Loyalty-linked
104,Baby Formula,LOT-1218-A,ANONYMOUS,38,Anonymous (no loyalty link)
104,Baby Formula,LOT-1218-B,CUST-TOK-38270,3,Loyalty-linked
104,Baby Formula,LOT-1218-B,CUST-TOK-73258,3,Loyalty-linked
104,Baby Formula,LOT-1218-B,CUST-TOK-76489,3,Loyalty-linked
104,Baby Formula,LOT-1218-B,ANONYMOUS,18,Anonymous (no loyalty link)
104,Hand Sanitizer,LOT-0013-A,CUST-TOK-42523,10,Loyalty-linked
104,Hand Sanitizer,LOT-0013-A,CUST-TOK-59891,10,Loyalty-linked
104,Hand Sanitizer,LOT-0013-A,CUST-TOK-01064,11,Loyalty-linked
104,Hand Sanitizer,LOT-0013-A,ANONYMOUS,60,Anonymous (no loyalty link)
104,Hand Sanitizer,LOT-0013-B,CUST-TOK-02195,7,Loyalty-linked
104,Hand Sanitizer,LOT-0013-B,CUST-TOK-35861,7,Loyalty-linked
104,Hand Sanitizer,LOT-0013-B,CUST-TOK-81583,7,Loyalty-linked
104,Hand Sanitizer,LOT-0013-B,ANONYMOUS,39,Anonymous (no loyalty link)
104,LPG Cylinder 20lb,LOT-7895-A,CUST-TOK-12380,16,Loyalty-linked
104,LPG Cylinder 20lb,LOT-7895-A,CUST-TOK-47629,17,Loyalty-linked
104,LPG Cylinder 20lb,LOT-7895-A,CUST-TOK-98792,17,Loyalty-linked
104,LPG Cylinder 20lb,LOT-7895-A,ANONYMOUS,94,Anonymous (no loyalty link)
104,LPG Cylinder 20lb,LOT-7895-B,CUST-TOK-72188,20,Loyalty-linked
104,LPG Cylinder 20lb,LOT-7895-B,CUST-TOK-46219,21,Loyalty-linked
104,LPG Cylinder 20lb,LOT-7895-B,CUST-TOK-12342,21,Loyalty-linked
104,LPG Cylinder 20lb,LOT-7895-B,ANONYMOUS,116,Anonymous (no loyalty link)
105,First Aid Kit,LOT-0027-A,CUST-TOK-05308,12,Loyalty-linked
105,First Aid Kit,LOT-0027-A,CUST-TOK-14115,12,Loyalty-linked
105,First Aid Kit,LOT-0027-A,CUST-TOK-35804,12,Loyalty-linked
105,First Aid Kit,LOT-0027-A,ANONYMOUS,68,Anonymous (no loyalty link)
105,First Aid Kit,LOT-0027-B,CUST-TOK-02910,18,Loyalty-linked
105,First Aid Kit,LOT-0027-B,CUST-TOK-15718,18,Loyalty-linked
105,First Aid Kit,LOT-0027-B,CUST-TOK-57167,18,Loyalty-linked
105,First Aid Kit,LOT-0027-B,ANONYMOUS,102,Anonymous (no loyalty link)
105,Peanut Butter,LOT-5162-A,CUST-TOK-00555,16,Loyalty-linked
105,Peanut Butter,LOT-5162-A,CUST-TOK-45572,17,Loyalty-linked
105,Peanut Butter,LOT-5162-A,CUST-TOK-24397,17,Loyalty-linked
105,Peanut Butter,LOT-5162-A,ANONYMOUS,94,Anonymous (no loyalty link)
105,Peanut Butter,LOT-5162-B,CUST-TOK-82966,5,Loyalty-linked
105,Peanut Butter,LOT-5162-B,CUST-TOK-49686,6,Loyalty-linked
105,Peanut Butter,LOT-5162-B,CUST-TOK-61813,6,Loyalty-linked
105,Peanut Butter,LOT-5162-B,ANONYMOUS,32,Anonymous (no loyalty link)
105,Granola Bars,LOT-5867-A,CUST-TOK-79336,16,Loyalty-linked
105,Granola Bars,LOT-5867-A,CUST-TOK-77170,16,Loyalty-linked
105,Granola Bars,LOT-5867-A,CUST-TOK-77472,16,Loyalty-linked
105,Granola Bars,LOT-5867-A,ANONYMOUS,90,Anonymous (no loyalty link)
105,Granola Bars,LOT-5867-B,CUST-TOK-85390,20,Loyalty-linked
105,Granola Bars,LOT-5867-B,CUST-TOK-42700,20,Loyalty-linked
105,Granola Bars,LOT-5867-B,CUST-TOK-82635,20,Loyalty-linked
105,Granola Bars,LOT-5867-B,ANONYMOUS,113,Anonymous (no loyalty link)
105,Canned Soup,LOT-2516-A,CUST-TOK-30217,21,Loyalty-linked
105,Canned Soup,LOT-2516-A,CUST-TOK-99022,21,Loyalty-linked
105,Canned Soup,LOT-2516-A,CUST-TOK-58876,22,Loyalty-linked
105,Canned Soup,LOT-2516-A,ANONYMOUS,121,Anonymous (no loyalty link)
105,Canned Soup,LOT-2516-B,CUST-TOK-55586,8,Loyalty-linked
105,Canned Soup,LOT-2516-B,CUST-TOK-14812,8,Loyalty-linked
105,Canned Soup,LOT-2516-B,CUST-TOK-72555,9,Loyalty-linked
105,Canned Soup,LOT-2516-B,ANONYMOUS,47,Anonymous (no loyalty link)
105,Bread,LOT-2104-A,CUST-TOK-69573,19,Loyalty-linked
105,Bread,LOT-2104-A,CUST-TOK-79514,20,Loyalty-linked
105,Bread,LOT-2104-A,CUST-TOK-04491,20,Loyalty-linked
105,Bread,LOT-2104-A,ANONYMOUS,111,Anonymous (no loyalty link)
105,Bread,LOT-2104-B,CUST-TOK-08626,22,Loyalty-linked
105,Bread,LOT-2104-B,CUST-TOK-46733,23,Loyalty-linked
105,Bread,LOT-2104-B,CUST-TOK-98343,23,Loyalty-linked
105,Bread,LOT-2104-B,ANONYMOUS,127,Anonymous (no loyalty link)
105,Baby Formula,LOT-1218-A,CUST-TOK-60264,6,Loyalty-linked
105,Baby Formula,LOT-1218-A,CUST-TOK-32737,6,Loyalty-linked
105,Baby Formula,LOT-1218-A,CUST-TOK-79506,7,Loyalty-linked
105,Baby Formula,LOT-1218-A,ANONYMOUS,37,Anonymous (no loyalty link)
105,Baby Formula,LOT-1218-B,CUST-TOK-77573,10,Loyalty-linked
105,Baby Formula,LOT-1218-B,CUST-TOK-50779,10,Loyalty-linked
105,Baby Formula,LOT-1218-B,CUST-TOK-25222,11,Loyalty-linked
105,Baby Formula,LOT-1218-B,ANONYMOUS,59,Anonymous (no loyalty link)
105,Hand Sanitizer,LOT-0013-A,CUST-TOK-62193,6,Loyalty-linked
105,Hand Sanitizer,LOT-0013-A,CUST-TOK-44493,7,Loyalty-linked
105,Hand Sanitizer,LOT-0013-A,CUST-TOK-75162,7,Loyalty-linked
105,Hand Sanitizer,LOT-0013-A,ANONYMOUS,39,Anonymous (no loyalty link)
105,Hand Sanitizer,LOT-0013-B,CUST-TOK-37647,16,Loyalty-linked
105,Hand Sanitizer,LOT-0013-B,CUST-TOK-84953,16,Loyalty-linked
105,Hand Sanitizer,LOT-0013-B,CUST-TOK-66134,16,Loyalty-linked
105,Hand Sanitizer,LOT-0013-B,ANONYMOUS,91,Anonymous (no loyalty link)
105,LPG Cylinder 20lb,LOT-7895-A,CUST-TOK-81556,20,Loyalty-linked
105,LPG Cylinder 20lb,LOT-7895-A,CUST-TOK-18190,20,Loyalty-linked
105,LPG Cylinder 20lb,LOT-7895-A,CUST-TOK-21309,20,Loyalty-linked
105,LPG Cylinder 20lb,LOT-7895-A,ANONYMOUS,113,Anonymous (no loyalty link)
105,LPG Cylinder 20lb,LOT-7895-B,CUST-TOK-00948,20,Loyalty-linked
105,LPG Cylinder 20lb,LOT-7895-B,CUST-TOK-30675,21,Loyalty-linked
105,LPG Cylinder 20lb,LOT-7895-B,CUST-TOK-82329,21,Loyalty-linked
105,LPG Cylinder 20lb,LOT-7895-B,ANONYMOUS,117,Anonymous (no loyalty link)
106,First Aid Kit,LOT-0027-A,CUST-TOK-59727,3,Loyalty-linked
106,First Aid Kit,LOT-0027-A,CUST-TOK-65327,3,Loyalty-linked
106,First Aid Kit,LOT-0027-A,CUST-TOK-95992,3,Loyalty-linked
106,First Aid Kit,LOT-0027-A,ANONYMOUS,18,Anonymous (no loyalty link)
106,First Aid Kit,LOT-0027-B,CUST-TOK-16305,2,Loyalty-linked
106,First Aid Kit,LOT-0027-B,CUST-TOK-55607,3,Loyalty-linked
106,First Aid Kit,LOT-0027-B,CUST-TOK-02600,3,Loyalty-linked
106,First Aid Kit,LOT-0027-B,ANONYMOUS,15,Anonymous (no loyalty link)
106,Peanut Butter,LOT-5162-A,CUST-TOK-47931,12,Loyalty-linked
106,Peanut Butter,LOT-5162-A,CUST-TOK-17326,13,Loyalty-linked
106,Peanut Butter,LOT-5162-A,CUST-TOK-52759,13,Loyalty-linked
106,Peanut Butter,LOT-5162-A,ANONYMOUS,71,Anonymous (no loyalty link)
106,Peanut Butter,LOT-5162-B,CUST-TOK-18506,18,Loyalty-linked
106,Peanut Butter,LOT-5162-B,CUST-TOK-80005,19,Loyalty-linked
106,Peanut Butter,LOT-5162-B,CUST-TOK-37179,19,Loyalty-linked
106,Peanut Butter,LOT-5162-B,ANONYMOUS,105,Anonymous (no loyalty link)
106,Granola Bars,LOT-5867-A,CUST-TOK-84334,4,Loyalty-linked
106,Granola Bars,LOT-5867-A,CUST-TOK-02945,4,Loyalty-linked
106,Granola Bars,LOT-5867-A,CUST-TOK-23767,5,Loyalty-linked
106,Granola Bars,LOT-5867-A,ANONYMOUS,26,Anonymous (no loyalty link)
106,Granola Bars,LOT-5867-B,CUST-TOK-28150,7,Loyalty-linked
106,Granola Bars,LOT-5867-B,CUST-TOK-86640,7,Loyalty-linked
106,Granola Bars,LOT-5867-B,CUST-TOK-52346,7,Loyalty-linked
106,Granola Bars,LOT-5867-B,ANONYMOUS,39,Anonymous (no loyalty link)
106,Canned Soup,LOT-2516-A,CUST-TOK-71027,5,Loyalty-linked
106,Canned Soup,LOT-2516-A,CUST-TOK-93485,5,Loyalty-linked
106,Canned Soup,LOT-2516-A,CUST-TOK-89961,5,Loyalty-linked
106,Canned Soup,LOT-2516-A,ANONYMOUS,29,Anonymous (no loyalty link)
106,Canned Soup,LOT-2516-B,CUST-TOK-40835,8,Loyalty-linked
106,Canned Soup,LOT-2516-B,CUST-TOK-46331,8,Loyalty-linked
106,Canned Soup,LOT-2516-B,CUST-TOK-47015,8,Loyalty-linked
106,Canned Soup,LOT-2516-B,ANONYMOUS,46,Anonymous (no loyalty link)
106,Bread,LOT-2104-A,CUST-TOK-18758,14,Loyalty-linked
106,Bread,LOT-2104-A,CUST-TOK-27508,14,Loyalty-linked
106,Bread,LOT-2104-A,CUST-TOK-35858,15,Loyalty-linked
106,Bread,LOT-2104-A,ANONYMOUS,82,Anonymous (no loyalty link)
106,Bread,LOT-2104-B,CUST-TOK-18544,17,Loyalty-linked
106,Bread,LOT-2104-B,CUST-TOK-71494,18,Loyalty-linked
106,Bread,LOT-2104-B,CUST-TOK-03245,18,Loyalty-linked
106,Bread,LOT-2104-B,ANONYMOUS,99,Anonymous (no loyalty link)
106,Baby Formula,LOT-1218-A,CUST-TOK-85982,7,Loyalty-linked
106,Baby Formula,LOT-1218-A,CUST-TOK-53146,7,Loyalty-linked
106,Baby Formula,LOT-1218-A,CUST-TOK-60396,8,Loyalty-linked
106,Baby Formula,LOT-1218-A,ANONYMOUS,43,Anonymous (no loyalty link)
106,Baby Formula,LOT-1218-B,CUST-TOK-23019,12,Loyalty-linked
106,Baby Formula,LOT-1218-B,CUST-TOK-72714,12,Loyalty-linked
106,Baby Formula,LOT-1218-B,CUST-TOK-77503,13,Loyalty-linked
106,Baby Formula,LOT-1218-B,ANONYMOUS,70,Anonymous (no loyalty link)
106,Hand Sanitizer,LOT-0013-A,CUST-TOK-36894,13,Loyalty-linked
106,Hand Sanitizer,LOT-0013-A,CUST-TOK-54600,14,Loyalty-linked
106,Hand Sanitizer,LOT-0013-A,CUST-TOK-77302,14,Loyalty-linked
106,Hand Sanitizer,LOT-0013-A,ANONYMOUS,77,Anonymous (no loyalty link)
106,Hand Sanitizer,LOT-0013-B,CUST-TOK-93658,10,Loyalty-linked
106,Hand Sanitizer,LOT-0013-B,CUST-TOK-26494,10,Loyalty-linked
106,Hand Sanitizer,LOT-0013-B,CUST-TOK-40971,10,Loyalty-linked
106,Hand Sanitizer,LOT-0013-B,ANONYMOUS,58,Anonymous (no loyalty link)
106,LPG Cylinder 20lb,LOT-7895-A,CUST-TOK-20719,9,Loyalty-linked
106,LPG Cylinder 20lb,LOT-7895-A,CUST-TOK-30409,10,Loyalty-linked
106,LPG Cylinder 20lb,LOT-7895-A,CUST-TOK-38338,10,Loyalty-linked
106,LPG Cylinder 20lb,LOT-7895-A,ANONYMOUS,54,Anonymous (no loyalty link)
106,LPG Cylinder 20lb,LOT-7895-B,CUST-TOK-70792,2,Loyalty-linked
106,LPG Cylinder 20lb,LOT-7895-B,CUST-TOK-56667,3,Loyalty-linked
106,LPG Cylinder 20lb,LOT-7895-B,CUST-TOK-11001,3,Loyalty-linked
106,LPG Cylinder 20lb,LOT-7895-B,ANONYMOUS,17,Anonymous (no loyalty link)
107,First Aid Kit,LOT-0027-A,CUST-TOK-93082,2,Loyalty-linked
107,First Aid Kit,LOT-0027-A,CUST-TOK-79534,2,Loyalty-linked
107,First Aid Kit,LOT-0027-A,CUST-TOK-55750,3,Loyalty-linked
107,First Aid Kit,LOT-0027-A,ANONYMOUS,15,Anonymous (no loyalty link)
107,First Aid Kit,LOT-0027-B,CUST-TOK-66479,22,Loyalty-linked
107,First Aid Kit,LOT-0027-B,CUST-TOK-11565,22,Loyalty-linked
107,First Aid Kit,LOT-0027-B,CUST-TOK-38666,22,Loyalty-linked
107,First Aid Kit,LOT-0027-B,ANONYMOUS,124,Anonymous (no loyalty link)
107,Peanut Butter,LOT-5162-A,CUST-TOK-82702,21,Loyalty-linked
107,Peanut Butter,LOT-5162-A,CUST-TOK-03016,21,Loyalty-linked
107,Peanut Butter,LOT-5162-A,CUST-TOK-55780,22,Loyalty-linked
107,Peanut Butter,LOT-5162-A,ANONYMOUS,121,Anonymous (no loyalty link)
107,Peanut Butter,LOT-5162-B,CUST-TOK-67785,2,Loyalty-linked
107,Peanut Butter,LOT-5162-B,CUST-TOK-03454,3,Loyalty-linked
107,Peanut Butter,LOT-5162-B,CUST-TOK-34400,3,Loyalty-linked
107,Peanut Butter,LOT-5162-B,ANONYMOUS,16,Anonymous (no loyalty link)
107,Granola Bars,LOT-5867-A,CUST-TOK-00870,22,Loyalty-linked
107,Granola Bars,LOT-5867-A,CUST-TOK-77921,22,Loyalty-linked
107,Granola Bars,LOT-5867-A,CUST-TOK-03256,22,Loyalty-linked
107,Granola Bars,LOT-5867-A,ANONYMOUS,125,Anonymous (no loyalty link)
107,Granola Bars,LOT-5867-B,CUST-TOK-30729,4,Loyalty-linked
107,Granola Bars,LOT-5867-B,CUST-TOK-91964,4,Loyalty-linked
107,Granola Bars,LOT-5867-B,CUST-TOK-14235,5,Loyalty-linked
107,Granola Bars,LOT-5867-B,ANONYMOUS,25,Anonymous (no loyalty link)
107,Canned Soup,LOT-2516-A,CUST-TOK-32229,6,Loyalty-linked
107,Canned Soup,LOT-2516-A,CUST-TOK-56227,6,Loyalty-linked
107,Canned Soup,LOT-2516-A,CUST-TOK-40552,6,Loyalty-linked
107,Canned Soup,LOT-2516-A,ANONYMOUS,36,Anonymous (no loyalty link)
107,Canned Soup,LOT-2516-B,CUST-TOK-25704,5,Loyalty-linked
107,Canned Soup,LOT-2516-B,CUST-TOK-53960,5,Loyalty-linked
107,Canned Soup,LOT-2516-B,CUST-TOK-30149,5,Loyalty-linked
107,Canned Soup,LOT-2516-B,ANONYMOUS,30,Anonymous (no loyalty link)
107,Bread,LOT-2104-A,CUST-TOK-39718,3,Loyalty-linked
107,Bread,LOT-2104-A,CUST-TOK-45324,3,Loyalty-linked
107,Bread,LOT-2104-A,CUST-TOK-17266,3,Loyalty-linked
107,Bread,LOT-2104-A,ANONYMOUS,18,Anonymous (no loyalty link)
107,Bread,LOT-2104-B,CUST-TOK-77529,7,Loyalty-linked
107,Bread,LOT-2104-B,CUST-TOK-53427,7,Loyalty-linked
107,Bread,LOT-2104-B,CUST-TOK-24244,8,Loyalty-linked
107,Bread,LOT-2104-B,ANONYMOUS,42,Anonymous (no loyalty link)
107,Baby Formula,LOT-1218-A,CUST-TOK-92100,6,Loyalty-linked
107,Baby Formula,LOT-1218-A,CUST-TOK-79225,6,Loyalty-linked
107,Baby Formula,LOT-1218-A,CUST-TOK-11375,7,Loyalty-linked
107,Baby Formula,LOT-1218-A,ANONYMOUS,36,Anonymous (no loyalty link)
107,Baby Formula,LOT-1218-B,CUST-TOK-21112,2,Loyalty-linked
107,Baby Formula,LOT-1218-B,CUST-TOK-75290,2,Loyalty-linked
107,Baby Formula,LOT-1218-B,CUST-TOK-03406,3,Loyalty-linked
107,Baby Formula,LOT-1218-B,ANONYMOUS,13,Anonymous (no loyalty link)
107,Hand Sanitizer,LOT-0013-A,CUST-TOK-41869,19,Loyalty-linked
107,Hand Sanitizer,LOT-0013-A,CUST-TOK-23456,20,Loyalty-linked
107,Hand Sanitizer,LOT-0013-A,CUST-TOK-76525,20,Loyalty-linked
107,Hand Sanitizer,LOT-0013-A,ANONYMOUS,110,Anonymous (no loyalty link)
107,Hand Sanitizer,LOT-0013-B,CUST-TOK-05739,6,Loyalty-linked
107,Hand Sanitizer,LOT-0013-B,CUST-TOK-40917,6,Loyalty-linked
107,Hand Sanitizer,LOT-0013-B,CUST-TOK-11944,6,Loyalty-linked
107,Hand Sanitizer,LOT-0013-B,ANONYMOUS,36,Anonymous (no loyalty link)
107,LPG Cylinder 20lb,LOT-7895-A,CUST-TOK-85549,11,Loyalty-linked
107,LPG Cylinder 20lb,LOT-7895-A,CUST-TOK-74920,11,Loyalty-linked
107,LPG Cylinder 20lb,LOT-7895-A,CUST-TOK-81272,11,Loyalty-linked
107,LPG Cylinder 20lb,LOT-7895-A,ANONYMOUS,62,Anonymous (no loyalty link)
107,LPG Cylinder 20lb,LOT-7895-B,CUST-TOK-56004,8,Loyalty-linked
107,LPG Cylinder 20lb,LOT-7895-B,CUST-TOK-95717,8,Loyalty-linked
107,LPG Cylinder 20lb,LOT-7895-B,CUST-TOK-02214,8,Loyalty-linked
107,LPG Cylinder 20lb,LOT-7895-B,ANONYMOUS,45,Anonymous (no loyalty link)
108,First Aid Kit,LOT-0027-A,CUST-TOK-90410,6,Loyalty-linked
108,First Aid Kit,LOT-0027-A,CUST-TOK-67025,7,Loyalty-linked
108,First Aid Kit,LOT-0027-A,CUST-TOK-26969,7,Loyalty-linked
108,First Aid Kit,LOT-0027-A,ANONYMOUS,38,Anonymous (no loyalty link)
108,First Aid Kit,LOT-0027-B,CUST-TOK-27072,22,Loyalty-linked
108,First Aid Kit,LOT-0027-B,CUST-TOK-21407,22,Loyalty-linked
108,First Aid Kit,LOT-0027-B,CUST-TOK-95105,22,Loyalty-linked
108,First Aid Kit,LOT-0027-B,ANONYMOUS,124,Anonymous (no loyalty link)
108,Peanut Butter,LOT-5162-A,CUST-TOK-42797,7,Loyalty-linked
108,Peanut Butter,LOT-5162-A,CUST-TOK-60266,7,Loyalty-linked
108,Peanut Butter,LOT-5162-A,CUST-TOK-19976,8,Loyalty-linked
108,Peanut Butter,LOT-5162-A,ANONYMOUS,43,Anonymous (no loyalty link)
108,Peanut Butter,LOT-5162-B,CUST-TOK-71945,7,Loyalty-linked
108,Peanut Butter,LOT-5162-B,CUST-TOK-64277,7,Loyalty-linked
108,Peanut Butter,LOT-5162-B,CUST-TOK-10844,8,Loyalty-linked
108,Peanut Butter,LOT-5162-B,ANONYMOUS,41,Anonymous (no loyalty link)
108,Granola Bars,LOT-5867-A,CUST-TOK-10864,2,Loyalty-linked
108,Granola Bars,LOT-5867-A,CUST-TOK-85801,3,Loyalty-linked
108,Granola Bars,LOT-5867-A,CUST-TOK-56685,3,Loyalty-linked
108,Granola Bars,LOT-5867-A,ANONYMOUS,15,Anonymous (no loyalty link)
108,Granola Bars,LOT-5867-B,CUST-TOK-53900,13,Loyalty-linked
108,Granola Bars,LOT-5867-B,CUST-TOK-82137,13,Loyalty-linked
108,Granola Bars,LOT-5867-B,CUST-TOK-60188,14,Loyalty-linked
108,Granola Bars,LOT-5867-B,ANONYMOUS,75,Anonymous (no loyalty link)
108,Canned Soup,LOT-2516-A,CUST-TOK-10874,5,Loyalty-linked
108,Canned Soup,LOT-2516-A,CUST-TOK-80974,5,Loyalty-linked
108,Canned Soup,LOT-2516-A,CUST-TOK-13987,6,Loyalty-linked
108,Canned Soup,LOT-2516-A,ANONYMOUS,31,Anonymous (no loyalty link)
108,Canned Soup,LOT-2516-B,CUST-TOK-88737,14,Loyalty-linked
108,Canned Soup,LOT-2516-B,CUST-TOK-18799,15,Loyalty-linked
108,Canned Soup,LOT-2516-B,CUST-TOK-54871,15,Loyalty-linked
108,Canned Soup,LOT-2516-B,ANONYMOUS,84,Anonymous (no loyalty link)
108,Bread,LOT-2104-A,CUST-TOK-27046,15,Loyalty-linked
108,Bread,LOT-2104-A,CUST-TOK-53118,15,Loyalty-linked
108,Bread,LOT-2104-A,CUST-TOK-48337,16,Loyalty-linked
108,Bread,LOT-2104-A,ANONYMOUS,86,Anonymous (no loyalty link)
108,Bread,LOT-2104-B,CUST-TOK-00990,22,Loyalty-linked
108,Bread,LOT-2104-B,CUST-TOK-63838,22,Loyalty-linked
108,Bread,LOT-2104-B,CUST-TOK-62895,22,Loyalty-linked
108,Bread,LOT-2104-B,ANONYMOUS,125,Anonymous (no loyalty link)
108,Baby Formula,LOT-1218-A,CUST-TOK-10576,9,Loyalty-linked
108,Baby Formula,LOT-1218-A,CUST-TOK-47902,9,Loyalty-linked
108,Baby Formula,LOT-1218-A,CUST-TOK-07553,10,Loyalty-linked
108,Baby Formula,LOT-1218-A,ANONYMOUS,52,Anonymous (no loyalty link)
108,Baby Formula,LOT-1218-B,CUST-TOK-42581,14,Loyalty-linked
108,Baby Formula,LOT-1218-B,CUST-TOK-63080,15,Loyalty-linked
108,Baby Formula,LOT-1218-B,CUST-TOK-38369,15,Loyalty-linked
108,Baby Formula,LOT-1218-B,ANONYMOUS,84,Anonymous (no loyalty link)
108,Hand Sanitizer,LOT-0013-A,CUST-TOK-19513,4,Loyalty-linked
108,Hand Sanitizer,LOT-0013-A,CUST-TOK-32165,4,Loyalty-linked
108,Hand Sanitizer,LOT-0013-A,CUST-TOK-63552,5,Loyalty-linked
108,Hand Sanitizer,LOT-0013-A,ANONYMOUS,26,Anonymous (no loyalty link)
108,Hand Sanitizer,LOT-0013-B,CUST-TOK-75147,7,Loyalty-linked
108,Hand Sanitizer,LOT-0013-B,CUST-TOK-25103,7,Loyalty-linked
108,Hand Sanitizer,LOT-0013-B,CUST-TOK-04751,7,Loyalty-linked
108,Hand Sanitizer,LOT-0013-B,ANONYMOUS,39,Anonymous (no loyalty link)
108,LPG Cylinder 20lb,LOT-7895-A,CUST-TOK-71030,13,Loyalty-linked
108,LPG Cylinder 20lb,LOT-7895-A,CUST-TOK-57481,13,Loyalty-linked
108,LPG Cylinder 20lb,LOT-7895-A,CUST-TOK-30475,13,Loyalty-linked
108,LPG Cylinder 20lb,LOT-7895-A,ANONYMOUS,73,Anonymous (no loyalty link)
108,LPG Cylinder 20lb,LOT-7895-B,CUST-TOK-56854,16,Loyalty-linked
108,LPG Cylinder 20lb,LOT-7895-B,CUST-TOK-64130,16,Loyalty-linked
108,LPG Cylinder 20lb,LOT-7895-B,CUST-TOK-37942,17,Loyalty-linked
108,LPG Cylinder 20lb,LOT-7895-B,ANONYMOUS,93,Anonymous (no loyalty link)
201,First Aid Kit,LOT-0027-A,CUST-TOK-35075,12,Loyalty-linked
201,First Aid Kit,LOT-0027-A,CUST-TOK-15124,12,Loyalty-linked
201,First Aid Kit,LOT-0027-A,CUST-TOK-32980,12,Loyalty-linked
201,First Aid Kit,LOT-0027-A,ANONYMOUS,68,Anonymous (no loyalty link)
201,First Aid Kit,LOT-0027-B,CUST-TOK-72013,6,Loyalty-linked
201,First Aid Kit,LOT-0027-B,CUST-TOK-49781,7,Loyalty-linked
201,First Aid Kit,LOT-0027-B,CUST-TOK-55736,7,Loyalty-linked
201,First Aid Kit,LOT-0027-B,ANONYMOUS,38,Anonymous (no loyalty link)
201,Peanut Butter,LOT-5162-A,CUST-TOK-45897,13,Loyalty-linked
201,Peanut Butter,LOT-5162-A,CUST-TOK-60928,13,Loyalty-linked
201,Peanut Butter,LOT-5162-A,CUST-TOK-45765,13,Loyalty-linked
201,Peanut Butter,LOT-5162-A,ANONYMOUS,73,Anonymous (no loyalty link)
201,Peanut Butter,LOT-5162-B,CUST-TOK-62711,8,Loyalty-linked
201,Peanut Butter,LOT-5162-B,CUST-TOK-16042,8,Loyalty-linked
201,Peanut Butter,LOT-5162-B,CUST-TOK-46798,9,Loyalty-linked
201,Peanut Butter,LOT-5162-B,ANONYMOUS,48,Anonymous (no loyalty link)
201,Granola Bars,LOT-5867-A,CUST-TOK-76206,5,Loyalty-linked
201,Granola Bars,LOT-5867-A,CUST-TOK-87776,6,Loyalty-linked
201,Granola Bars,LOT-5867-A,CUST-TOK-21532,6,Loyalty-linked
201,Granola Bars,LOT-5867-A,ANONYMOUS,34,Anonymous (no loyalty link)
201,Granola Bars,LOT-5867-B,CUST-TOK-35527,11,Loyalty-linked
201,Granola Bars,LOT-5867-B,CUST-TOK-55333,12,Loyalty-linked
201,Granola Bars,LOT-5867-B,CUST-TOK-68432,12,Loyalty-linked
201,Granola Bars,LOT-5867-B,ANONYMOUS,67,Anonymous (no loyalty link)
201,Canned Soup,LOT-2516-A,CUST-TOK-26122,15,Loyalty-linked
201,Canned Soup,LOT-2516-A,CUST-TOK-93336,15,Loyalty-linked
201,Canned Soup,LOT-2516-A,CUST-TOK-05469,16,Loyalty-linked
201,Canned Soup,LOT-2516-A,ANONYMOUS,87,Anonymous (no loyalty link)
201,Canned Soup,LOT-2516-B,CUST-TOK-45891,17,Loyalty-linked
201,Canned Soup,LOT-2516-B,CUST-TOK-86894,17,Loyalty-linked
201,Canned Soup,LOT-2516-B,CUST-TOK-08506,17,Loyalty-linked
201,Canned Soup,LOT-2516-B,ANONYMOUS,95,Anonymous (no loyalty link)
201,Bread,LOT-2104-A,CUST-TOK-49103,10,Loyalty-linked
201,Bread,LOT-2104-A,CUST-TOK-71172,11,Loyalty-linked
201,Bread,LOT-2104-A,CUST-TOK-10968,11,Loyalty-linked
201,Bread,LOT-2104-A,ANONYMOUS,60,Anonymous (no loyalty link)
201,Bread,LOT-2104-B,CUST-TOK-91868,20,Loyalty-linked
201,Bread,LOT-2104-B,CUST-TOK-53548,20,Loyalty-linked
201,Bread,LOT-2104-B,CUST-TOK-86118,20,Loyalty-linked
201,Bread,LOT-2104-B,ANONYMOUS,114,Anonymous (no loyalty link)
201,Baby Formula,LOT-1218-A,CUST-TOK-73102,4,Loyalty-linked
201,Baby Formula,LOT-1218-A,CUST-TOK-55253,4,Loyalty-linked
201,Baby Formula,LOT-1218-A,CUST-TOK-18523,5,Loyalty-linked
201,Baby Formula,LOT-1218-A,ANONYMOUS,26,Anonymous (no loyalty link)
201,Baby Formula,LOT-1218-B,CUST-TOK-86746,17,Loyalty-linked
201,Baby Formula,LOT-1218-B,CUST-TOK-04530,17,Loyalty-linked
201,Baby Formula,LOT-1218-B,CUST-TOK-74368,17,Loyalty-linked
201,Baby Formula,LOT-1218-B,ANONYMOUS,97,Anonymous (no loyalty link)
201,Hand Sanitizer,LOT-0013-A,CUST-TOK-71278,20,Loyalty-linked
201,Hand Sanitizer,LOT-0013-A,CUST-TOK-96180,20,Loyalty-linked
201,Hand Sanitizer,LOT-0013-A,CUST-TOK-66700,21,Loyalty-linked
201,Hand Sanitizer,LOT-0013-A,ANONYMOUS,114,Anonymous (no loyalty link)
201,Hand Sanitizer,LOT-0013-B,CUST-TOK-53352,11,Loyalty-linked
201,Hand Sanitizer,LOT-0013-B,CUST-TOK-59746,11,Loyalty-linked
201,Hand Sanitizer,LOT-0013-B,CUST-TOK-66330,11,Loyalty-linked
201,Hand Sanitizer,LOT-0013-B,ANONYMOUS,64,Anonymous (no loyalty link)
201,LPG Cylinder 20lb,LOT-7895-A,CUST-TOK-23972,22,Loyalty-linked
201,LPG Cylinder 20lb,LOT-7895-A,CUST-TOK-22135,22,Loyalty-linked
201,LPG Cylinder 20lb,LOT-7895-A,CUST-TOK-73564,22,Loyalty-linked
201,LPG Cylinder 20lb,LOT-7895-A,ANONYMOUS,124,Anonymous (no loyalty link)
201,LPG Cylinder 20lb,LOT-7895-B,CUST-TOK-18410,22,Loyalty-linked
201,LPG Cylinder 20lb,LOT-7895-B,CUST-TOK-26087,22,Loyalty-linked
201,LPG Cylinder 20lb,LOT-7895-B,CUST-TOK-31770,23,Loyalty-linked
201,LPG Cylinder 20lb,LOT-7895-B,ANONYMOUS,127,Anonymous (no loyalty link)
202,First Aid Kit,LOT-0027-A,CUST-TOK-50345,3,Loyalty-linked
202,First Aid Kit,LOT-0027-A,CUST-TOK-98439,4,Loyalty-linked
202,First Aid Kit,LOT-0027-A,CUST-TOK-07891,4,Loyalty-linked
202,First Aid Kit,LOT-0027-A,ANONYMOUS,21,Anonymous (no loyalty link)
202,First Aid Kit,LOT-0027-B,CUST-TOK-36323,6,Loyalty-linked
202,First Aid Kit,LOT-0027-B,CUST-TOK-51427,6,Loyalty-linked
202,First Aid Kit,LOT-0027-B,CUST-TOK-90370,6,Loyalty-linked
202,First Aid Kit,LOT-0027-B,ANONYMOUS,36,Anonymous (no loyalty link)
202,Peanut Butter,LOT-5162-A,CUST-TOK-17089,17,Loyalty-linked
202,Peanut Butter,LOT-5162-A,CUST-TOK-24445,18,Loyalty-linked
202,Peanut Butter,LOT-5162-A,CUST-TOK-46049,18,Loyalty-linked
202,Peanut Butter,LOT-5162-A,ANONYMOUS,101,Anonymous (no loyalty link)
202,Peanut Butter,LOT-5162-B,CUST-TOK-00295,9,Loyalty-linked
202,Peanut Butter,LOT-5162-B,CUST-TOK-33955,9,Loyalty-linked
202,Peanut Butter,LOT-5162-B,CUST-TOK-70395,10,Loyalty-linked
202,Peanut Butter,LOT-5162-B,ANONYMOUS,54,Anonymous (no loyalty link)
202,Granola Bars,LOT-5867-A,CUST-TOK-01369,5,Loyalty-linked
202,Granola Bars,LOT-5867-A,CUST-TOK-08781,5,Loyalty-linked
202,Granola Bars,LOT-5867-A,CUST-TOK-93505,6,Loyalty-linked
202,Granola Bars,LOT-5867-A,ANONYMOUS,31,Anonymous (no loyalty link)
202,Granola Bars,LOT-5867-B,CUST-TOK-14905,4,Loyalty-linked
202,Granola Bars,LOT-5867-B,CUST-TOK-87087,5,Loyalty-linked
202,Granola Bars,LOT-5867-B,CUST-TOK-58853,5,Loyalty-linked
202,Granola Bars,LOT-5867-B,ANONYMOUS,26,Anonymous (no loyalty link)
202,Canned Soup,LOT-2516-A,CUST-TOK-47568,15,Loyalty-linked
202,Canned Soup,LOT-2516-A,CUST-TOK-66381,16,Loyalty-linked
202,Canned Soup,LOT-2516-A,CUST-TOK-30278,16,Loyalty-linked
202,Canned Soup,LOT-2516-A,ANONYMOUS,88,Anonymous (no loyalty link)
202,Canned Soup,LOT-2516-B,CUST-TOK-20777,10,Loyalty-linked
202,Canned Soup,LOT-2516-B,CUST-TOK-50431,11,Loyalty-linked
202,Canned Soup,LOT-2516-B,CUST-TOK-64986,11,Loyalty-linked
202,Canned Soup,LOT-2516-B,ANONYMOUS,60,Anonymous (no loyalty link)
202,Bread,LOT-2104-A,CUST-TOK-46375,20,Loyalty-linked
202,Bread,LOT-2104-A,CUST-TOK-91239,20,Loyalty-linked
202,Bread,LOT-2104-A,CUST-TOK-89156,21,Loyalty-linked
202,Bread,LOT-2104-A,ANONYMOUS,116,Anonymous (no loyalty link)
202,Bread,LOT-2104-B,CUST-TOK-92131,6,Loyalty-linked
202,Bread,LOT-2104-B,CUST-TOK-30475,7,Loyalty-linked
202,Bread,LOT-2104-B,CUST-TOK-83839,7,Loyalty-linked
202,Bread,LOT-2104-B,ANONYMOUS,38,Anonymous (no loyalty link)
202,Baby Formula,LOT-1218-A,CUST-TOK-47119,4,Loyalty-linked
202,Baby Formula,LOT-1218-A,CUST-TOK-65315,4,Loyalty-linked
202,Baby Formula,LOT-1218-A,CUST-TOK-95661,5,Loyalty-linked
202,Baby Formula,LOT-1218-A,ANONYMOUS,26,Anonymous (no loyalty link)
202,Baby Formula,LOT-1218-B,CUST-TOK-72049,21,Loyalty-linked
202,Baby Formula,LOT-1218-B,CUST-TOK-31630,21,Loyalty-linked
202,Baby Formula,LOT-1218-B,CUST-TOK-29581,21,Loyalty-linked
202,Baby Formula,LOT-1218-B,ANONYMOUS,118,Anonymous (no loyalty link)
202,Hand Sanitizer,LOT-0013-A,CUST-TOK-79536,5,Loyalty-linked
202,Hand Sanitizer,LOT-0013-A,CUST-TOK-01877,6,Loyalty-linked
202,Hand Sanitizer,LOT-0013-A,CUST-TOK-29096,6,Loyalty-linked
202,Hand Sanitizer,LOT-0013-A,ANONYMOUS,33,Anonymous (no loyalty link)
202,Hand Sanitizer,LOT-0013-B,CUST-TOK-77999,8,Loyalty-linked
202,Hand Sanitizer,LOT-0013-B,CUST-TOK-91180,8,Loyalty-linked
202,Hand Sanitizer,LOT-0013-B,CUST-TOK-29336,8,Loyalty-linked
202,Hand Sanitizer,LOT-0013-B,ANONYMOUS,47,Anonymous (no loyalty link)
202,LPG Cylinder 20lb,LOT-7895-A,CUST-TOK-37117,2,Loyalty-linked
202,LPG Cylinder 20lb,LOT-7895-A,CUST-TOK-00441,3,Loyalty-linked
202,LPG Cylinder 20lb,LOT-7895-A,CUST-TOK-49350,3,Loyalty-linked
202,LPG Cylinder 20lb,LOT-7895-A,ANONYMOUS,15,Anonymous (no loyalty link)
202,LPG Cylinder 20lb,LOT-7895-B,CUST-TOK-31420,9,Loyalty-linked
202,LPG Cylinder 20lb,LOT-7895-B,CUST-TOK-58031,10,Loyalty-linked
202,LPG Cylinder 20lb,LOT-7895-B,CUST-TOK-52492,10,Loyalty-linked
202,LPG Cylinder 20lb,LOT-7895-B,ANONYMOUS,55,Anonymous (no loyalty link)
203,First Aid Kit,LOT-0027-A,CUST-TOK-28804,5,Loyalty-linked
203,First Aid Kit,LOT-0027-A,CUST-TOK-68988,5,Loyalty-linked
203,First Aid Kit,LOT-0027-A,CUST-TOK-04074,5,Loyalty-linked
203,First Aid Kit,LOT-0027-A,ANONYMOUS,30,Anonymous (no loyalty link)
203,First Aid Kit,LOT-0027-B,CUST-TOK-10376,14,Loyalty-linked
203,First Aid Kit,LOT-0027-B,CUST-TOK-65966,15,Loyalty-linked
203,First Aid Kit,LOT-0027-B,CUST-TOK-39354,15,Loyalty-linked
203,First Aid Kit,LOT-0027-B,ANONYMOUS,83,Anonymous (no loyalty link)
203,Peanut Butter,LOT-5162-A,CUST-TOK-56845,20,Loyalty-linked
203,Peanut Butter,LOT-5162-A,CUST-TOK-94431,20,Loyalty-linked
203,Peanut Butter,LOT-5162-A,CUST-TOK-52815,20,Loyalty-linked
203,Peanut Butter,LOT-5162-A,ANONYMOUS,114,Anonymous (no loyalty link)
203,Peanut Butter,LOT-5162-B,CUST-TOK-21221,7,Loyalty-linked
203,Peanut Butter,LOT-5162-B,CUST-TOK-10066,7,Loyalty-linked
203,Peanut Butter,LOT-5162-B,CUST-TOK-57140,7,Loyalty-linked
203,Peanut Butter,LOT-5162-B,ANONYMOUS,41,Anonymous (no loyalty link)
203,Granola Bars,LOT-5867-A,CUST-TOK-27886,5,Loyalty-linked
203,Granola Bars,LOT-5867-A,CUST-TOK-04976,5,Loyalty-linked
203,Granola Bars,LOT-5867-A,CUST-TOK-55048,6,Loyalty-linked
203,Granola Bars,LOT-5867-A,ANONYMOUS,32,Anonymous (no loyalty link)
203,Granola Bars,LOT-5867-B,CUST-TOK-84865,11,Loyalty-linked
203,Granola Bars,LOT-5867-B,CUST-TOK-02983,12,Loyalty-linked
203,Granola Bars,LOT-5867-B,CUST-TOK-65616,12,Loyalty-linked
203,Granola Bars,LOT-5867-B,ANONYMOUS,65,Anonymous (no loyalty link)
203,Canned Soup,LOT-2516-A,CUST-TOK-01501,11,Loyalty-linked
203,Canned Soup,LOT-2516-A,CUST-TOK-36476,11,Loyalty-linked
203,Canned Soup,LOT-2516-A,CUST-TOK-59123,11,Loyalty-linked
203,Canned Soup,LOT-2516-A,ANONYMOUS,63,Anonymous (no loyalty link)
203,Canned Soup,LOT-2516-B,CUST-TOK-14307,15,Loyalty-linked
203,Canned Soup,LOT-2516-B,CUST-TOK-75394,15,Loyalty-linked
203,Canned Soup,LOT-2516-B,CUST-TOK-49331,15,Loyalty-linked
203,Canned Soup,LOT-2516-B,ANONYMOUS,84,Anonymous (no loyalty link)
203,Bread,LOT-2104-A,CUST-TOK-46819,11,Loyalty-linked
203,Bread,LOT-2104-A,CUST-TOK-10011,12,Loyalty-linked
203,Bread,LOT-2104-A,CUST-TOK-50773,12,Loyalty-linked
203,Bread,LOT-2104-A,ANONYMOUS,65,Anonymous (no loyalty link)
203,Bread,LOT-2104-B,CUST-TOK-13491,14,Loyalty-linked
203,Bread,LOT-2104-B,CUST-TOK-37090,15,Loyalty-linked
203,Bread,LOT-2104-B,CUST-TOK-29601,15,Loyalty-linked
203,Bread,LOT-2104-B,ANONYMOUS,83,Anonymous (no loyalty link)
203,Baby Formula,LOT-1218-A,CUST-TOK-70195,2,Loyalty-linked
203,Baby Formula,LOT-1218-A,CUST-TOK-77241,2,Loyalty-linked
203,Baby Formula,LOT-1218-A,CUST-TOK-03829,3,Loyalty-linked
203,Baby Formula,LOT-1218-A,ANONYMOUS,13,Anonymous (no loyalty link)
203,Baby Formula,LOT-1218-B,CUST-TOK-51617,3,Loyalty-linked
203,Baby Formula,LOT-1218-B,CUST-TOK-52889,3,Loyalty-linked
203,Baby Formula,LOT-1218-B,CUST-TOK-71674,3,Loyalty-linked
203,Baby Formula,LOT-1218-B,ANONYMOUS,18,Anonymous (no loyalty link)
203,Hand Sanitizer,LOT-0013-A,CUST-TOK-61166,7,Loyalty-linked
203,Hand Sanitizer,LOT-0013-A,CUST-TOK-05597,8,Loyalty-linked
203,Hand Sanitizer,LOT-0013-A,CUST-TOK-83852,8,Loyalty-linked
203,Hand Sanitizer,LOT-0013-A,ANONYMOUS,44,Anonymous (no loyalty link)
203,Hand Sanitizer,LOT-0013-B,CUST-TOK-90729,5,Loyalty-linked
203,Hand Sanitizer,LOT-0013-B,CUST-TOK-23386,5,Loyalty-linked
203,Hand Sanitizer,LOT-0013-B,CUST-TOK-87036,6,Loyalty-linked
203,Hand Sanitizer,LOT-0013-B,ANONYMOUS,31,Anonymous (no loyalty link)
203,LPG Cylinder 20lb,LOT-7895-A,CUST-TOK-76944,16,Loyalty-linked
203,LPG Cylinder 20lb,LOT-7895-A,CUST-TOK-06120,16,Loyalty-linked
203,LPG Cylinder 20lb,LOT-7895-A,CUST-TOK-95680,16,Loyalty-linked
203,LPG Cylinder 20lb,LOT-7895-A,ANONYMOUS,90,Anonymous (no loyalty link)
203,LPG Cylinder 20lb,LOT-7895-B,CUST-TOK-22425,20,Loyalty-linked
203,LPG Cylinder 20lb,LOT-7895-B,CUST-TOK-88559,20,Loyalty-linked
203,LPG Cylinder 20lb,LOT-7895-B,CUST-TOK-55705,21,Loyalty-linked
203,LPG Cylinder 20lb,LOT-7895-B,ANONYMOUS,114,Anonymous (no loyalty link)
204,First Aid Kit,LOT-0027-A,CUST-TOK-50690,4,Loyalty-linked
204,First Aid Kit,LOT-0027-A,CUST-TOK-61278,4,Loyalty-linked
204,First Aid Kit,LOT-0027-A,CUST-TOK-07851,4,Loyalty-linked
204,First Aid Kit,LOT-0027-A,ANONYMOUS,25,Anonymous (no loyalty link)
204,First Aid Kit,LOT-0027-B,CUST-TOK-49265,20,Loyalty-linked
204,First Aid Kit,LOT-0027-B,CUST-TOK-24993,20,Loyalty-linked
204,First Aid Kit,LOT-0027-B,CUST-TOK-90856,20,Loyalty-linked
204,First Aid Kit,LOT-0027-B,ANONYMOUS,114,Anonymous (no loyalty link)
204,Peanut Butter,LOT-5162-A,CUST-TOK-00156,9,Loyalty-linked
204,Peanut Butter,LOT-5162-A,CUST-TOK-59362,10,Loyalty-linked
204,Peanut Butter,LOT-5162-A,CUST-TOK-26230,10,Loyalty-linked
204,Peanut Butter,LOT-5162-A,ANONYMOUS,54,Anonymous (no loyalty link)
204,Peanut Butter,LOT-5162-B,CUST-TOK-39218,16,Loyalty-linked
204,Peanut Butter,LOT-5162-B,CUST-TOK-14486,16,Loyalty-linked
204,Peanut Butter,LOT-5162-B,CUST-TOK-73979,16,Loyalty-linked
204,Peanut Butter,LOT-5162-B,ANONYMOUS,91,Anonymous (no loyalty link)
204,Granola Bars,LOT-5867-A,CUST-TOK-99091,10,Loyalty-linked
204,Granola Bars,LOT-5867-A,CUST-TOK-93591,10,Loyalty-linked
204,Granola Bars,LOT-5867-A,CUST-TOK-72488,10,Loyalty-linked
204,Granola Bars,LOT-5867-A,ANONYMOUS,56,Anonymous (no loyalty link)
204,Granola Bars,LOT-5867-B,CUST-TOK-21803,9,Loyalty-linked
204,Granola Bars,LOT-5867-B,CUST-TOK-22061,9,Loyalty-linked
204,Granola Bars,LOT-5867-B,CUST-TOK-85692,9,Loyalty-linked
204,Granola Bars,LOT-5867-B,ANONYMOUS,52,Anonymous (no loyalty link)
204,Canned Soup,LOT-2516-A,CUST-TOK-41698,7,Loyalty-linked
204,Canned Soup,LOT-2516-A,CUST-TOK-05367,7,Loyalty-linked
204,Canned Soup,LOT-2516-A,CUST-TOK-50984,7,Loyalty-linked
204,Canned Soup,LOT-2516-A,ANONYMOUS,41,Anonymous (no loyalty link)
204,Canned Soup,LOT-2516-B,CUST-TOK-69038,11,Loyalty-linked
204,Canned Soup,LOT-2516-B,CUST-TOK-57233,11,Loyalty-linked
204,Canned Soup,LOT-2516-B,CUST-TOK-87093,11,Loyalty-linked
204,Canned Soup,LOT-2516-B,ANONYMOUS,63,Anonymous (no loyalty link)
204,Bread,LOT-2104-A,CUST-TOK-39918,15,Loyalty-linked
204,Bread,LOT-2104-A,CUST-TOK-49631,15,Loyalty-linked
204,Bread,LOT-2104-A,CUST-TOK-86298,15,Loyalty-linked
204,Bread,LOT-2104-A,ANONYMOUS,86,Anonymous (no loyalty link)
204,Bread,LOT-2104-B,CUST-TOK-24611,19,Loyalty-linked
204,Bread,LOT-2104-B,CUST-TOK-74064,20,Loyalty-linked
204,Bread,LOT-2104-B,CUST-TOK-03756,20,Loyalty-linked
204,Bread,LOT-2104-B,ANONYMOUS,111,Anonymous (no loyalty link)
204,Baby Formula,LOT-1218-A,CUST-TOK-66799,8,Loyalty-linked
204,Baby Formula,LOT-1218-A,CUST-TOK-88291,8,Loyalty-linked
204,Baby Formula,LOT-1218-A,CUST-TOK-44010,8,Loyalty-linked
204,Baby Formula,LOT-1218-A,ANONYMOUS,45,Anonymous (no loyalty link)
204,Baby Formula,LOT-1218-B,CUST-TOK-12709,6,Loyalty-linked
204,Baby Formula,LOT-1218-B,CUST-TOK-90142,7,Loyalty-linked
204,Baby Formula,LOT-1218-B,CUST-TOK-99877,7,Loyalty-linked
204,Baby Formula,LOT-1218-B,ANONYMOUS,39,Anonymous (no loyalty link)
204,Hand Sanitizer,LOT-0013-A,CUST-TOK-01111,16,Loyalty-linked
204,Hand Sanitizer,LOT-0013-A,CUST-TOK-97860,16,Loyalty-linked
204,Hand Sanitizer,LOT-0013-A,CUST-TOK-59777,16,Loyalty-linked
204,Hand Sanitizer,LOT-0013-A,ANONYMOUS,91,Anonymous (no loyalty link)
204,Hand Sanitizer,LOT-0013-B,CUST-TOK-73927,20,Loyalty-linked
204,Hand Sanitizer,LOT-0013-B,CUST-TOK-39654,20,Loyalty-linked
204,Hand Sanitizer,LOT-0013-B,CUST-TOK-53371,21,Loyalty-linked
204,Hand Sanitizer,LOT-0013-B,ANONYMOUS,114,Anonymous (no loyalty link)
204,LPG Cylinder 20lb,LOT-7895-A,CUST-TOK-02891,16,Loyalty-linked
204,LPG Cylinder 20lb,LOT-7895-A,CUST-TOK-92210,17,Loyalty-linked
204,LPG Cylinder 20lb,LOT-7895-A,CUST-TOK-91990,17,Loyalty-linked
204,LPG Cylinder 20lb,LOT-7895-A,ANONYMOUS,93,Anonymous (no loyalty link)
204,LPG Cylinder 20lb,LOT-7895-B,CUST-TOK-63109,15,Loyalty-linked
204,LPG Cylinder 20lb,LOT-7895-B,CUST-TOK-74722,15,Loyalty-linked
204,LPG Cylinder 20lb,LOT-7895-B,CUST-TOK-67980,16,Loyalty-linked
204,LPG Cylinder 20lb,LOT-7895-B,ANONYMOUS,87,Anonymous (no loyalty link)
205,First Aid Kit,LOT-0027-A,CUST-TOK-31131,20,Loyalty-linked
205,First Aid Kit,LOT-0027-A,CUST-TOK-94578,20,Loyalty-linked
205,First Aid Kit,LOT-0027-A,CUST-TOK-62943,21,Loyalty-linked
205,First Aid Kit,LOT-0027-A,ANONYMOUS,116,Anonymous (no loyalty link)
205,First Aid Kit,LOT-0027-B,CUST-TOK-69758,21,Loyalty-linked
205,First Aid Kit,LOT-0027-B,CUST-TOK-73630,21,Loyalty-linked
205,First Aid Kit,LOT-0027-B,CUST-TOK-01000,21,Loyalty-linked
205,First Aid Kit,LOT-0027-B,ANONYMOUS,119,Anonymous (no loyalty link)
205,Peanut Butter,LOT-5162-A,CUST-TOK-78286,10,Loyalty-linked
205,Peanut Butter,LOT-5162-A,CUST-TOK-14083,10,Loyalty-linked
205,Peanut Butter,LOT-5162-A,CUST-TOK-12914,10,Loyalty-linked
205,Peanut Butter,LOT-5162-A,ANONYMOUS,58,Anonymous (no loyalty link)
205,Peanut Butter,LOT-5162-B,CUST-TOK-61030,21,Loyalty-linked
205,Peanut Butter,LOT-5162-B,CUST-TOK-10787,21,Loyalty-linked
205,Peanut Butter,LOT-5162-B,CUST-TOK-37910,22,Loyalty-linked
205,Peanut Butter,LOT-5162-B,ANONYMOUS,120,Anonymous (no loyalty link)
205,Granola Bars,LOT-5867-A,CUST-TOK-91029,6,Loyalty-linked
205,Granola Bars,LOT-5867-A,CUST-TOK-20851,7,Loyalty-linked
205,Granola Bars,LOT-5867-A,CUST-TOK-38443,7,Loyalty-linked
205,Granola Bars,LOT-5867-A,ANONYMOUS,38,Anonymous (no loyalty link)
205,Granola Bars,LOT-5867-B,CUST-TOK-44187,22,Loyalty-linked
205,Granola Bars,LOT-5867-B,CUST-TOK-10386,23,Loyalty-linked
205,Granola Bars,LOT-5867-B,CUST-TOK-75181,23,Loyalty-linked
205,Granola Bars,LOT-5867-B,ANONYMOUS,128,Anonymous (no loyalty link)
205,Canned Soup,LOT-2516-A,CUST-TOK-57695,7,Loyalty-linked
205,Canned Soup,LOT-2516-A,CUST-TOK-22391,8,Loyalty-linked
205,Canned Soup,LOT-2516-A,CUST-TOK-25748,8,Loyalty-linked
205,Canned Soup,LOT-2516-A,ANONYMOUS,45,Anonymous (no loyalty link)
205,Canned Soup,LOT-2516-B,CUST-TOK-80012,7,Loyalty-linked
205,Canned Soup,LOT-2516-B,CUST-TOK-43729,7,Loyalty-linked
205,Canned Soup,LOT-2516-B,CUST-TOK-16695,8,Loyalty-linked
205,Canned Soup,LOT-2516-B,ANONYMOUS,42,Anonymous (no loyalty link)
205,Bread,LOT-2104-A,CUST-TOK-07381,5,Loyalty-linked
205,Bread,LOT-2104-A,CUST-TOK-23471,6,Loyalty-linked
205,Bread,LOT-2104-A,CUST-TOK-16744,6,Loyalty-linked
205,Bread,LOT-2104-A,ANONYMOUS,32,Anonymous (no loyalty link)
205,Bread,LOT-2104-B,CUST-TOK-90921,2,Loyalty-linked
205,Bread,LOT-2104-B,CUST-TOK-31304,3,Loyalty-linked
205,Bread,LOT-2104-B,CUST-TOK-08651,3,Loyalty-linked
205,Bread,LOT-2104-B,ANONYMOUS,17,Anonymous (no loyalty link)
205,Baby Formula,LOT-1218-A,CUST-TOK-82804,2,Loyalty-linked
205,Baby Formula,LOT-1218-A,CUST-TOK-75641,2,Loyalty-linked
205,Baby Formula,LOT-1218-A,CUST-TOK-58196,3,Loyalty-linked
205,Baby Formula,LOT-1218-A,ANONYMOUS,15,Anonymous (no loyalty link)
205,Baby Formula,LOT-1218-B,CUST-TOK-67262,12,Loyalty-linked
205,Baby Formula,LOT-1218-B,CUST-TOK-81091,12,Loyalty-linked
205,Baby Formula,LOT-1218-B,CUST-TOK-19452,12,Loyalty-linked
205,Baby Formula,LOT-1218-B,ANONYMOUS,68,Anonymous (no loyalty link)
205,Hand Sanitizer,LOT-0013-A,CUST-TOK-81283,17,Loyalty-linked
205,Hand Sanitizer,LOT-0013-A,CUST-TOK-89458,17,Loyalty-linked
205,Hand Sanitizer,LOT-0013-A,CUST-TOK-35256,17,Loyalty-linked
205,Hand Sanitizer,LOT-0013-A,ANONYMOUS,95,Anonymous (no loyalty link)
205,Hand Sanitizer,LOT-0013-B,CUST-TOK-64711,17,Loyalty-linked
205,Hand Sanitizer,LOT-0013-B,CUST-TOK-00493,17,Loyalty-linked
205,Hand Sanitizer,LOT-0013-B,CUST-TOK-67647,17,Loyalty-linked
205,Hand Sanitizer,LOT-0013-B,ANONYMOUS,97,Anonymous (no loyalty link)
205,LPG Cylinder 20lb,LOT-7895-A,CUST-TOK-73046,19,Loyalty-linked
205,LPG Cylinder 20lb,LOT-7895-A,CUST-TOK-80786,20,Loyalty-linked
205,LPG Cylinder 20lb,LOT-7895-A,CUST-TOK-30747,20,Loyalty-linked
205,LPG Cylinder 20lb,LOT-7895-A,ANONYMOUS,112,Anonymous (no loyalty link)
205,LPG Cylinder 20lb,LOT-7895-B,CUST-TOK-42406,21,Loyalty-linked
205,LPG Cylinder 20lb,LOT-7895-B,CUST-TOK-67130,22,Loyalty-linked
205,LPG Cylinder 20lb,LOT-7895-B,CUST-TOK-00765,22,Loyalty-linked
205,LPG Cylinder 20lb,LOT-7895-B,ANONYMOUS,122,Anonymous (no loyalty link)
206,First Aid Kit,LOT-0027-A,CUST-TOK-76555,2,Loyalty-linked
206,First Aid Kit,LOT-0027-A,CUST-TOK-84556,3,Loyalty-linked
206,First Aid Kit,LOT-0027-A,CUST-TOK-82849,3,Loyalty-linked
206,First Aid Kit,LOT-0027-A,ANONYMOUS,16,Anonymous (no loyalty link)
206,First Aid Kit,LOT-0027-B,CUST-TOK-57041,7,Loyalty-linked
206,First Aid Kit,LOT-0027-B,CUST-TOK-23176,8,Loyalty-linked
206,First Aid Kit,LOT-0027-B,CUST-TOK-51290,8,Loyalty-linked
206,First Aid Kit,LOT-0027-B,ANONYMOUS,43,Anonymous (no loyalty link)
206,Peanut Butter,LOT-5162-A,CUST-TOK-34653,7,Loyalty-linked
206,Peanut Butter,LOT-5162-A,CUST-TOK-03443,7,Loyalty-linked
206,Peanut Butter,LOT-5162-A,CUST-TOK-42210,8,Loyalty-linked
206,Peanut Butter,LOT-5162-A,ANONYMOUS,43,Anonymous (no loyalty link)
206,Peanut Butter,LOT-5162-B,CUST-TOK-87831,3,Loyalty-linked
206,Peanut Butter,LOT-5162-B,CUST-TOK-36674,3,Loyalty-linked
206,Peanut Butter,LOT-5162-B,CUST-TOK-28250,4,Loyalty-linked
206,Peanut Butter,LOT-5162-B,ANONYMOUS,21,Anonymous (no loyalty link)
206,Granola Bars,LOT-5867-A,CUST-TOK-38876,22,Loyalty-linked
206,Granola Bars,LOT-5867-A,CUST-TOK-03037,23,Loyalty-linked
206,Granola Bars,LOT-5867-A,CUST-TOK-10763,23,Loyalty-linked
206,Granola Bars,LOT-5867-A,ANONYMOUS,129,Anonymous (no loyalty link)
206,Granola Bars,LOT-5867-B,CUST-TOK-01703,15,Loyalty-linked
206,Granola Bars,LOT-5867-B,CUST-TOK-32932,15,Loyalty-linked
206,Granola Bars,LOT-5867-B,CUST-TOK-87482,16,Loyalty-linked
206,Granola Bars,LOT-5867-B,ANONYMOUS,88,Anonymous (no loyalty link)
206,Canned Soup,LOT-2516-A,CUST-TOK-38756,19,Loyalty-linked
206,Canned Soup,LOT-2516-A,CUST-TOK-75100,19,Loyalty-linked
206,Canned Soup,LOT-2516-A,CUST-TOK-46825,19,Loyalty-linked
206,Canned Soup,LOT-2516-A,ANONYMOUS,106,Anonymous (no loyalty link)
206,Canned Soup,LOT-2516-B,CUST-TOK-66162,21,Loyalty-linked
206,Canned Soup,LOT-2516-B,CUST-TOK-34446,22,Loyalty-linked
206,Canned Soup,LOT-2516-B,CUST-TOK-31103,22,Loyalty-linked
206,Canned Soup,LOT-2516-B,ANONYMOUS,122,Anonymous (no loyalty link)
206,Bread,LOT-2104-A,CUST-TOK-94683,7,Loyalty-linked
206,Bread,LOT-2104-A,CUST-TOK-51142,8,Loyalty-linked
206,Bread,LOT-2104-A,CUST-TOK-98822,8,Loyalty-linked
206,Bread,LOT-2104-A,ANONYMOUS,43,Anonymous (no loyalty link)
206,Bread,LOT-2104-B,CUST-TOK-59869,23,Loyalty-linked
206,Bread,LOT-2104-B,CUST-TOK-30152,23,Loyalty-linked
206,Bread,LOT-2104-B,CUST-TOK-87537,23,Loyalty-linked
206,Bread,LOT-2104-B,ANONYMOUS,129,Anonymous (no loyalty link)
206,Baby Formula,LOT-1218-A,CUST-TOK-60272,15,Loyalty-linked
206,Baby Formula,LOT-1218-A,CUST-TOK-46044,15,Loyalty-linked
206,Baby Formula,LOT-1218-A,CUST-TOK-90492,15,Loyalty-linked
206,Baby Formula,LOT-1218-A,ANONYMOUS,86,Anonymous (no loyalty link)
206,Baby Formula,LOT-1218-B,CUST-TOK-37370,8,Loyalty-linked
206,Baby Formula,LOT-1218-B,CUST-TOK-73819,8,Loyalty-linked
206,Baby Formula,LOT-1218-B,CUST-TOK-91059,9,Loyalty-linked
206,Baby Formula,LOT-1218-B,ANONYMOUS,48,Anonymous (no loyalty link)
206,Hand Sanitizer,LOT-0013-A,CUST-TOK-44974,9,Loyalty-linked
206,Hand Sanitizer,LOT-0013-A,CUST-TOK-44867,10,Loyalty-linked
206,Hand Sanitizer,LOT-0013-A,CUST-TOK-55106,10,Loyalty-linked
206,Hand Sanitizer,LOT-0013-A,ANONYMOUS,55,Anonymous (no loyalty link)
206,Hand Sanitizer,LOT-0013-B,CUST-TOK-18827,13,Loyalty-linked
206,Hand Sanitizer,LOT-0013-B,CUST-TOK-21674,13,Loyalty-linked
206,Hand Sanitizer,LOT-0013-B,CUST-TOK-58231,14,Loyalty-linked
206,Hand Sanitizer,LOT-0013-B,ANONYMOUS,76,Anonymous (no loyalty link)
206,LPG Cylinder 20lb,LOT-7895-A,CUST-TOK-10746,21,Loyalty-linked
206,LPG Cylinder 20lb,LOT-7895-A,CUST-TOK-61134,21,Loyalty-linked
206,LPG Cylinder 20lb,LOT-7895-A,CUST-TOK-47134,22,Loyalty-linked
206,LPG Cylinder 20lb,LOT-7895-A,ANONYMOUS,121,Anonymous (no loyalty link)
206,LPG Cylinder 20lb,LOT-7895-B,CUST-TOK-91572,22,Loyalty-linked
206,LPG Cylinder 20lb,LOT-7895-B,CUST-TOK-38592,23,Loyalty-linked
206,LPG Cylinder 20lb,LOT-7895-B,CUST-TOK-14346,23,Loyalty-linked
206,LPG Cylinder 20lb,LOT-7895-B,ANONYMOUS,127,Anonymous (no loyalty link)
207,First Aid Kit,LOT-0027-A,CUST-TOK-77925,21,Loyalty-linked
207,First Aid Kit,LOT-0027-A,CUST-TOK-42364,21,Loyalty-linked
207,First Aid Kit,LOT-0027-A,CUST-TOK-60414,21,Loyalty-linked
207,First Aid Kit,LOT-0027-A,ANONYMOUS,119,Anonymous (no loyalty link)
207,First Aid Kit,LOT-0027-B,CUST-TOK-80261,3,Loyalty-linked
207,First Aid Kit,LOT-0027-B,CUST-TOK-13969,4,Loyalty-linked
207,First Aid Kit,LOT-0027-B,CUST-TOK-22872,4,Loyalty-linked
207,First Aid Kit,LOT-0027-B,ANONYMOUS,21,Anonymous (no loyalty link)
207,Peanut Butter,LOT-5162-A,CUST-TOK-71357,8,Loyalty-linked
207,Peanut Butter,LOT-5162-A,CUST-TOK-22179,8,Loyalty-linked
207,Peanut Butter,LOT-5162-A,CUST-TOK-81834,8,Loyalty-linked
207,Peanut Butter,LOT-5162-A,ANONYMOUS,46,Anonymous (no loyalty link)
207,Peanut Butter,LOT-5162-B,CUST-TOK-69916,5,Loyalty-linked
207,Peanut Butter,LOT-5162-B,CUST-TOK-55640,5,Loyalty-linked
207,Peanut Butter,LOT-5162-B,CUST-TOK-91283,6,Loyalty-linked
207,Peanut Butter,LOT-5162-B,ANONYMOUS,31,Anonymous (no loyalty link)
207,Granola Bars,LOT-5867-A,CUST-TOK-80604,17,Loyalty-linked
207,Granola Bars,LOT-5867-A,CUST-TOK-62351,17,Loyalty-linked
207,Granola Bars,LOT-5867-A,CUST-TOK-61300,18,Loyalty-linked
207,Granola Bars,LOT-5867-A,ANONYMOUS,98,Anonymous (no loyalty link)
207,Granola Bars,LOT-5867-B,CUST-TOK-16844,6,Loyalty-linked
207,Granola Bars,LOT-5867-B,CUST-TOK-12887,6,Loyalty-linked
207,Granola Bars,LOT-5867-B,CUST-TOK-46667,7,Loyalty-linked
207,Granola Bars,LOT-5867-B,ANONYMOUS,36,Anonymous (no loyalty link)
207,Canned Soup,LOT-2516-A,CUST-TOK-28103,8,Loyalty-linked
207,Canned Soup,LOT-2516-A,CUST-TOK-92020,8,Loyalty-linked
207,Canned Soup,LOT-2516-A,CUST-TOK-57296,8,Loyalty-linked
207,Canned Soup,LOT-2516-A,ANONYMOUS,45,Anonymous (no loyalty link)
207,Canned Soup,LOT-2516-B,CUST-TOK-43808,22,Loyalty-linked
207,Canned Soup,LOT-2516-B,CUST-TOK-99154,23,Loyalty-linked
207,Canned Soup,LOT-2516-B,CUST-TOK-83939,23,Loyalty-linked
207,Canned Soup,LOT-2516-B,ANONYMOUS,129,Anonymous (no loyalty link)
207,Bread,LOT-2104-A,CUST-TOK-39635,7,Loyalty-linked
207,Bread,LOT-2104-A,CUST-TOK-42508,7,Loyalty-linked
207,Bread,LOT-2104-A,CUST-TOK-14668,8,Loyalty-linked
207,Bread,LOT-2104-A,ANONYMOUS,43,Anonymous (no loyalty link)
207,Bread,LOT-2104-B,CUST-TOK-63641,13,Loyalty-linked
207,Bread,LOT-2104-B,CUST-TOK-28881,13,Loyalty-linked
207,Bread,LOT-2104-B,CUST-TOK-40462,13,Loyalty-linked
207,Bread,LOT-2104-B,ANONYMOUS,73,Anonymous (no loyalty link)
207,Baby Formula,LOT-1218-A,CUST-TOK-52768,17,Loyalty-linked
207,Baby Formula,LOT-1218-A,CUST-TOK-74362,17,Loyalty-linked
207,Baby Formula,LOT-1218-A,CUST-TOK-33196,17,Loyalty-linked
207,Baby Formula,LOT-1218-A,ANONYMOUS,96,Anonymous (no loyalty link)
207,Baby Formula,LOT-1218-B,CUST-TOK-03497,11,Loyalty-linked
207,Baby Formula,LOT-1218-B,CUST-TOK-22202,12,Loyalty-linked
207,Baby Formula,LOT-1218-B,CUST-TOK-90946,12,Loyalty-linked
207,Baby Formula,LOT-1218-B,ANONYMOUS,67,Anonymous (no loyalty link)
207,Hand Sanitizer,LOT-0013-A,CUST-TOK-13201,10,Loyalty-linked
207,Hand Sanitizer,LOT-0013-A,CUST-TOK-91819,10,Loyalty-linked
207,Hand Sanitizer,LOT-0013-A,CUST-TOK-03706,10,Loyalty-linked
207,Hand Sanitizer,LOT-0013-A,ANONYMOUS,58,Anonymous (no loyalty link)
207,Hand Sanitizer,LOT-0013-B,CUST-TOK-27380,22,Loyalty-linked
207,Hand Sanitizer,LOT-0013-B,CUST-TOK-41871,23,Loyalty-linked
207,Hand Sanitizer,LOT-0013-B,CUST-TOK-18575,23,Loyalty-linked
207,Hand Sanitizer,LOT-0013-B,ANONYMOUS,129,Anonymous (no loyalty link)
207,LPG Cylinder 20lb,LOT-7895-A,CUST-TOK-86965,3,Loyalty-linked
207,LPG Cylinder 20lb,LOT-7895-A,CUST-TOK-12854,3,Loyalty-linked
207,LPG Cylinder 20lb,LOT-7895-A,CUST-TOK-39492,4,Loyalty-linked
207,LPG Cylinder 20lb,LOT-7895-A,ANONYMOUS,19,Anonymous (no loyalty link)
207,LPG Cylinder 20lb,LOT-7895-B,CUST-TOK-47770,11,Loyalty-linked
207,LPG Cylinder 20lb,LOT-7895-B,CUST-TOK-30190,12,Loyalty-linked
207,LPG Cylinder 20lb,LOT-7895-B,CUST-TOK-19231,12,Loyalty-linked
207,LPG Cylinder 20lb,LOT-7895-B,ANONYMOUS,66,Anonymous (no loyalty link)
208,First Aid Kit,LOT-0027-A,CUST-TOK-10271,9,Loyalty-linked
208,First Aid Kit,LOT-0027-A,CUST-TOK-06380,9,Loyalty-linked
208,First Aid Kit,LOT-0027-A,CUST-TOK-81290,9,Loyalty-linked
208,First Aid Kit,LOT-0027-A,ANONYMOUS,52,Anonymous (no loyalty link)
208,First Aid Kit,LOT-0027-B,CUST-TOK-71649,4,Loyalty-linked
208,First Aid Kit,LOT-0027-B,CUST-TOK-84775,5,Loyalty-linked
208,First Aid Kit,LOT-0027-B,CUST-TOK-35263,5,Loyalty-linked
208,First Aid Kit,LOT-0027-B,ANONYMOUS,27,Anonymous (no loyalty link)
208,Peanut Butter,LOT-5162-A,CUST-TOK-99208,12,Loyalty-linked
208,Peanut Butter,LOT-5162-A,CUST-TOK-08982,12,Loyalty-linked
208,Peanut Butter,LOT-5162-A,CUST-TOK-83010,12,Loyalty-linked
208,Peanut Butter,LOT-5162-A,ANONYMOUS,68,Anonymous (no loyalty link)
208,Peanut Butter,LOT-5162-B,CUST-TOK-83608,14,Loyalty-linked
208,Peanut Butter,LOT-5162-B,CUST-TOK-96983,14,Loyalty-linked
208,Peanut Butter,LOT-5162-B,CUST-TOK-25778,14,Loyalty-linked
208,Peanut Butter,LOT-5162-B,ANONYMOUS,78,Anonymous (no loyalty link)
208,Granola Bars,LOT-5867-A,CUST-TOK-65377,17,Loyalty-linked
208,Granola Bars,LOT-5867-A,CUST-TOK-70763,18,Loyalty-linked
208,Granola Bars,LOT-5867-A,CUST-TOK-86801,18,Loyalty-linked
208,Granola Bars,LOT-5867-A,ANONYMOUS,99,Anonymous (no loyalty link)
208,Granola Bars,LOT-5867-B,CUST-TOK-93944,9,Loyalty-linked
208,Granola Bars,LOT-5867-B,CUST-TOK-51405,10,Loyalty-linked
208,Granola Bars,LOT-5867-B,CUST-TOK-62885,10,Loyalty-linked
208,Granola Bars,LOT-5867-B,ANONYMOUS,55,Anonymous (no loyalty link)
208,Canned Soup,LOT-2516-A,CUST-TOK-05473,14,Loyalty-linked
208,Canned Soup,LOT-2516-A,CUST-TOK-09227,15,Loyalty-linked
208,Canned Soup,LOT-2516-A,CUST-TOK-24003,15,Loyalty-linked
208,Canned Soup,LOT-2516-A,ANONYMOUS,82,Anonymous (no loyalty link)
208,Canned Soup,LOT-2516-B,CUST-TOK-51919,5,Loyalty-linked
208,Canned Soup,LOT-2516-B,CUST-TOK-51910,5,Loyalty-linked
208,Canned Soup,LOT-2516-B,CUST-TOK-67386,5,Loyalty-linked
208,Canned Soup,LOT-2516-B,ANONYMOUS,28,Anonymous (no loyalty link)
208,Bread,LOT-2104-A,CUST-TOK-48259,15,Loyalty-linked
208,Bread,LOT-2104-A,CUST-TOK-44793,15,Loyalty-linked
208,Bread,LOT-2104-A,CUST-TOK-20013,16,Loyalty-linked
208,Bread,LOT-2104-A,ANONYMOUS,87,Anonymous (no loyalty link)
208,Bread,LOT-2104-B,CUST-TOK-76242,23,Loyalty-linked
208,Bread,LOT-2104-B,CUST-TOK-05898,23,Loyalty-linked
208,Bread,LOT-2104-B,CUST-TOK-14189,23,Loyalty-linked
208,Bread,LOT-2104-B,ANONYMOUS,129,Anonymous (no loyalty link)
208,Baby Formula,LOT-1218-A,CUST-TOK-94038,18,Loyalty-linked
208,Baby Formula,LOT-1218-A,CUST-TOK-52106,18,Loyalty-linked
208,Baby Formula,LOT-1218-A,CUST-TOK-20997,19,Loyalty-linked
208,Baby Formula,LOT-1218-A,ANONYMOUS,103,Anonymous (no loyalty link)
208,Baby Formula,LOT-1218-B,CUST-TOK-53228,14,Loyalty-linked
208,Baby Formula,LOT-1218-B,CUST-TOK-63172,15,Loyalty-linked
208,Baby Formula,LOT-1218-B,CUST-TOK-54380,15,Loyalty-linked
208,Baby Formula,LOT-1218-B,ANONYMOUS,84,Anonymous (no loyalty link)
208,Hand Sanitizer,LOT-0013-A,CUST-TOK-69950,6,Loyalty-linked
208,Hand Sanitizer,LOT-0013-A,CUST-TOK-22521,6,Loyalty-linked
208,Hand Sanitizer,LOT-0013-A,CUST-TOK-15320,7,Loyalty-linked
208,Hand Sanitizer,LOT-0013-A,ANONYMOUS,37,Anonymous (no loyalty link)
208,Hand Sanitizer,LOT-0013-B,CUST-TOK-20921,17,Loyalty-linked
208,Hand Sanitizer,LOT-0013-B,CUST-TOK-78251,18,Loyalty-linked
208,Hand Sanitizer,LOT-0013-B,CUST-TOK-44308,18,Loyalty-linked
208,Hand Sanitizer,LOT-0013-B,ANONYMOUS,100,Anonymous (no loyalty link)
208,LPG Cylinder 20lb,LOT-7895-A,CUST-TOK-20276,4,Loyalty-linked
208,LPG Cylinder 20lb,LOT-7895-A,CUST-TOK-70087,4,Loyalty-linked
208,LPG Cylinder 20lb,LOT-7895-A,CUST-TOK-72521,4,Loyalty-linked
208,LPG Cylinder 20lb,LOT-7895-A,ANONYMOUS,24,Anonymous (no loyalty link)
208,LPG Cylinder 20lb,LOT-7895-B,CUST-TOK-81360,6,Loyalty-linked
208,LPG Cylinder 20lb,LOT-7895-B,CUST-TOK-45967,6,Loyalty-linked
208,LPG Cylinder 20lb,LOT-7895-B,CUST-TOK-39150,6,Loyalty-linked
208,LPG Cylinder 20lb,LOT-7895-B,ANONYMOUS,35,Anonymous (no loyalty link)
102,Italian Bread,LOT-0700-A,CUST-TOK-47359,6,Loyalty-linked
102,Italian Bread,LOT-0700-A,CUST-TOK-93497,2,Anonymous (no loyalty link)
102,Italian Bread,LOT-0700-B,CUST-TOK-30512,1,Loyalty-linked
102,Italian Bread,LOT-0700-B,CUST-TOK-56498,3,Anonymous (no loyalty link)
103,Italian Bread,LOT-0700-A,CUST-TOK-65957,2,Loyalty-linked
103,Italian Bread,LOT-0700-A,CUST-TOK-18109,3,Anonymous (no loyalty link)
103,Italian Bread,LOT-0700-B,CUST-TOK-78731,6,Loyalty-linked
103,Italian Bread,LOT-0700-B,CUST-TOK-28490,6,Anonymous (no loyalty link)
104,Italian Bread,LOT-0700-A,CUST-TOK-22138,5,Loyalty-linked
104,Italian Bread,LOT-0700-A,CUST-TOK-82795,3,Anonymous (no loyalty link)
104,Italian Bread,LOT-0700-B,CUST-TOK-70969,2,Loyalty-linked
104,Italian Bread,LOT-0700-B,CUST-TOK-79074,5,Anonymous (no loyalty link)
107,Italian Bread,LOT-0700-A,CUST-TOK-48980,6,Loyalty-linked
107,Italian Bread,LOT-0700-A,CUST-TOK-83680,6,Anonymous (no loyalty link)
107,Italian Bread,LOT-0700-B,CUST-TOK-34147,6,Loyalty-linked
107,Italian Bread,LOT-0700-B,CUST-TOK-40933,3,Anonymous (no loyalty link)
201,Italian Bread,LOT-0700-A,CUST-TOK-66569,2,Loyalty-linked
201,Italian Bread,LOT-0700-A,CUST-TOK-57610,4,Anonymous (no loyalty link)
201,Italian Bread,LOT-0700-B,CUST-TOK-30415,3,Loyalty-linked
201,Italian Bread,LOT-0700-B,CUST-TOK-80128,5,Anonymous (no loyalty link)
202,Italian Bread,LOT-0700-A,CUST-TOK-50663,3,Loyalty-linked
202,Italian Bread,LOT-0700-A,CUST-TOK-70585,5,Anonymous (no loyalty link)
202,Italian Bread,LOT-0700-B,CUST-TOK-10879,5,Loyalty-linked
202,Italian Bread,LOT-0700-B,CUST-TOK-40560,5,Anonymous (no loyalty link)
204,Italian Bread,LOT-0700-A,CUST-TOK-94113,5,Loyalty-linked
204,Italian Bread,LOT-0700-A,CUST-TOK-50646,5,Anonymous (no loyalty link)
204,Italian Bread,LOT-0700-B,CUST-TOK-69845,3,Loyalty-linked
204,Italian Bread,LOT-0700-B,CUST-TOK-12549,1,Anonymous (no loyalty link)
205,Italian Bread,LOT-0700-A,CUST-TOK-92575,1,Loyalty-linked
205,Italian Bread,LOT-0700-A,CUST-TOK-13852,4,Anonymous (no loyalty link)
205,Italian Bread,LOT-0700-B,CUST-TOK-30779,5,Loyalty-linked
205,Italian Bread,LOT-0700-B,CUST-TOK-82097,1,Anonymous (no loyalty link)
206,Italian Bread,LOT-0700-A,CUST-TOK-23254,2,Loyalty-linked
206,Italian Bread,LOT-0700-A,CUST-TOK-47194,4,Anonymous (no loyalty link)
206,Italian Bread,LOT-0700-B,CUST-TOK-31939,5,Loyalty-linked
206,Italian Bread,LOT-0700-B,CUST-TOK-94027,4,Anonymous (no loyalty link)
207,Italian Bread,LOT-0700-A,CUST-TOK-91910,1,Loyalty-linked
207,Italian Bread,LOT-0700-A,CUST-TOK-10636,1,Anonymous (no loyalty link)
207,Italian Bread,LOT-0700-B,CUST-TOK-75969,3,Loyalty-linked
207,Italian Bread,LOT-0700-B,CUST-TOK-22503,6,Anonymous (no loyalty link)
101,French Bread,LOT-1400-A,CUST-TOK-38200,2,Loyalty-linked
101,French Bread,LOT-1400-A,CUST-TOK-93633,2,Anonymous (no loyalty link)
101,French Bread,LOT-1400-B,CUST-TOK-50129,2,Loyalty-linked
101,French Bread,LOT-1400-B,CUST-TOK-27221,1,Anonymous (no loyalty link)
102,French Bread,LOT-1400-A,CUST-TOK-72965,2,Loyalty-linked
102,French Bread,LOT-1400-A,CUST-TOK-44455,1,Anonymous (no loyalty link)
102,French Bread,LOT-1400-B,CUST-TOK-82552,2,Loyalty-linked
102,French Bread,LOT-1400-B,CUST-TOK-22938,3,Anonymous (no loyalty link)
103,French Bread,LOT-1400-A,CUST-TOK-56253,2,Loyalty-linked
103,French Bread,LOT-1400-A,CUST-TOK-24631,6,Anonymous (no loyalty link)
103,French Bread,LOT-1400-B,CUST-TOK-25515,1,Loyalty-linked
103,French Bread,LOT-1400-B,CUST-TOK-47921,5,Anonymous (no loyalty link)
104,French Bread,LOT-1400-A,CUST-TOK-82898,5,Loyalty-linked
104,French Bread,LOT-1400-A,CUST-TOK-29337,5,Anonymous (no loyalty link)
104,French Bread,LOT-1400-B,CUST-TOK-42356,1,Loyalty-linked
104,French Bread,LOT-1400-B,CUST-TOK-62884,2,Anonymous (no loyalty link)
105,French Bread,LOT-1400-A,CUST-TOK-90890,3,Loyalty-linked
105,French Bread,LOT-1400-A,CUST-TOK-76403,6,Anonymous (no loyalty link)
105,French Bread,LOT-1400-B,CUST-TOK-66677,6,Loyalty-linked
105,French Bread,LOT-1400-B,CUST-TOK-29189,3,Anonymous (no loyalty link)
107,French Bread,LOT-1400-A,CUST-TOK-54113,6,Loyalty-linked
107,French Bread,LOT-1400-A,CUST-TOK-92534,6,Anonymous (no loyalty link)
107,French Bread,LOT-1400-B,CUST-TOK-27369,3,Loyalty-linked
107,French Bread,LOT-1400-B,CUST-TOK-29617,3,Anonymous (no loyalty link)
108,French Bread,LOT-1400-A,CUST-TOK-62109,3,Loyalty-linked
108,French Bread,LOT-1400-A,CUST-TOK-62726,3,Anonymous (no loyalty link)
108,French Bread,LOT-1400-B,CUST-TOK-46626,3,Loyalty-linked
108,French Bread,LOT-1400-B,CUST-TOK-96978,6,Anonymous (no loyalty link)
201,French Bread,LOT-1400-A,CUST-TOK-68976,2,Loyalty-linked
201,French Bread,LOT-1400-A,CUST-TOK-58231,5,Anonymous (no loyalty link)
201,French Bread,LOT-1400-B,CUST-TOK-91221,4,Loyalty-linked
201,French Bread,LOT-1400-B,CUST-TOK-22416,4,Anonymous (no loyalty link)
202,French Bread,LOT-1400-A,CUST-TOK-86725,1,Loyalty-linked
202,French Bread,LOT-1400-A,CUST-TOK-24554,3,Anonymous (no loyalty link)
202,French Bread,LOT-1400-B,CUST-TOK-86115,2,Loyalty-linked
202,French Bread,LOT-1400-B,CUST-TOK-20310,6,Anonymous (no loyalty link)
204,French Bread,LOT-1400-A,CUST-TOK-21905,1,Loyalty-linked
204,French Bread,LOT-1400-A,CUST-TOK-25457,2,Anonymous (no loyalty link)
204,French Bread,LOT-1400-B,CUST-TOK-47700,5,Loyalty-linked
204,French Bread,LOT-1400-B,CUST-TOK-99636,5,Anonymous (no loyalty link)
206,French Bread,LOT-1400-A,CUST-TOK-78357,6,Loyalty-linked
206,French Bread,LOT-1400-A,CUST-TOK-42634,1,Anonymous (no loyalty link)
206,French Bread,LOT-1400-B,CUST-TOK-16055,5,Loyalty-linked
206,French Bread,LOT-1400-B,CUST-TOK-58978,2,Anonymous (no loyalty link)
207,French Bread,LOT-1400-A,CUST-TOK-78195,6,Loyalty-linked
207,French Bread,LOT-1400-A,CUST-TOK-98915,4,Anonymous (no loyalty link)
207,French Bread,LOT-1400-B,CUST-TOK-55255,1,Loyalty-linked
207,French Bread,LOT-1400-B,CUST-TOK-31843,3,Anonymous (no loyalty link)
102,Sourdough Bread,LOT-2100-A,CUST-TOK-92250,2,Loyalty-linked
102,Sourdough Bread,LOT-2100-A,CUST-TOK-66163,5,Anonymous (no loyalty link)
102,Sourdough Bread,LOT-2100-B,CUST-TOK-73698,1,Loyalty-linked
102,Sourdough Bread,LOT-2100-B,CUST-TOK-14388,2,Anonymous (no loyalty link)
103,Sourdough Bread,LOT-2100-A,CUST-TOK-19154,4,Loyalty-linked
103,Sourdough Bread,LOT-2100-A,CUST-TOK-93918,3,Anonymous (no loyalty link)
103,Sourdough Bread,LOT-2100-B,CUST-TOK-87693,3,Loyalty-linked
103,Sourdough Bread,LOT-2100-B,CUST-TOK-15376,6,Anonymous (no loyalty link)
104,Sourdough Bread,LOT-2100-A,CUST-TOK-18684,5,Loyalty-linked
104,Sourdough Bread,LOT-2100-A,CUST-TOK-14419,3,Anonymous (no loyalty link)
104,Sourdough Bread,LOT-2100-B,CUST-TOK-70222,1,Loyalty-linked
104,Sourdough Bread,LOT-2100-B,CUST-TOK-43165,2,Anonymous (no loyalty link)
105,Sourdough Bread,LOT-2100-A,CUST-TOK-93075,3,Loyalty-linked
105,Sourdough Bread,LOT-2100-A,CUST-TOK-43921,4,Anonymous (no loyalty link)
105,Sourdough Bread,LOT-2100-B,CUST-TOK-10370,1,Loyalty-linked
105,Sourdough Bread,LOT-2100-B,CUST-TOK-16572,2,Anonymous (no loyalty link)
106,Sourdough Bread,LOT-2100-A,CUST-TOK-23488,3,Loyalty-linked
106,Sourdough Bread,LOT-2100-A,CUST-TOK-82205,4,Anonymous (no loyalty link)
106,Sourdough Bread,LOT-2100-B,CUST-TOK-19611,6,Loyalty-linked
106,Sourdough Bread,LOT-2100-B,CUST-TOK-31866,6,Anonymous (no loyalty link)
108,Sourdough Bread,LOT-2100-A,CUST-TOK-29623,6,Loyalty-linked
108,Sourdough Bread,LOT-2100-A,CUST-TOK-98181,1,Anonymous (no loyalty link)
108,Sourdough Bread,LOT-2100-B,CUST-TOK-29800,6,Loyalty-linked
108,Sourdough Bread,LOT-2100-B,CUST-TOK-91036,3,Anonymous (no loyalty link)
201,Sourdough Bread,LOT-2100-A,CUST-TOK-28458,2,Loyalty-linked
201,Sourdough Bread,LOT-2100-A,CUST-TOK-21960,6,Anonymous (no loyalty link)
201,Sourdough Bread,LOT-2100-B,CUST-TOK-38214,1,Loyalty-linked
201,Sourdough Bread,LOT-2100-B,CUST-TOK-14412,6,Anonymous (no loyalty link)
202,Sourdough Bread,LOT-2100-A,CUST-TOK-35508,6,Loyalty-linked
202,Sourdough Bread,LOT-2100-A,CUST-TOK-14005,6,Anonymous (no loyalty link)
202,Sourdough Bread,LOT-2100-B,CUST-TOK-71262,4,Loyalty-linked
202,Sourdough Bread,LOT-2100-B,CUST-TOK-73171,1,Anonymous (no loyalty link)
205,Sourdough Bread,LOT-2100-A,CUST-TOK-69065,1,Loyalty-linked
205,Sourdough Bread,LOT-2100-A,CUST-TOK-49128,3,Anonymous (no loyalty link)
205,Sourdough Bread,LOT-2100-B,CUST-TOK-57317,5,Loyalty-linked
205,Sourdough Bread,LOT-2100-B,CUST-TOK-33059,1,Anonymous (no loyalty link)
206,Sourdough Bread,LOT-2100-A,CUST-TOK-94898,3,Loyalty-linked
206,Sourdough Bread,LOT-2100-A,CUST-TOK-78346,5,Anonymous (no loyalty link)
206,Sourdough Bread,LOT-2100-B,CUST-TOK-98449,6,Loyalty-linked
206,Sourdough Bread,LOT-2100-B,CUST-TOK-78672,4,Anonymous (no loyalty link)
207,Sourdough Bread,LOT-2100-A,CUST-TOK-62435,3,Loyalty-linked
207,Sourdough Bread,LOT-2100-A,CUST-TOK-46635,6,Anonymous (no loyalty link)
207,Sourdough Bread,LOT-2100-B,CUST-TOK-69297,3,Loyalty-linked
207,Sourdough Bread,LOT-2100-B,CUST-TOK-48309,2,Anonymous (no loyalty link)
208,Sourdough Bread,LOT-2100-A,CUST-TOK-97352,4,Loyalty-linked
208,Sourdough Bread,LOT-2100-A,CUST-TOK-68893,2,Anonymous (no loyalty link)
208,Sourdough Bread,LOT-2100-B,CUST-TOK-67000,4,Loyalty-linked
208,Sourdough Bread,LOT-2100-B,CUST-TOK-77225,4,Anonymous (no loyalty link)
101,Sandwich Bread,LOT-3500-A,CUST-TOK-20777,2,Loyalty-linked
101,Sandwich Bread,LOT-3500-A,CUST-TOK-10113,5,Anonymous (no loyalty link)
101,Sandwich Bread,LOT-3500-B,CUST-TOK-14193,3,Loyalty-linked
101,Sandwich Bread,LOT-3500-B,CUST-TOK-10117,2,Anonymous (no loyalty link)
103,Sandwich Bread,LOT-3500-A,CUST-TOK-84224,5,Loyalty-linked
103,Sandwich Bread,LOT-3500-A,CUST-TOK-33930,5,Anonymous (no loyalty link)
103,Sandwich Bread,LOT-3500-B,CUST-TOK-59551,4,Loyalty-linked
103,Sandwich Bread,LOT-3500-B,CUST-TOK-48925,4,Anonymous (no loyalty link)
104,Sandwich Bread,LOT-3500-A,CUST-TOK-75424,5,Loyalty-linked
104,Sandwich Bread,LOT-3500-A,CUST-TOK-20416,3,Anonymous (no loyalty link)
104,Sandwich Bread,LOT-3500-B,CUST-TOK-22341,6,Loyalty-linked
104,Sandwich Bread,LOT-3500-B,CUST-TOK-67744,5,Anonymous (no loyalty link)
105,Sandwich Bread,LOT-3500-A,CUST-TOK-97787,4,Loyalty-linked
105,Sandwich Bread,LOT-3500-A,CUST-TOK-33000,1,Anonymous (no loyalty link)
105,Sandwich Bread,LOT-3500-B,CUST-TOK-40012,6,Loyalty-linked
105,Sandwich Bread,LOT-3500-B,CUST-TOK-99768,1,Anonymous (no loyalty link)
106,Sandwich Bread,LOT-3500-A,CUST-TOK-18800,2,Loyalty-linked
106,Sandwich Bread,LOT-3500-A,CUST-TOK-76066,2,Anonymous (no loyalty link)
106,Sandwich Bread,LOT-3500-B,CUST-TOK-68277,5,Loyalty-linked
106,Sandwich Bread,LOT-3500-B,CUST-TOK-97580,4,Anonymous (no loyalty link)
107,Sandwich Bread,LOT-3500-A,CUST-TOK-61807,1,Loyalty-linked
107,Sandwich Bread,LOT-3500-A,CUST-TOK-25960,2,Anonymous (no loyalty link)
107,Sandwich Bread,LOT-3500-B,CUST-TOK-30904,6,Loyalty-linked
107,Sandwich Bread,LOT-3500-B,CUST-TOK-96211,6,Anonymous (no loyalty link)
108,Sandwich Bread,LOT-3500-A,CUST-TOK-60265,1,Loyalty-linked
108,Sandwich Bread,LOT-3500-A,CUST-TOK-16346,2,Anonymous (no loyalty link)
108,Sandwich Bread,LOT-3500-B,CUST-TOK-59458,2,Loyalty-linked
108,Sandwich Bread,LOT-3500-B,CUST-TOK-84251,4,Anonymous (no loyalty link)
201,Sandwich Bread,LOT-3500-A,CUST-TOK-99150,2,Loyalty-linked
201,Sandwich Bread,LOT-3500-A,CUST-TOK-12686,4,Anonymous (no loyalty link)
201,Sandwich Bread,LOT-3500-B,CUST-TOK-87530,5,Loyalty-linked
201,Sandwich Bread,LOT-3500-B,CUST-TOK-57749,6,Anonymous (no loyalty link)
203,Sandwich Bread,LOT-3500-A,CUST-TOK-77286,1,Loyalty-linked
203,Sandwich Bread,LOT-3500-A,CUST-TOK-85897,1,Anonymous (no loyalty link)
203,Sandwich Bread,LOT-3500-B,CUST-TOK-13100,3,Loyalty-linked
203,Sandwich Bread,LOT-3500-B,CUST-TOK-11626,3,Anonymous (no loyalty link)
204,Sandwich Bread,LOT-3500-A,CUST-TOK-37507,6,Loyalty-linked
204,Sandwich Bread,LOT-3500-A,CUST-TOK-33918,3,Anonymous (no loyalty link)
204,Sandwich Bread,LOT-3500-B,CUST-TOK-92384,1,Loyalty-linked
204,Sandwich Bread,LOT-3500-B,CUST-TOK-25789,3,Anonymous (no loyalty link)
207,Sandwich Bread,LOT-3500-A,CUST-TOK-76053,4,Loyalty-linked
207,Sandwich Bread,LOT-3500-A,CUST-TOK-31437,2,Anonymous (no loyalty link)
207,Sandwich Bread,LOT-3500-B,CUST-TOK-23031,6,Loyalty-linked
207,Sandwich Bread,LOT-3500-B,CUST-TOK-71858,2,Anonymous (no loyalty link)
208,Sandwich Bread,LOT-3500-A,CUST-TOK-70421,4,Loyalty-linked
208,Sandwich Bread,LOT-3500-A,CUST-TOK-51661,1,Anonymous (no loyalty link)
208,Sandwich Bread,LOT-3500-B,CUST-TOK-29652,1,Loyalty-linked
208,Sandwich Bread,LOT-3500-B,CUST-TOK-11918,2,Anonymous (no loyalty link)
102,Bread Pudding,LOT-4200-A,CUST-TOK-19837,4,Loyalty-linked
102,Bread Pudding,LOT-4200-A,CUST-TOK-22289,3,Anonymous (no loyalty link)
102,Bread Pudding,LOT-4200-B,CUST-TOK-42760,3,Loyalty-linked
102,Bread Pudding,LOT-4200-B,CUST-TOK-57455,2,Anonymous (no loyalty link)
103,Bread Pudding,LOT-4200-A,CUST-TOK-41677,3,Loyalty-linked
103,Bread Pudding,LOT-4200-A,CUST-TOK-13583,3,Anonymous (no loyalty link)
103,Bread Pudding,LOT-4200-B,CUST-TOK-77335,4,Loyalty-linked
103,Bread Pudding,LOT-4200-B,CUST-TOK-25951,4,Anonymous (no loyalty link)
104,Bread Pudding,LOT-4200-A,CUST-TOK-83039,1,Loyalty-linked
104,Bread Pudding,LOT-4200-A,CUST-TOK-59438,1,Anonymous (no loyalty link)
104,Bread Pudding,LOT-4200-B,CUST-TOK-80572,2,Loyalty-linked
104,Bread Pudding,LOT-4200-B,CUST-TOK-54473,6,Anonymous (no loyalty link)
105,Bread Pudding,LOT-4200-A,CUST-TOK-84498,2,Loyalty-linked
105,Bread Pudding,LOT-4200-A,CUST-TOK-90503,3,Anonymous (no loyalty link)
105,Bread Pudding,LOT-4200-B,CUST-TOK-53224,2,Loyalty-linked
105,Bread Pudding,LOT-4200-B,CUST-TOK-30306,4,Anonymous (no loyalty link)
107,Bread Pudding,LOT-4200-A,CUST-TOK-15119,4,Loyalty-linked
107,Bread Pudding,LOT-4200-A,CUST-TOK-32971,1,Anonymous (no loyalty link)
107,Bread Pudding,LOT-4200-B,CUST-TOK-39217,3,Loyalty-linked
107,Bread Pudding,LOT-4200-B,CUST-TOK-87137,5,Anonymous (no loyalty link)
108,Bread Pudding,LOT-4200-A,CUST-TOK-91994,6,Loyalty-linked
108,Bread Pudding,LOT-4200-A,CUST-TOK-89908,2,Anonymous (no loyalty link)
108,Bread Pudding,LOT-4200-B,CUST-TOK-88079,3,Loyalty-linked
108,Bread Pudding,LOT-4200-B,CUST-TOK-51942,3,Anonymous (no loyalty link)
202,Bread Pudding,LOT-4200-A,CUST-TOK-60802,1,Loyalty-linked
202,Bread Pudding,LOT-4200-A,CUST-TOK-12089,6,Anonymous (no loyalty link)
202,Bread Pudding,LOT-4200-B,CUST-TOK-12464,4,Loyalty-linked
202,Bread Pudding,LOT-4200-B,CUST-TOK-12439,1,Anonymous (no loyalty link)
203,Bread Pudding,LOT-4200-A,CUST-TOK-67222,5,Loyalty-linked
203,Bread Pudding,LOT-4200-A,CUST-TOK-16225,3,Anonymous (no loyalty link)
203,Bread Pudding,LOT-4200-B,CUST-TOK-11615,2,Loyalty-linked
203,Bread Pudding,LOT-4200-B,CUST-TOK-20789,4,Anonymous (no loyalty link)
204,Bread Pudding,LOT-4200-A,CUST-TOK-74533,2,Loyalty-linked
204,Bread Pudding,LOT-4200-A,CUST-TOK-28874,6,Anonymous (no loyalty link)
204,Bread Pudding,LOT-4200-B,CUST-TOK-56125,6,Loyalty-linked
204,Bread Pudding,LOT-4200-B,CUST-TOK-41353,6,Anonymous (no loyalty link)
205,Bread Pudding,LOT-4200-A,CUST-TOK-88734,6,Loyalty-linked
205,Bread Pudding,LOT-4200-A,CUST-TOK-21880,4,Anonymous (no loyalty link)
205,Bread Pudding,LOT-4200-B,CUST-TOK-44868,2,Loyalty-linked
205,Bread Pudding,LOT-4200-B,CUST-TOK-16767,1,Anonymous (no loyalty link)
206,Bread Pudding,LOT-4200-A,CUST-TOK-85911,4,Loyalty-linked
206,Bread Pudding,LOT-4200-A,CUST-TOK-98609,3,Anonymous (no loyalty link)
206,Bread Pudding,LOT-4200-B,CUST-TOK-12676,5,Loyalty-linked
206,Bread Pudding,LOT-4200-B,CUST-TOK-84871,2,Anonymous (no loyalty link)
207,Bread Pudding,LOT-4200-A,CUST-TOK-82328,3,Loyalty-linked
207,Bread Pudding,LOT-4200-A,CUST-TOK-16999,5,Anonymous (no loyalty link)
207,Bread Pudding,LOT-4200-B,CUST-TOK-59634,3,Loyalty-linked
207,Bread Pudding,LOT-4200-B,CUST-TOK-50876,3,Anonymous (no loyalty link)
208,Bread Pudding,LOT-4200-A,CUST-TOK-20701,5,Loyalty-linked
208,Bread Pudding,LOT-4200-A,CUST-TOK-94190,6,Anonymous (no loyalty link)
208,Bread Pudding,LOT-4200-B,CUST-TOK-79260,6,Loyalty-linked
208,Bread Pudding,LOT-4200-B,CUST-TOK-72458,6,Anonymous (no loyalty link)
101,Shortbread Cookies,LOT-4900-A,CUST-TOK-47432,5,Loyalty-linked
101,Shortbread Cookies,LOT-4900-A,CUST-TOK-82957,5,Anonymous (no loyalty link)
101,Shortbread Cookies,LOT-4900-B,CUST-TOK-49931,2,Loyalty-linked
101,Shortbread Cookies,LOT-4900-B,CUST-TOK-45043,2,Anonymous (no loyalty link)
102,Shortbread Cookies,LOT-4900-A,CUST-TOK-28770,6,Loyalty-linked
102,Shortbread Cookies,LOT-4900-A,CUST-TOK-32530,2,Anonymous (no loyalty link)
102,Shortbread Cookies,LOT-4900-B,CUST-TOK-94129,1,Loyalty-linked
102,Shortbread Cookies,LOT-4900-B,CUST-TOK-92221,4,Anonymous (no loyalty link)
103,Shortbread Cookies,LOT-4900-A,CUST-TOK-94470,4,Loyalty-linked
103,Shortbread Cookies,LOT-4900-A,CUST-TOK-57066,6,Anonymous (no loyalty link)
103,Shortbread Cookies,LOT-4900-B,CUST-TOK-49208,3,Loyalty-linked
103,Shortbread Cookies,LOT-4900-B,CUST-TOK-25090,5,Anonymous (no loyalty link)
104,Shortbread Cookies,LOT-4900-A,CUST-TOK-52612,3,Loyalty-linked
104,Shortbread Cookies,LOT-4900-A,CUST-TOK-87714,5,Anonymous (no loyalty link)
104,Shortbread Cookies,LOT-4900-B,CUST-TOK-17331,5,Loyalty-linked
104,Shortbread Cookies,LOT-4900-B,CUST-TOK-94073,2,Anonymous (no loyalty link)
105,Shortbread Cookies,LOT-4900-A,CUST-TOK-83367,6,Loyalty-linked
105,Shortbread Cookies,LOT-4900-A,CUST-TOK-46400,5,Anonymous (no loyalty link)
105,Shortbread Cookies,LOT-4900-B,CUST-TOK-31329,5,Loyalty-linked
105,Shortbread Cookies,LOT-4900-B,CUST-TOK-48994,4,Anonymous (no loyalty link)
106,Shortbread Cookies,LOT-4900-A,CUST-TOK-88990,2,Loyalty-linked
106,Shortbread Cookies,LOT-4900-A,CUST-TOK-62869,5,Anonymous (no loyalty link)
106,Shortbread Cookies,LOT-4900-B,CUST-TOK-56472,1,Loyalty-linked
106,Shortbread Cookies,LOT-4900-B,CUST-TOK-14230,3,Anonymous (no loyalty link)
107,Shortbread Cookies,LOT-4900-A,CUST-TOK-90623,4,Loyalty-linked
107,Shortbread Cookies,LOT-4900-A,CUST-TOK-76432,1,Anonymous (no loyalty link)
107,Shortbread Cookies,LOT-4900-B,CUST-TOK-65173,3,Loyalty-linked
107,Shortbread Cookies,LOT-4900-B,CUST-TOK-34384,4,Anonymous (no loyalty link)
108,Shortbread Cookies,LOT-4900-A,CUST-TOK-51950,6,Loyalty-linked
108,Shortbread Cookies,LOT-4900-A,CUST-TOK-98540,1,Anonymous (no loyalty link)
108,Shortbread Cookies,LOT-4900-B,CUST-TOK-57426,5,Loyalty-linked
108,Shortbread Cookies,LOT-4900-B,CUST-TOK-30325,4,Anonymous (no loyalty link)
202,Shortbread Cookies,LOT-4900-A,CUST-TOK-59538,2,Loyalty-linked
202,Shortbread Cookies,LOT-4900-A,CUST-TOK-98966,6,Anonymous (no loyalty link)
202,Shortbread Cookies,LOT-4900-B,CUST-TOK-17947,1,Loyalty-linked
202,Shortbread Cookies,LOT-4900-B,CUST-TOK-13454,3,Anonymous (no loyalty link)
205,Shortbread Cookies,LOT-4900-A,CUST-TOK-66112,4,Loyalty-linked
205,Shortbread Cookies,LOT-4900-A,CUST-TOK-98515,4,Anonymous (no loyalty link)
205,Shortbread Cookies,LOT-4900-B,CUST-TOK-59016,5,Loyalty-linked
205,Shortbread Cookies,LOT-4900-B,CUST-TOK-49036,6,Anonymous (no loyalty link)
206,Shortbread Cookies,LOT-4900-A,CUST-TOK-44421,3,Loyalty-linked
206,Shortbread Cookies,LOT-4900-A,CUST-TOK-50288,5,Anonymous (no loyalty link)
206,Shortbread Cookies,LOT-4900-B,CUST-TOK-21210,2,Loyalty-linked
206,Shortbread Cookies,LOT-4900-B,CUST-TOK-78050,1,Anonymous (no loyalty link)
207,Shortbread Cookies,LOT-4900-A,CUST-TOK-98401,6,Loyalty-linked
207,Shortbread Cookies,LOT-4900-A,CUST-TOK-57453,6,Anonymous (no loyalty link)
207,Shortbread Cookies,LOT-4900-B,CUST-TOK-23302,1,Loyalty-linked
207,Shortbread Cookies,LOT-4900-B,CUST-TOK-86679,4,Anonymous (no loyalty link)
102,Fresh Salsa,LOT-9100-A,CUST-TOK-13158,5,Loyalty-linked
102,Fresh Salsa,LOT-9100-A,CUST-TOK-84465,5,Anonymous (no loyalty link)
102,Fresh Salsa,LOT-9100-B,CUST-TOK-40173,2,Loyalty-linked
102,Fresh Salsa,LOT-9100-B,CUST-TOK-41784,1,Anonymous (no loyalty link)
103,Fresh Salsa,LOT-9100-A,CUST-TOK-71407,1,Loyalty-linked
103,Fresh Salsa,LOT-9100-A,CUST-TOK-87288,3,Anonymous (no loyalty link)
103,Fresh Salsa,LOT-9100-B,CUST-TOK-71264,5,Loyalty-linked
103,Fresh Salsa,LOT-9100-B,CUST-TOK-51115,4,Anonymous (no loyalty link)
104,Fresh Salsa,LOT-9100-A,CUST-TOK-84366,4,Loyalty-linked
104,Fresh Salsa,LOT-9100-A,CUST-TOK-20914,5,Anonymous (no loyalty link)
104,Fresh Salsa,LOT-9100-B,CUST-TOK-48180,5,Loyalty-linked
104,Fresh Salsa,LOT-9100-B,CUST-TOK-66112,1,Anonymous (no loyalty link)
105,Fresh Salsa,LOT-9100-A,CUST-TOK-95186,2,Loyalty-linked
105,Fresh Salsa,LOT-9100-A,CUST-TOK-94839,3,Anonymous (no loyalty link)
105,Fresh Salsa,LOT-9100-B,CUST-TOK-18374,5,Loyalty-linked
105,Fresh Salsa,LOT-9100-B,CUST-TOK-95370,6,Anonymous (no loyalty link)
107,Fresh Salsa,LOT-9100-A,CUST-TOK-78592,3,Loyalty-linked
107,Fresh Salsa,LOT-9100-A,CUST-TOK-81131,2,Anonymous (no loyalty link)
107,Fresh Salsa,LOT-9100-B,CUST-TOK-10463,3,Loyalty-linked
107,Fresh Salsa,LOT-9100-B,CUST-TOK-73334,3,Anonymous (no loyalty link)
108,Fresh Salsa,LOT-9100-A,CUST-TOK-96701,6,Loyalty-linked
108,Fresh Salsa,LOT-9100-A,CUST-TOK-80396,3,Anonymous (no loyalty link)
108,Fresh Salsa,LOT-9100-B,CUST-TOK-57030,5,Loyalty-linked
108,Fresh Salsa,LOT-9100-B,CUST-TOK-13622,6,Anonymous (no loyalty link)
206,Fresh Salsa,LOT-9100-A,CUST-TOK-44245,1,Loyalty-linked
206,Fresh Salsa,LOT-9100-A,CUST-TOK-95831,6,Anonymous (no loyalty link)
206,Fresh Salsa,LOT-9100-B,CUST-TOK-23495,1,Loyalty-linked
206,Fresh Salsa,LOT-9100-B,CUST-TOK-36374,5,Anonymous (no loyalty link)
208,Fresh Salsa,LOT-9100-A,CUST-TOK-77157,3,Loyalty-linked
208,Fresh Salsa,LOT-9100-A,CUST-TOK-92930,5,Anonymous (no loyalty link)
208,Fresh Salsa,LOT-9100-B,CUST-TOK-13245,4,Loyalty-linked
208,Fresh Salsa,LOT-9100-B,CUST-TOK-18868,6,Anonymous (no loyalty link)
102,Pico de Gallo,LOT-9800-A,CUST-TOK-82750,6,Loyalty-linked
102,Pico de Gallo,LOT-9800-A,CUST-TOK-24375,1,Anonymous (no loyalty link)
102,Pico de Gallo,LOT-9800-B,CUST-TOK-74530,3,Loyalty-linked
102,Pico de Gallo,LOT-9800-B,CUST-TOK-47651,6,Anonymous (no loyalty link)
103,Pico de Gallo,LOT-9800-A,CUST-TOK-40574,1,Loyalty-linked
103,Pico de Gallo,LOT-9800-A,CUST-TOK-35928,4,Anonymous (no loyalty link)
103,Pico de Gallo,LOT-9800-B,CUST-TOK-69211,5,Loyalty-linked
103,Pico de Gallo,LOT-9800-B,CUST-TOK-95062,3,Anonymous (no loyalty link)
104,Pico de Gallo,LOT-9800-A,CUST-TOK-78101,5,Loyalty-linked
104,Pico de Gallo,LOT-9800-A,CUST-TOK-17977,1,Anonymous (no loyalty link)
104,Pico de Gallo,LOT-9800-B,CUST-TOK-99392,6,Loyalty-linked
104,Pico de Gallo,LOT-9800-B,CUST-TOK-94619,5,Anonymous (no loyalty link)
105,Pico de Gallo,LOT-9800-A,CUST-TOK-83858,5,Loyalty-linked
105,Pico de Gallo,LOT-9800-A,CUST-TOK-79007,4,Anonymous (no loyalty link)
105,Pico de Gallo,LOT-9800-B,CUST-TOK-34718,2,Loyalty-linked
105,Pico de Gallo,LOT-9800-B,CUST-TOK-51718,6,Anonymous (no loyalty link)
107,Pico de Gallo,LOT-9800-A,CUST-TOK-86851,6,Loyalty-linked
107,Pico de Gallo,LOT-9800-A,CUST-TOK-81047,5,Anonymous (no loyalty link)
107,Pico de Gallo,LOT-9800-B,CUST-TOK-64648,6,Loyalty-linked
107,Pico de Gallo,LOT-9800-B,CUST-TOK-80107,5,Anonymous (no loyalty link)
108,Pico de Gallo,LOT-9800-A,CUST-TOK-82794,1,Loyalty-linked
108,Pico de Gallo,LOT-9800-A,CUST-TOK-91810,4,Anonymous (no loyalty link)
108,Pico de Gallo,LOT-9800-B,CUST-TOK-73647,6,Loyalty-linked
108,Pico de Gallo,LOT-9800-B,CUST-TOK-35527,1,Anonymous (no loyalty link)
202,Pico de Gallo,LOT-9800-A,CUST-TOK-66001,5,Loyalty-linked
202,Pico de Gallo,LOT-9800-A,CUST-TOK-50159,2,Anonymous (no loyalty link)
202,Pico de Gallo,LOT-9800-B,CUST-TOK-40889,3,Loyalty-linked
202,Pico de Gallo,LOT-9800-B,CUST-TOK-18379,6,Anonymous (no loyalty link)
204,Pico de Gallo,LOT-9800-A,CUST-TOK-38037,4,Loyalty-linked
204,Pico de Gallo,LOT-9800-A,CUST-TOK-35664,2,Anonymous (no loyalty link)
204,Pico de Gallo,LOT-9800-B,CUST-TOK-15284,6,Loyalty-linked
204,Pico de Gallo,LOT-9800-B,CUST-TOK-89466,4,Anonymous (no loyalty link)
207,Pico de Gallo,LOT-9800-A,CUST-TOK-40669,6,Loyalty-linked
207,Pico de Gallo,LOT-9800-A,CUST-TOK-62002,1,Anonymous (no loyalty link)
207,Pico de Gallo,LOT-9800-B,CUST-TOK-47286,5,Loyalty-linked
207,Pico de Gallo,LOT-9800-B,CUST-TOK-33010,4,Anonymous (no loyalty link)
208,Pico de Gallo,LOT-9800-A,CUST-TOK-26567,6,Loyalty-linked
208,Pico de Gallo,LOT-9800-A,CUST-TOK-96082,4,Anonymous (no loyalty link)
208,Pico de Gallo,LOT-9800-B,CUST-TOK-92960,5,Loyalty-linked
208,Pico de Gallo,LOT-9800-B,CUST-TOK-74361,6,Anonymous (no loyalty link)
101,Guacamole,LOT-0500-A,CUST-TOK-99966,6,Loyalty-linked
101,Guacamole,LOT-0500-A,CUST-TOK-87604,4,Anonymous (no loyalty link)
101,Guacamole,LOT-0500-B,CUST-TOK-91857,4,Loyalty-linked
101,Guacamole,LOT-0500-B,CUST-TOK-30534,4,Anonymous (no loyalty link)
102,Guacamole,LOT-0500-A,CUST-TOK-46002,5,Loyalty-linked
102,Guacamole,LOT-0500-A,CUST-TOK-32627,1,Anonymous (no loyalty link)
102,Guacamole,LOT-0500-B,CUST-TOK-61659,4,Loyalty-linked
102,Guacamole,LOT-0500-B,CUST-TOK-70214,2,Anonymous (no loyalty link)
103,Guacamole,LOT-0500-A,CUST-TOK-21045,6,Loyalty-linked
103,Guacamole,LOT-0500-A,CUST-TOK-75556,2,Anonymous (no loyalty link)
103,Guacamole,LOT-0500-B,CUST-TOK-92982,2,Loyalty-linked
103,Guacamole,LOT-0500-B,CUST-TOK-98774,3,Anonymous (no loyalty link)
104,Guacamole,LOT-0500-A,CUST-TOK-22341,6,Loyalty-linked
104,Guacamole,LOT-0500-A,CUST-TOK-39727,5,Anonymous (no loyalty link)
104,Guacamole,LOT-0500-B,CUST-TOK-56874,3,Loyalty-linked
104,Guacamole,LOT-0500-B,CUST-TOK-31553,4,Anonymous (no loyalty link)
105,Guacamole,LOT-0500-A,CUST-TOK-81425,4,Loyalty-linked
105,Guacamole,LOT-0500-A,CUST-TOK-79701,2,Anonymous (no loyalty link)
105,Guacamole,LOT-0500-B,CUST-TOK-50155,3,Loyalty-linked
105,Guacamole,LOT-0500-B,CUST-TOK-12294,6,Anonymous (no loyalty link)
106,Guacamole,LOT-0500-A,CUST-TOK-64952,2,Loyalty-linked
106,Guacamole,LOT-0500-A,CUST-TOK-66817,4,Anonymous (no loyalty link)
106,Guacamole,LOT-0500-B,CUST-TOK-64231,2,Loyalty-linked
106,Guacamole,LOT-0500-B,CUST-TOK-18910,5,Anonymous (no loyalty link)
107,Guacamole,LOT-0500-A,CUST-TOK-98420,1,Loyalty-linked
107,Guacamole,LOT-0500-A,CUST-TOK-26645,2,Anonymous (no loyalty link)
107,Guacamole,LOT-0500-B,CUST-TOK-56277,5,Loyalty-linked
107,Guacamole,LOT-0500-B,CUST-TOK-12001,6,Anonymous (no loyalty link)
108,Guacamole,LOT-0500-A,CUST-TOK-12513,6,Loyalty-linked
108,Guacamole,LOT-0500-A,CUST-TOK-97547,4,Anonymous (no loyalty link)
108,Guacamole,LOT-0500-B,CUST-TOK-33972,1,Loyalty-linked
108,Guacamole,LOT-0500-B,CUST-TOK-63750,1,Anonymous (no loyalty link)
201,Guacamole,LOT-0500-A,CUST-TOK-17755,5,Loyalty-linked
201,Guacamole,LOT-0500-A,CUST-TOK-28064,2,Anonymous (no loyalty link)
201,Guacamole,LOT-0500-B,CUST-TOK-78693,1,Loyalty-linked
201,Guacamole,LOT-0500-B,CUST-TOK-55097,5,Anonymous (no loyalty link)
202,Guacamole,LOT-0500-A,CUST-TOK-53565,3,Loyalty-linked
202,Guacamole,LOT-0500-A,CUST-TOK-78236,1,Anonymous (no loyalty link)
202,Guacamole,LOT-0500-B,CUST-TOK-72787,3,Loyalty-linked
202,Guacamole,LOT-0500-B,CUST-TOK-67224,4,Anonymous (no loyalty link)
203,Guacamole,LOT-0500-A,CUST-TOK-30190,1,Loyalty-linked
203,Guacamole,LOT-0500-A,CUST-TOK-22338,5,Anonymous (no loyalty link)
203,Guacamole,LOT-0500-B,CUST-TOK-79022,6,Loyalty-linked
203,Guacamole,LOT-0500-B,CUST-TOK-84305,4,Anonymous (no loyalty link)
204,Guacamole,LOT-0500-A,CUST-TOK-71851,5,Loyalty-linked
204,Guacamole,LOT-0500-A,CUST-TOK-86490,1,Anonymous (no loyalty link)
204,Guacamole,LOT-0500-B,CUST-TOK-12529,2,Loyalty-linked
204,Guacamole,LOT-0500-B,CUST-TOK-49574,1,Anonymous (no loyalty link)
205,Guacamole,LOT-0500-A,CUST-TOK-50978,6,Loyalty-linked
205,Guacamole,LOT-0500-A,CUST-TOK-73060,4,Anonymous (no loyalty link)
205,Guacamole,LOT-0500-B,CUST-TOK-85919,1,Loyalty-linked
205,Guacamole,LOT-0500-B,CUST-TOK-26009,6,Anonymous (no loyalty link)
206,Guacamole,LOT-0500-A,CUST-TOK-62846,6,Loyalty-linked
206,Guacamole,LOT-0500-A,CUST-TOK-26518,2,Anonymous (no loyalty link)
206,Guacamole,LOT-0500-B,CUST-TOK-52480,4,Loyalty-linked
206,Guacamole,LOT-0500-B,CUST-TOK-93452,6,Anonymous (no loyalty link)
207,Guacamole,LOT-0500-A,CUST-TOK-97215,3,Loyalty-linked
207,Guacamole,LOT-0500-A,CUST-TOK-63018,6,Anonymous (no loyalty link)
207,Guacamole,LOT-0500-B,CUST-TOK-52065,6,Loyalty-linked
207,Guacamole,LOT-0500-B,CUST-TOK-57894,3,Anonymous (no loyalty link)
208,Guacamole,LOT-0500-A,CUST-TOK-65174,5,Loyalty-linked
208,Guacamole,LOT-0500-A,CUST-TOK-70544,4,Anonymous (no loyalty link)
208,Guacamole,LOT-0500-B,CUST-TOK-74122,4,Loyalty-linked
208,Guacamole,LOT-0500-B,CUST-TOK-49402,6,Anonymous (no loyalty link)
101,Salad Kit,LOT-1900-A,CUST-TOK-59963,4,Loyalty-linked
101,Salad Kit,LOT-1900-A,CUST-TOK-78469,1,Anonymous (no loyalty link)
101,Salad Kit,LOT-1900-B,CUST-TOK-63875,6,Loyalty-linked
101,Salad Kit,LOT-1900-B,CUST-TOK-66156,6,Anonymous (no loyalty link)
102,Salad Kit,LOT-1900-A,CUST-TOK-54022,1,Loyalty-linked
102,Salad Kit,LOT-1900-A,CUST-TOK-15502,6,Anonymous (no loyalty link)
102,Salad Kit,LOT-1900-B,CUST-TOK-33238,5,Loyalty-linked
102,Salad Kit,LOT-1900-B,CUST-TOK-82178,3,Anonymous (no loyalty link)
104,Salad Kit,LOT-1900-A,CUST-TOK-75289,4,Loyalty-linked
104,Salad Kit,LOT-1900-A,CUST-TOK-30465,1,Anonymous (no loyalty link)
104,Salad Kit,LOT-1900-B,CUST-TOK-18102,5,Loyalty-linked
104,Salad Kit,LOT-1900-B,CUST-TOK-83900,1,Anonymous (no loyalty link)
105,Salad Kit,LOT-1900-A,CUST-TOK-38176,2,Loyalty-linked
105,Salad Kit,LOT-1900-A,CUST-TOK-79232,1,Anonymous (no loyalty link)
105,Salad Kit,LOT-1900-B,CUST-TOK-82143,2,Loyalty-linked
105,Salad Kit,LOT-1900-B,CUST-TOK-44438,2,Anonymous (no loyalty link)
108,Salad Kit,LOT-1900-A,CUST-TOK-19654,5,Loyalty-linked
108,Salad Kit,LOT-1900-A,CUST-TOK-25556,3,Anonymous (no loyalty link)
108,Salad Kit,LOT-1900-B,CUST-TOK-65123,4,Loyalty-linked
108,Salad Kit,LOT-1900-B,CUST-TOK-60404,1,Anonymous (no loyalty link)
201,Salad Kit,LOT-1900-A,CUST-TOK-50348,3,Loyalty-linked
201,Salad Kit,LOT-1900-A,CUST-TOK-24662,4,Anonymous (no loyalty link)
201,Salad Kit,LOT-1900-B,CUST-TOK-96174,5,Loyalty-linked
201,Salad Kit,LOT-1900-B,CUST-TOK-20914,2,Anonymous (no loyalty link)
202,Salad Kit,LOT-1900-A,CUST-TOK-14996,4,Loyalty-linked
202,Salad Kit,LOT-1900-A,CUST-TOK-45140,4,Anonymous (no loyalty link)
202,Salad Kit,LOT-1900-B,CUST-TOK-99054,6,Loyalty-linked
202,Salad Kit,LOT-1900-B,CUST-TOK-11418,6,Anonymous (no loyalty link)
203,Salad Kit,LOT-1900-A,CUST-TOK-83240,5,Loyalty-linked
203,Salad Kit,LOT-1900-A,CUST-TOK-86299,6,Anonymous (no loyalty link)
203,Salad Kit,LOT-1900-B,CUST-TOK-58004,5,Loyalty-linked
203,Salad Kit,LOT-1900-B,CUST-TOK-35721,4,Anonymous (no loyalty link)
204,Salad Kit,LOT-1900-A,CUST-TOK-85636,3,Loyalty-linked
204,Salad Kit,LOT-1900-A,CUST-TOK-36736,5,Anonymous (no loyalty link)
204,Salad Kit,LOT-1900-B,CUST-TOK-83056,6,Loyalty-linked
204,Salad Kit,LOT-1900-B,CUST-TOK-86669,4,Anonymous (no loyalty link)
205,Salad Kit,LOT-1900-A,CUST-TOK-46518,4,Loyalty-linked
205,Salad Kit,LOT-1900-A,CUST-TOK-93222,5,Anonymous (no loyalty link)
205,Salad Kit,LOT-1900-B,CUST-TOK-26734,1,Loyalty-linked
205,Salad Kit,LOT-1900-B,CUST-TOK-34412,6,Anonymous (no loyalty link)
206,Salad Kit,LOT-1900-A,CUST-TOK-33340,6,Loyalty-linked
206,Salad Kit,LOT-1900-A,CUST-TOK-62201,4,Anonymous (no loyalty link)
206,Salad Kit,LOT-1900-B,CUST-TOK-52898,4,Loyalty-linked
206,Salad Kit,LOT-1900-B,CUST-TOK-36317,1,Anonymous (no loyalty link)
207,Salad Kit,LOT-1900-A,CUST-TOK-18378,4,Loyalty-linked
207,Salad Kit,LOT-1900-A,CUST-TOK-29486,4,Anonymous (no loyalty link)
207,Salad Kit,LOT-1900-B,CUST-TOK-39075,1,Loyalty-linked
207,Salad Kit,LOT-1900-B,CUST-TOK-53105,4,Anonymous (no loyalty link)
101,Spinach,LOT-2600-A,CUST-TOK-75386,3,Loyalty-linked
101,Spinach,LOT-2600-A,CUST-TOK-77860,1,Anonymous (no loyalty link)
101,Spinach,LOT-2600-B,CUST-TOK-76257,1,Loyalty-linked
101,Spinach,LOT-2600-B,CUST-TOK-82656,1,Anonymous (no loyalty link)
102,Spinach,LOT-2600-A,CUST-TOK-22097,4,Loyalty-linked
102,Spinach,LOT-2600-A,CUST-TOK-15130,4,Anonymous (no loyalty link)
102,Spinach,LOT-2600-B,CUST-TOK-60632,1,Loyalty-linked
102,Spinach,LOT-2600-B,CUST-TOK-14505,3,Anonymous (no loyalty link)
103,Spinach,LOT-2600-A,CUST-TOK-90387,3,Loyalty-linked
103,Spinach,LOT-2600-A,CUST-TOK-95867,3,Anonymous (no loyalty link)
103,Spinach,LOT-2600-B,CUST-TOK-68600,4,Loyalty-linked
103,Spinach,LOT-2600-B,CUST-TOK-47107,4,Anonymous (no loyalty link)
104,Spinach,LOT-2600-A,CUST-TOK-61642,1,Loyalty-linked
104,Spinach,LOT-2600-A,CUST-TOK-64374,3,Anonymous (no loyalty link)
104,Spinach,LOT-2600-B,CUST-TOK-85735,3,Loyalty-linked
104,Spinach,LOT-2600-B,CUST-TOK-79390,1,Anonymous (no loyalty link)
105,Spinach,LOT-2600-A,CUST-TOK-50878,4,Loyalty-linked
105,Spinach,LOT-2600-A,CUST-TOK-38293,6,Anonymous (no loyalty link)
105,Spinach,LOT-2600-B,CUST-TOK-70138,2,Loyalty-linked
105,Spinach,LOT-2600-B,CUST-TOK-38825,5,Anonymous (no loyalty link)
107,Spinach,LOT-2600-A,CUST-TOK-27826,4,Loyalty-linked
107,Spinach,LOT-2600-A,CUST-TOK-93285,4,Anonymous (no loyalty link)
107,Spinach,LOT-2600-B,CUST-TOK-36690,1,Loyalty-linked
107,Spinach,LOT-2600-B,CUST-TOK-50412,4,Anonymous (no loyalty link)
108,Spinach,LOT-2600-A,CUST-TOK-54909,1,Loyalty-linked
108,Spinach,LOT-2600-A,CUST-TOK-79341,6,Anonymous (no loyalty link)
108,Spinach,LOT-2600-B,CUST-TOK-53829,5,Loyalty-linked
108,Spinach,LOT-2600-B,CUST-TOK-84845,1,Anonymous (no loyalty link)
201,Spinach,LOT-2600-A,CUST-TOK-94860,2,Loyalty-linked
201,Spinach,LOT-2600-A,CUST-TOK-75237,5,Anonymous (no loyalty link)
201,Spinach,LOT-2600-B,CUST-TOK-47968,6,Loyalty-linked
201,Spinach,LOT-2600-B,CUST-TOK-13188,3,Anonymous (no loyalty link)
202,Spinach,LOT-2600-A,CUST-TOK-68417,3,Loyalty-linked
202,Spinach,LOT-2600-A,CUST-TOK-34077,3,Anonymous (no loyalty link)
202,Spinach,LOT-2600-B,CUST-TOK-48916,3,Loyalty-linked
202,Spinach,LOT-2600-B,CUST-TOK-13209,6,Anonymous (no loyalty link)
203,Spinach,LOT-2600-A,CUST-TOK-62954,2,Loyalty-linked
203,Spinach,LOT-2600-A,CUST-TOK-10660,2,Anonymous (no loyalty link)
203,Spinach,LOT-2600-B,CUST-TOK-34414,3,Loyalty-linked
203,Spinach,LOT-2600-B,CUST-TOK-30533,1,Anonymous (no loyalty link)
205,Spinach,LOT-2600-A,CUST-TOK-58708,3,Loyalty-linked
205,Spinach,LOT-2600-A,CUST-TOK-24341,3,Anonymous (no loyalty link)
205,Spinach,LOT-2600-B,CUST-TOK-29863,5,Loyalty-linked
205,Spinach,LOT-2600-B,CUST-TOK-42088,4,Anonymous (no loyalty link)
206,Spinach,LOT-2600-A,CUST-TOK-37473,1,Loyalty-linked
206,Spinach,LOT-2600-A,CUST-TOK-94989,5,Anonymous (no loyalty link)
206,Spinach,LOT-2600-B,CUST-TOK-36282,4,Loyalty-linked
206,Spinach,LOT-2600-B,CUST-TOK-27725,3,Anonymous (no loyalty link)
101,Romaine Lettuce,LOT-3300-A,CUST-TOK-34892,4,Loyalty-linked
101,Romaine Lettuce,LOT-3300-A,CUST-TOK-45706,5,Anonymous (no loyalty link)
101,Romaine Lettuce,LOT-3300-B,CUST-TOK-79161,5,Loyalty-linked
101,Romaine Lettuce,LOT-3300-B,CUST-TOK-72046,2,Anonymous (no loyalty link)
102,Romaine Lettuce,LOT-3300-A,CUST-TOK-52455,6,Loyalty-linked
102,Romaine Lettuce,LOT-3300-A,CUST-TOK-10390,5,Anonymous (no loyalty link)
102,Romaine Lettuce,LOT-3300-B,CUST-TOK-24313,1,Loyalty-linked
102,Romaine Lettuce,LOT-3300-B,CUST-TOK-51081,3,Anonymous (no loyalty link)
105,Romaine Lettuce,LOT-3300-A,CUST-TOK-55375,1,Loyalty-linked
105,Romaine Lettuce,LOT-3300-A,CUST-TOK-24619,6,Anonymous (no loyalty link)
105,Romaine Lettuce,LOT-3300-B,CUST-TOK-27597,3,Loyalty-linked
105,Romaine Lettuce,LOT-3300-B,CUST-TOK-30130,2,Anonymous (no loyalty link)
106,Romaine Lettuce,LOT-3300-A,CUST-TOK-19250,4,Loyalty-linked
106,Romaine Lettuce,LOT-3300-A,CUST-TOK-40737,5,Anonymous (no loyalty link)
106,Romaine Lettuce,LOT-3300-B,CUST-TOK-96748,1,Loyalty-linked
106,Romaine Lettuce,LOT-3300-B,CUST-TOK-86143,5,Anonymous (no loyalty link)
107,Romaine Lettuce,LOT-3300-A,CUST-TOK-14432,2,Loyalty-linked
107,Romaine Lettuce,LOT-3300-A,CUST-TOK-65299,3,Anonymous (no loyalty link)
107,Romaine Lettuce,LOT-3300-B,CUST-TOK-16748,2,Loyalty-linked
107,Romaine Lettuce,LOT-3300-B,CUST-TOK-23231,3,Anonymous (no loyalty link)
201,Romaine Lettuce,LOT-3300-A,CUST-TOK-70160,3,Loyalty-linked
201,Romaine Lettuce,LOT-3300-A,CUST-TOK-50600,6,Anonymous (no loyalty link)
201,Romaine Lettuce,LOT-3300-B,CUST-TOK-37631,1,Loyalty-linked
201,Romaine Lettuce,LOT-3300-B,CUST-TOK-59857,5,Anonymous (no loyalty link)
203,Romaine Lettuce,LOT-3300-A,CUST-TOK-45478,5,Loyalty-linked
203,Romaine Lettuce,LOT-3300-A,CUST-TOK-72164,4,Anonymous (no loyalty link)
203,Romaine Lettuce,LOT-3300-B,CUST-TOK-67977,6,Loyalty-linked
203,Romaine Lettuce,LOT-3300-B,CUST-TOK-17814,1,Anonymous (no loyalty link)
205,Romaine Lettuce,LOT-3300-A,CUST-TOK-61333,5,Loyalty-linked
205,Romaine Lettuce,LOT-3300-A,CUST-TOK-97511,4,Anonymous (no loyalty link)
205,Romaine Lettuce,LOT-3300-B,CUST-TOK-64020,2,Loyalty-linked
205,Romaine Lettuce,LOT-3300-B,CUST-TOK-99660,4,Anonymous (no loyalty link)
206,Romaine Lettuce,LOT-3300-A,CUST-TOK-65869,6,Loyalty-linked
206,Romaine Lettuce,LOT-3300-A,CUST-TOK-98240,6,Anonymous (no loyalty link)
206,Romaine Lettuce,LOT-3300-B,CUST-TOK-90032,5,Loyalty-linked
206,Romaine Lettuce,LOT-3300-B,CUST-TOK-70244,2,Anonymous (no loyalty link)
207,Romaine Lettuce,LOT-3300-A,CUST-TOK-22144,6,Loyalty-linked
207,Romaine Lettuce,LOT-3300-A,CUST-TOK-32158,6,Anonymous (no loyalty link)
207,Romaine Lettuce,LOT-3300-B,CUST-TOK-54326,5,Loyalty-linked
207,Romaine Lettuce,LOT-3300-B,CUST-TOK-15544,2,Anonymous (no loyalty link)
208,Romaine Lettuce,LOT-3300-A,CUST-TOK-17014,5,Loyalty-linked
208,Romaine Lettuce,LOT-3300-A,CUST-TOK-95961,4,Anonymous (no loyalty link)
208,Romaine Lettuce,LOT-3300-B,CUST-TOK-86180,1,Loyalty-linked
208,Romaine Lettuce,LOT-3300-B,CUST-TOK-39523,6,Anonymous (no loyalty link)
101,Cut Fruit Cup,LOT-4700-A,CUST-TOK-89810,4,Loyalty-linked
101,Cut Fruit Cup,LOT-4700-A,CUST-TOK-26674,4,Anonymous (no loyalty link)
101,Cut Fruit Cup,LOT-4700-B,CUST-TOK-98580,4,Loyalty-linked
101,Cut Fruit Cup,LOT-4700-B,CUST-TOK-96621,6,Anonymous (no loyalty link)
102,Cut Fruit Cup,LOT-4700-A,CUST-TOK-33852,2,Loyalty-linked
102,Cut Fruit Cup,LOT-4700-A,CUST-TOK-42493,6,Anonymous (no loyalty link)
102,Cut Fruit Cup,LOT-4700-B,CUST-TOK-49764,5,Loyalty-linked
102,Cut Fruit Cup,LOT-4700-B,CUST-TOK-75160,4,Anonymous (no loyalty link)
103,Cut Fruit Cup,LOT-4700-A,CUST-TOK-30897,1,Loyalty-linked
103,Cut Fruit Cup,LOT-4700-A,CUST-TOK-38796,5,Anonymous (no loyalty link)
103,Cut Fruit Cup,LOT-4700-B,CUST-TOK-31251,3,Loyalty-linked
103,Cut Fruit Cup,LOT-4700-B,CUST-TOK-98140,3,Anonymous (no loyalty link)
104,Cut Fruit Cup,LOT-4700-A,CUST-TOK-71474,6,Loyalty-linked
104,Cut Fruit Cup,LOT-4700-A,CUST-TOK-25940,1,Anonymous (no loyalty link)
104,Cut Fruit Cup,LOT-4700-B,CUST-TOK-80295,3,Loyalty-linked
104,Cut Fruit Cup,LOT-4700-B,CUST-TOK-30955,1,Anonymous (no loyalty link)
105,Cut Fruit Cup,LOT-4700-A,CUST-TOK-52148,5,Loyalty-linked
105,Cut Fruit Cup,LOT-4700-A,CUST-TOK-62536,5,Anonymous (no loyalty link)
105,Cut Fruit Cup,LOT-4700-B,CUST-TOK-99846,6,Loyalty-linked
105,Cut Fruit Cup,LOT-4700-B,CUST-TOK-40853,1,Anonymous (no loyalty link)
106,Cut Fruit Cup,LOT-4700-A,CUST-TOK-80748,1,Loyalty-linked
106,Cut Fruit Cup,LOT-4700-A,CUST-TOK-40032,5,Anonymous (no loyalty link)
106,Cut Fruit Cup,LOT-4700-B,CUST-TOK-43999,3,Loyalty-linked
106,Cut Fruit Cup,LOT-4700-B,CUST-TOK-84389,4,Anonymous (no loyalty link)
201,Cut Fruit Cup,LOT-4700-A,CUST-TOK-34681,2,Loyalty-linked
201,Cut Fruit Cup,LOT-4700-A,CUST-TOK-65077,1,Anonymous (no loyalty link)
201,Cut Fruit Cup,LOT-4700-B,CUST-TOK-86629,2,Loyalty-linked
201,Cut Fruit Cup,LOT-4700-B,CUST-TOK-96582,1,Anonymous (no loyalty link)
203,Cut Fruit Cup,LOT-4700-A,CUST-TOK-20029,5,Loyalty-linked
203,Cut Fruit Cup,LOT-4700-A,CUST-TOK-98155,3,Anonymous (no loyalty link)
203,Cut Fruit Cup,LOT-4700-B,CUST-TOK-52415,2,Loyalty-linked
203,Cut Fruit Cup,LOT-4700-B,CUST-TOK-77280,2,Anonymous (no loyalty link)
205,Cut Fruit Cup,LOT-4700-A,CUST-TOK-20855,4,Loyalty-linked
205,Cut Fruit Cup,LOT-4700-A,CUST-TOK-71097,3,Anonymous (no loyalty link)
205,Cut Fruit Cup,LOT-4700-B,CUST-TOK-12451,6,Loyalty-linked
205,Cut Fruit Cup,LOT-4700-B,CUST-TOK-43206,5,Anonymous (no loyalty link)
206,Cut Fruit Cup,LOT-4700-A,CUST-TOK-74137,3,Loyalty-linked
206,Cut Fruit Cup,LOT-4700-A,CUST-TOK-53439,6,Anonymous (no loyalty link)
206,Cut Fruit Cup,LOT-4700-B,CUST-TOK-72514,4,Loyalty-linked
206,Cut Fruit Cup,LOT-4700-B,CUST-TOK-59323,2,Anonymous (no loyalty link)
207,Cut Fruit Cup,LOT-4700-A,CUST-TOK-72081,5,Loyalty-linked
207,Cut Fruit Cup,LOT-4700-A,CUST-TOK-80879,2,Anonymous (no loyalty link)
207,Cut Fruit Cup,LOT-4700-B,CUST-TOK-46789,4,Loyalty-linked
207,Cut Fruit Cup,LOT-4700-B,CUST-TOK-45113,2,Anonymous (no loyalty link)
208,Cut Fruit Cup,LOT-4700-A,CUST-TOK-36335,1,Loyalty-linked
208,Cut Fruit Cup,LOT-4700-A,CUST-TOK-45580,1,Anonymous (no loyalty link)
208,Cut Fruit Cup,LOT-4700-B,CUST-TOK-94746,3,Loyalty-linked
208,Cut Fruit Cup,LOT-4700-B,CUST-TOK-70317,5,Anonymous (no loyalty link)
101,Cream Cheese,LOT-8900-A,CUST-TOK-14267,1,Loyalty-linked
101,Cream Cheese,LOT-8900-A,CUST-TOK-38609,1,Anonymous (no loyalty link)
101,Cream Cheese,LOT-8900-B,CUST-TOK-74276,5,Loyalty-linked
101,Cream Cheese,LOT-8900-B,CUST-TOK-79757,5,Anonymous (no loyalty link)
102,Cream Cheese,LOT-8900-A,CUST-TOK-37860,5,Loyalty-linked
102,Cream Cheese,LOT-8900-A,CUST-TOK-13391,4,Anonymous (no loyalty link)
102,Cream Cheese,LOT-8900-B,CUST-TOK-77823,5,Loyalty-linked
102,Cream Cheese,LOT-8900-B,CUST-TOK-24341,1,Anonymous (no loyalty link)
103,Cream Cheese,LOT-8900-A,CUST-TOK-78672,6,Loyalty-linked
103,Cream Cheese,LOT-8900-A,CUST-TOK-78751,5,Anonymous (no loyalty link)
103,Cream Cheese,LOT-8900-B,CUST-TOK-15517,3,Loyalty-linked
103,Cream Cheese,LOT-8900-B,CUST-TOK-26689,2,Anonymous (no loyalty link)
104,Cream Cheese,LOT-8900-A,CUST-TOK-95988,1,Loyalty-linked
104,Cream Cheese,LOT-8900-A,CUST-TOK-98963,4,Anonymous (no loyalty link)
104,Cream Cheese,LOT-8900-B,CUST-TOK-30840,4,Loyalty-linked
104,Cream Cheese,LOT-8900-B,CUST-TOK-94388,6,Anonymous (no loyalty link)
106,Cream Cheese,LOT-8900-A,CUST-TOK-41977,1,Loyalty-linked
106,Cream Cheese,LOT-8900-A,CUST-TOK-48246,6,Anonymous (no loyalty link)
106,Cream Cheese,LOT-8900-B,CUST-TOK-25417,5,Loyalty-linked
106,Cream Cheese,LOT-8900-B,CUST-TOK-93415,3,Anonymous (no loyalty link)
108,Cream Cheese,LOT-8900-A,CUST-TOK-17970,1,Loyalty-linked
108,Cream Cheese,LOT-8900-A,CUST-TOK-69570,6,Anonymous (no loyalty link)
108,Cream Cheese,LOT-8900-B,CUST-TOK-31173,2,Loyalty-linked
108,Cream Cheese,LOT-8900-B,CUST-TOK-79116,5,Anonymous (no loyalty link)
201,Cream Cheese,LOT-8900-A,CUST-TOK-16021,3,Loyalty-linked
201,Cream Cheese,LOT-8900-A,CUST-TOK-30420,5,Anonymous (no loyalty link)
201,Cream Cheese,LOT-8900-B,CUST-TOK-86300,1,Loyalty-linked
201,Cream Cheese,LOT-8900-B,CUST-TOK-16688,6,Anonymous (no loyalty link)
202,Cream Cheese,LOT-8900-A,CUST-TOK-26445,5,Loyalty-linked
202,Cream Cheese,LOT-8900-A,CUST-TOK-23341,6,Anonymous (no loyalty link)
202,Cream Cheese,LOT-8900-B,CUST-TOK-83542,1,Loyalty-linked
202,Cream Cheese,LOT-8900-B,CUST-TOK-45824,2,Anonymous (no loyalty link)
203,Cream Cheese,LOT-8900-A,CUST-TOK-83505,4,Loyalty-linked
203,Cream Cheese,LOT-8900-A,CUST-TOK-25459,5,Anonymous (no loyalty link)
203,Cream Cheese,LOT-8900-B,CUST-TOK-77334,5,Loyalty-linked
203,Cream Cheese,LOT-8900-B,CUST-TOK-86576,3,Anonymous (no loyalty link)
204,Cream Cheese,LOT-8900-A,CUST-TOK-45088,4,Loyalty-linked
204,Cream Cheese,LOT-8900-A,CUST-TOK-28203,3,Anonymous (no loyalty link)
204,Cream Cheese,LOT-8900-B,CUST-TOK-80616,6,Loyalty-linked
204,Cream Cheese,LOT-8900-B,CUST-TOK-57992,2,Anonymous (no loyalty link)
206,Cream Cheese,LOT-8900-A,CUST-TOK-82059,4,Loyalty-linked
206,Cream Cheese,LOT-8900-A,CUST-TOK-75617,5,Anonymous (no loyalty link)
206,Cream Cheese,LOT-8900-B,CUST-TOK-67044,5,Loyalty-linked
206,Cream Cheese,LOT-8900-B,CUST-TOK-85241,3,Anonymous (no loyalty link)
207,Cream Cheese,LOT-8900-A,CUST-TOK-67414,5,Loyalty-linked
207,Cream Cheese,LOT-8900-A,CUST-TOK-18625,2,Anonymous (no loyalty link)
207,Cream Cheese,LOT-8900-B,CUST-TOK-23755,2,Loyalty-linked
207,Cream Cheese,LOT-8900-B,CUST-TOK-50208,1,Anonymous (no loyalty link)
208,Cream Cheese,LOT-8900-A,CUST-TOK-98387,2,Loyalty-linked
208,Cream Cheese,LOT-8900-A,CUST-TOK-47675,6,Anonymous (no loyalty link)
208,Cream Cheese,LOT-8900-B,CUST-TOK-75734,6,Loyalty-linked
208,Cream Cheese,LOT-8900-B,CUST-TOK-81963,4,Anonymous (no loyalty link)
101,Cheddar Cheese,LOT-9600-A,CUST-TOK-39466,3,Loyalty-linked
101,Cheddar Cheese,LOT-9600-A,CUST-TOK-11572,5,Anonymous (no loyalty link)
101,Cheddar Cheese,LOT-9600-B,CUST-TOK-57815,6,Loyalty-linked
101,Cheddar Cheese,LOT-9600-B,CUST-TOK-49459,3,Anonymous (no loyalty link)
102,Cheddar Cheese,LOT-9600-A,CUST-TOK-72586,1,Loyalty-linked
102,Cheddar Cheese,LOT-9600-A,CUST-TOK-71081,3,Anonymous (no loyalty link)
102,Cheddar Cheese,LOT-9600-B,CUST-TOK-69782,6,Loyalty-linked
102,Cheddar Cheese,LOT-9600-B,CUST-TOK-64952,5,Anonymous (no loyalty link)
104,Cheddar Cheese,LOT-9600-A,CUST-TOK-86617,6,Loyalty-linked
104,Cheddar Cheese,LOT-9600-A,CUST-TOK-76182,3,Anonymous (no loyalty link)
104,Cheddar Cheese,LOT-9600-B,CUST-TOK-23554,1,Loyalty-linked
104,Cheddar Cheese,LOT-9600-B,CUST-TOK-10956,2,Anonymous (no loyalty link)
105,Cheddar Cheese,LOT-9600-A,CUST-TOK-11181,2,Loyalty-linked
105,Cheddar Cheese,LOT-9600-A,CUST-TOK-67060,6,Anonymous (no loyalty link)
105,Cheddar Cheese,LOT-9600-B,CUST-TOK-92924,2,Loyalty-linked
105,Cheddar Cheese,LOT-9600-B,CUST-TOK-86431,3,Anonymous (no loyalty link)
106,Cheddar Cheese,LOT-9600-A,CUST-TOK-38042,3,Loyalty-linked
106,Cheddar Cheese,LOT-9600-A,CUST-TOK-90355,5,Anonymous (no loyalty link)
106,Cheddar Cheese,LOT-9600-B,CUST-TOK-11873,5,Loyalty-linked
106,Cheddar Cheese,LOT-9600-B,CUST-TOK-87288,6,Anonymous (no loyalty link)
107,Cheddar Cheese,LOT-9600-A,CUST-TOK-20339,3,Loyalty-linked
107,Cheddar Cheese,LOT-9600-A,CUST-TOK-78390,6,Anonymous (no loyalty link)
107,Cheddar Cheese,LOT-9600-B,CUST-TOK-34107,1,Loyalty-linked
107,Cheddar Cheese,LOT-9600-B,CUST-TOK-70574,6,Anonymous (no loyalty link)
108,Cheddar Cheese,LOT-9600-A,CUST-TOK-24544,4,Loyalty-linked
108,Cheddar Cheese,LOT-9600-A,CUST-TOK-36631,3,Anonymous (no loyalty link)
108,Cheddar Cheese,LOT-9600-B,CUST-TOK-16440,6,Loyalty-linked
108,Cheddar Cheese,LOT-9600-B,CUST-TOK-42904,3,Anonymous (no loyalty link)
201,Cheddar Cheese,LOT-9600-A,CUST-TOK-98902,4,Loyalty-linked
201,Cheddar Cheese,LOT-9600-A,CUST-TOK-87105,4,Anonymous (no loyalty link)
201,Cheddar Cheese,LOT-9600-B,CUST-TOK-75715,2,Loyalty-linked
201,Cheddar Cheese,LOT-9600-B,CUST-TOK-92450,6,Anonymous (no loyalty link)
202,Cheddar Cheese,LOT-9600-A,CUST-TOK-56326,2,Loyalty-linked
202,Cheddar Cheese,LOT-9600-A,CUST-TOK-56502,1,Anonymous (no loyalty link)
202,Cheddar Cheese,LOT-9600-B,CUST-TOK-41259,4,Loyalty-linked
202,Cheddar Cheese,LOT-9600-B,CUST-TOK-86858,3,Anonymous (no loyalty link)
205,Cheddar Cheese,LOT-9600-A,CUST-TOK-77518,1,Loyalty-linked
205,Cheddar Cheese,LOT-9600-A,CUST-TOK-93505,2,Anonymous (no loyalty link)
205,Cheddar Cheese,LOT-9600-B,CUST-TOK-64518,5,Loyalty-linked
205,Cheddar Cheese,LOT-9600-B,CUST-TOK-82065,2,Anonymous (no loyalty link)
206,Cheddar Cheese,LOT-9600-A,CUST-TOK-77869,5,Loyalty-linked
206,Cheddar Cheese,LOT-9600-A,CUST-TOK-37085,4,Anonymous (no loyalty link)
206,Cheddar Cheese,LOT-9600-B,CUST-TOK-93890,1,Loyalty-linked
206,Cheddar Cheese,LOT-9600-B,CUST-TOK-63968,6,Anonymous (no loyalty link)
207,Cheddar Cheese,LOT-9600-A,CUST-TOK-12513,4,Loyalty-linked
207,Cheddar Cheese,LOT-9600-A,CUST-TOK-97586,1,Anonymous (no loyalty link)
207,Cheddar Cheese,LOT-9600-B,CUST-TOK-59691,1,Loyalty-linked
207,Cheddar Cheese,LOT-9600-B,CUST-TOK-21054,3,Anonymous (no loyalty link)
208,Cheddar Cheese,LOT-9600-A,CUST-TOK-35640,1,Loyalty-linked
208,Cheddar Cheese,LOT-9600-A,CUST-TOK-38343,1,Anonymous (no loyalty link)
208,Cheddar Cheese,LOT-9600-B,CUST-TOK-59536,1,Loyalty-linked
208,Cheddar Cheese,LOT-9600-B,CUST-TOK-85224,6,Anonymous (no loyalty link)
101,Shredded Cheese,LOT-0300-A,CUST-TOK-46721,5,Loyalty-linked
101,Shredded Cheese,LOT-0300-A,CUST-TOK-90340,1,Anonymous (no loyalty link)
101,Shredded Cheese,LOT-0300-B,CUST-TOK-99732,4,Loyalty-linked
101,Shredded Cheese,LOT-0300-B,CUST-TOK-43051,5,Anonymous (no loyalty link)
102,Shredded Cheese,LOT-0300-A,CUST-TOK-66674,3,Loyalty-linked
102,Shredded Cheese,LOT-0300-A,CUST-TOK-43356,5,Anonymous (no loyalty link)
102,Shredded Cheese,LOT-0300-B,CUST-TOK-93476,1,Loyalty-linked
102,Shredded Cheese,LOT-0300-B,CUST-TOK-88961,6,Anonymous (no loyalty link)
103,Shredded Cheese,LOT-0300-A,CUST-TOK-65836,4,Loyalty-linked
103,Shredded Cheese,LOT-0300-A,CUST-TOK-93091,1,Anonymous (no loyalty link)
103,Shredded Cheese,LOT-0300-B,CUST-TOK-47089,1,Loyalty-linked
103,Shredded Cheese,LOT-0300-B,CUST-TOK-37997,1,Anonymous (no loyalty link)
104,Shredded Cheese,LOT-0300-A,CUST-TOK-89912,3,Loyalty-linked
104,Shredded Cheese,LOT-0300-A,CUST-TOK-12447,6,Anonymous (no loyalty link)
104,Shredded Cheese,LOT-0300-B,CUST-TOK-49389,5,Loyalty-linked
104,Shredded Cheese,LOT-0300-B,CUST-TOK-49552,6,Anonymous (no loyalty link)
105,Shredded Cheese,LOT-0300-A,CUST-TOK-73398,3,Loyalty-linked
105,Shredded Cheese,LOT-0300-A,CUST-TOK-54050,6,Anonymous (no loyalty link)
105,Shredded Cheese,LOT-0300-B,CUST-TOK-95824,1,Loyalty-linked
105,Shredded Cheese,LOT-0300-B,CUST-TOK-35784,1,Anonymous (no loyalty link)
106,Shredded Cheese,LOT-0300-A,CUST-TOK-14163,1,Loyalty-linked
106,Shredded Cheese,LOT-0300-A,CUST-TOK-59256,6,Anonymous (no loyalty link)
106,Shredded Cheese,LOT-0300-B,CUST-TOK-39486,5,Loyalty-linked
106,Shredded Cheese,LOT-0300-B,CUST-TOK-24305,6,Anonymous (no loyalty link)
107,Shredded Cheese,LOT-0300-A,CUST-TOK-12933,3,Loyalty-linked
107,Shredded Cheese,LOT-0300-A,CUST-TOK-12649,2,Anonymous (no loyalty link)
107,Shredded Cheese,LOT-0300-B,CUST-TOK-67018,3,Loyalty-linked
107,Shredded Cheese,LOT-0300-B,CUST-TOK-75786,1,Anonymous (no loyalty link)
108,Shredded Cheese,LOT-0300-A,CUST-TOK-79411,5,Loyalty-linked
108,Shredded Cheese,LOT-0300-A,CUST-TOK-16027,4,Anonymous (no loyalty link)
108,Shredded Cheese,LOT-0300-B,CUST-TOK-91372,6,Loyalty-linked
108,Shredded Cheese,LOT-0300-B,CUST-TOK-25229,4,Anonymous (no loyalty link)
201,Shredded Cheese,LOT-0300-A,CUST-TOK-90334,6,Loyalty-linked
201,Shredded Cheese,LOT-0300-A,CUST-TOK-29536,4,Anonymous (no loyalty link)
201,Shredded Cheese,LOT-0300-B,CUST-TOK-12644,2,Loyalty-linked
201,Shredded Cheese,LOT-0300-B,CUST-TOK-32346,3,Anonymous (no loyalty link)
202,Shredded Cheese,LOT-0300-A,CUST-TOK-14462,4,Loyalty-linked
202,Shredded Cheese,LOT-0300-A,CUST-TOK-35841,1,Anonymous (no loyalty link)
202,Shredded Cheese,LOT-0300-B,CUST-TOK-79411,5,Loyalty-linked
202,Shredded Cheese,LOT-0300-B,CUST-TOK-66649,1,Anonymous (no loyalty link)
203,Shredded Cheese,LOT-0300-A,CUST-TOK-30800,3,Loyalty-linked
203,Shredded Cheese,LOT-0300-A,CUST-TOK-31797,5,Anonymous (no loyalty link)
203,Shredded Cheese,LOT-0300-B,CUST-TOK-33858,3,Loyalty-linked
203,Shredded Cheese,LOT-0300-B,CUST-TOK-25696,6,Anonymous (no loyalty link)
204,Shredded Cheese,LOT-0300-A,CUST-TOK-53726,6,Loyalty-linked
204,Shredded Cheese,LOT-0300-A,CUST-TOK-23679,5,Anonymous (no loyalty link)
204,Shredded Cheese,LOT-0300-B,CUST-TOK-86697,6,Loyalty-linked
204,Shredded Cheese,LOT-0300-B,CUST-TOK-18415,6,Anonymous (no loyalty link)
205,Shredded Cheese,LOT-0300-A,CUST-TOK-84113,2,Loyalty-linked
205,Shredded Cheese,LOT-0300-A,CUST-TOK-61546,6,Anonymous (no loyalty link)
205,Shredded Cheese,LOT-0300-B,CUST-TOK-77503,6,Loyalty-linked
205,Shredded Cheese,LOT-0300-B,CUST-TOK-86873,1,Anonymous (no loyalty link)
101,Whole Milk,LOT-1700-A,CUST-TOK-78514,5,Loyalty-linked
101,Whole Milk,LOT-1700-A,CUST-TOK-99641,1,Anonymous (no loyalty link)
101,Whole Milk,LOT-1700-B,CUST-TOK-34421,6,Loyalty-linked
101,Whole Milk,LOT-1700-B,CUST-TOK-73671,4,Anonymous (no loyalty link)
102,Whole Milk,LOT-1700-A,CUST-TOK-81555,3,Loyalty-linked
102,Whole Milk,LOT-1700-A,CUST-TOK-42160,5,Anonymous (no loyalty link)
102,Whole Milk,LOT-1700-B,CUST-TOK-57131,5,Loyalty-linked
102,Whole Milk,LOT-1700-B,CUST-TOK-89815,3,Anonymous (no loyalty link)
104,Whole Milk,LOT-1700-A,CUST-TOK-98875,6,Loyalty-linked
104,Whole Milk,LOT-1700-A,CUST-TOK-41823,1,Anonymous (no loyalty link)
104,Whole Milk,LOT-1700-B,CUST-TOK-64747,6,Loyalty-linked
104,Whole Milk,LOT-1700-B,CUST-TOK-27308,6,Anonymous (no loyalty link)
105,Whole Milk,LOT-1700-A,CUST-TOK-35361,4,Loyalty-linked
105,Whole Milk,LOT-1700-A,CUST-TOK-73810,6,Anonymous (no loyalty link)
105,Whole Milk,LOT-1700-B,CUST-TOK-60472,1,Loyalty-linked
105,Whole Milk,LOT-1700-B,CUST-TOK-23889,2,Anonymous (no loyalty link)
106,Whole Milk,LOT-1700-A,CUST-TOK-40165,6,Loyalty-linked
106,Whole Milk,LOT-1700-A,CUST-TOK-51606,3,Anonymous (no loyalty link)
106,Whole Milk,LOT-1700-B,CUST-TOK-76454,4,Loyalty-linked
106,Whole Milk,LOT-1700-B,CUST-TOK-22005,1,Anonymous (no loyalty link)
107,Whole Milk,LOT-1700-A,CUST-TOK-62042,2,Loyalty-linked
107,Whole Milk,LOT-1700-A,CUST-TOK-11268,1,Anonymous (no loyalty link)
107,Whole Milk,LOT-1700-B,CUST-TOK-94432,2,Loyalty-linked
107,Whole Milk,LOT-1700-B,CUST-TOK-68712,5,Anonymous (no loyalty link)
108,Whole Milk,LOT-1700-A,CUST-TOK-70309,5,Loyalty-linked
108,Whole Milk,LOT-1700-A,CUST-TOK-62060,5,Anonymous (no loyalty link)
108,Whole Milk,LOT-1700-B,CUST-TOK-56955,2,Loyalty-linked
108,Whole Milk,LOT-1700-B,CUST-TOK-23980,2,Anonymous (no loyalty link)
201,Whole Milk,LOT-1700-A,CUST-TOK-88948,6,Loyalty-linked
201,Whole Milk,LOT-1700-A,CUST-TOK-73844,1,Anonymous (no loyalty link)
201,Whole Milk,LOT-1700-B,CUST-TOK-84311,2,Loyalty-linked
201,Whole Milk,LOT-1700-B,CUST-TOK-14782,5,Anonymous (no loyalty link)
202,Whole Milk,LOT-1700-A,CUST-TOK-69809,6,Loyalty-linked
202,Whole Milk,LOT-1700-A,CUST-TOK-45789,6,Anonymous (no loyalty link)
202,Whole Milk,LOT-1700-B,CUST-TOK-82732,1,Loyalty-linked
202,Whole Milk,LOT-1700-B,CUST-TOK-70107,5,Anonymous (no loyalty link)
203,Whole Milk,LOT-1700-A,CUST-TOK-58960,1,Loyalty-linked
203,Whole Milk,LOT-1700-A,CUST-TOK-55401,3,Anonymous (no loyalty link)
203,Whole Milk,LOT-1700-B,CUST-TOK-45197,6,Loyalty-linked
203,Whole Milk,LOT-1700-B,CUST-TOK-88940,2,Anonymous (no loyalty link)
206,Whole Milk,LOT-1700-A,CUST-TOK-57037,3,Loyalty-linked
206,Whole Milk,LOT-1700-A,CUST-TOK-99496,5,Anonymous (no loyalty link)
206,Whole Milk,LOT-1700-B,CUST-TOK-68775,2,Loyalty-linked
206,Whole Milk,LOT-1700-B,CUST-TOK-29276,2,Anonymous (no loyalty link)
207,Whole Milk,LOT-1700-A,CUST-TOK-82894,2,Loyalty-linked
207,Whole Milk,LOT-1700-A,CUST-TOK-90570,5,Anonymous (no loyalty link)
207,Whole Milk,LOT-1700-B,CUST-TOK-70557,3,Loyalty-linked
207,Whole Milk,LOT-1700-B,CUST-TOK-49560,2,Anonymous (no loyalty link)
208,Whole Milk,LOT-1700-A,CUST-TOK-82429,5,Loyalty-linked
208,Whole Milk,LOT-1700-A,CUST-TOK-32892,4,Anonymous (no loyalty link)
208,Whole Milk,LOT-1700-B,CUST-TOK-58423,6,Loyalty-linked
208,Whole Milk,LOT-1700-B,CUST-TOK-30638,2,Anonymous (no loyalty link)
101,Large Eggs,LOT-2400-A,CUST-TOK-87253,1,Loyalty-linked
101,Large Eggs,LOT-2400-A,CUST-TOK-68935,6,Anonymous (no loyalty link)
101,Large Eggs,LOT-2400-B,CUST-TOK-69945,1,Loyalty-linked
101,Large Eggs,LOT-2400-B,CUST-TOK-26656,2,Anonymous (no loyalty link)
103,Large Eggs,LOT-2400-A,CUST-TOK-54383,6,Loyalty-linked
103,Large Eggs,LOT-2400-A,CUST-TOK-30626,2,Anonymous (no loyalty link)
103,Large Eggs,LOT-2400-B,CUST-TOK-22932,3,Loyalty-linked
103,Large Eggs,LOT-2400-B,CUST-TOK-78168,4,Anonymous (no loyalty link)
104,Large Eggs,LOT-2400-A,CUST-TOK-31359,3,Loyalty-linked
104,Large Eggs,LOT-2400-A,CUST-TOK-54487,2,Anonymous (no loyalty link)
104,Large Eggs,LOT-2400-B,CUST-TOK-44315,6,Loyalty-linked
104,Large Eggs,LOT-2400-B,CUST-TOK-80686,1,Anonymous (no loyalty link)
105,Large Eggs,LOT-2400-A,CUST-TOK-55187,5,Loyalty-linked
105,Large Eggs,LOT-2400-A,CUST-TOK-20738,1,Anonymous (no loyalty link)
105,Large Eggs,LOT-2400-B,CUST-TOK-89773,4,Loyalty-linked
105,Large Eggs,LOT-2400-B,CUST-TOK-13521,6,Anonymous (no loyalty link)
106,Large Eggs,LOT-2400-A,CUST-TOK-11243,4,Loyalty-linked
106,Large Eggs,LOT-2400-A,CUST-TOK-43288,5,Anonymous (no loyalty link)
106,Large Eggs,LOT-2400-B,CUST-TOK-96759,5,Loyalty-linked
106,Large Eggs,LOT-2400-B,CUST-TOK-13784,4,Anonymous (no loyalty link)
107,Large Eggs,LOT-2400-A,CUST-TOK-66796,4,Loyalty-linked
107,Large Eggs,LOT-2400-A,CUST-TOK-32054,3,Anonymous (no loyalty link)
107,Large Eggs,LOT-2400-B,CUST-TOK-16526,4,Loyalty-linked
107,Large Eggs,LOT-2400-B,CUST-TOK-91751,5,Anonymous (no loyalty link)
108,Large Eggs,LOT-2400-A,CUST-TOK-73212,2,Loyalty-linked
108,Large Eggs,LOT-2400-A,CUST-TOK-31043,2,Anonymous (no loyalty link)
108,Large Eggs,LOT-2400-B,CUST-TOK-68344,6,Loyalty-linked
108,Large Eggs,LOT-2400-B,CUST-TOK-29013,5,Anonymous (no loyalty link)
201,Large Eggs,LOT-2400-A,CUST-TOK-50599,2,Loyalty-linked
201,Large Eggs,LOT-2400-A,CUST-TOK-73526,5,Anonymous (no loyalty link)
201,Large Eggs,LOT-2400-B,CUST-TOK-90504,3,Loyalty-linked
201,Large Eggs,LOT-2400-B,CUST-TOK-21042,2,Anonymous (no loyalty link)
203,Large Eggs,LOT-2400-A,CUST-TOK-10133,2,Loyalty-linked
203,Large Eggs,LOT-2400-A,CUST-TOK-87783,1,Anonymous (no loyalty link)
203,Large Eggs,LOT-2400-B,CUST-TOK-75253,3,Loyalty-linked
203,Large Eggs,LOT-2400-B,CUST-TOK-27176,2,Anonymous (no loyalty link)
204,Large Eggs,LOT-2400-A,CUST-TOK-51768,5,Loyalty-linked
204,Large Eggs,LOT-2400-A,CUST-TOK-71034,1,Anonymous (no loyalty link)
204,Large Eggs,LOT-2400-B,CUST-TOK-83462,4,Loyalty-linked
204,Large Eggs,LOT-2400-B,CUST-TOK-79722,3,Anonymous (no loyalty link)
205,Large Eggs,LOT-2400-A,CUST-TOK-81799,4,Loyalty-linked
205,Large Eggs,LOT-2400-A,CUST-TOK-58383,5,Anonymous (no loyalty link)
205,Large Eggs,LOT-2400-B,CUST-TOK-22442,4,Loyalty-linked
205,Large Eggs,LOT-2400-B,CUST-TOK-75459,6,Anonymous (no loyalty link)
206,Large Eggs,LOT-2400-A,CUST-TOK-79695,3,Loyalty-linked
206,Large Eggs,LOT-2400-A,CUST-TOK-76467,2,Anonymous (no loyalty link)
206,Large Eggs,LOT-2400-B,CUST-TOK-29703,5,Loyalty-linked
206,Large Eggs,LOT-2400-B,CUST-TOK-21035,2,Anonymous (no loyalty link)
207,Large Eggs,LOT-2400-A,CUST-TOK-47248,4,Loyalty-linked
207,Large Eggs,LOT-2400-A,CUST-TOK-87135,6,Anonymous (no loyalty link)
207,Large Eggs,LOT-2400-B,CUST-TOK-96092,6,Loyalty-linked
207,Large Eggs,LOT-2400-B,CUST-TOK-85345,6,Anonymous (no loyalty link)
208,Large Eggs,LOT-2400-A,CUST-TOK-67504,6,Loyalty-linked
208,Large Eggs,LOT-2400-A,CUST-TOK-53572,3,Anonymous (no loyalty link)
208,Large Eggs,LOT-2400-B,CUST-TOK-11118,1,Loyalty-linked
208,Large Eggs,LOT-2400-B,CUST-TOK-38988,1,Anonymous (no loyalty link)
101,Deli Turkey,LOT-4500-A,CUST-TOK-44236,5,Loyalty-linked
101,Deli Turkey,LOT-4500-A,CUST-TOK-65671,1,Anonymous (no loyalty link)
101,Deli Turkey,LOT-4500-B,CUST-TOK-81931,4,Loyalty-linked
101,Deli Turkey,LOT-4500-B,CUST-TOK-22737,1,Anonymous (no loyalty link)
105,Deli Turkey,LOT-4500-A,CUST-TOK-34302,4,Loyalty-linked
105,Deli Turkey,LOT-4500-A,CUST-TOK-33583,1,Anonymous (no loyalty link)
105,Deli Turkey,LOT-4500-B,CUST-TOK-31545,4,Loyalty-linked
105,Deli Turkey,LOT-4500-B,CUST-TOK-91769,2,Anonymous (no loyalty link)
106,Deli Turkey,LOT-4500-A,CUST-TOK-22317,4,Loyalty-linked
106,Deli Turkey,LOT-4500-A,CUST-TOK-43350,5,Anonymous (no loyalty link)
106,Deli Turkey,LOT-4500-B,CUST-TOK-45299,4,Loyalty-linked
106,Deli Turkey,LOT-4500-B,CUST-TOK-84626,6,Anonymous (no loyalty link)
108,Deli Turkey,LOT-4500-A,CUST-TOK-27302,4,Loyalty-linked
108,Deli Turkey,LOT-4500-A,CUST-TOK-44670,5,Anonymous (no loyalty link)
108,Deli Turkey,LOT-4500-B,CUST-TOK-85493,2,Loyalty-linked
108,Deli Turkey,LOT-4500-B,CUST-TOK-87640,2,Anonymous (no loyalty link)
201,Deli Turkey,LOT-4500-A,CUST-TOK-48880,1,Loyalty-linked
201,Deli Turkey,LOT-4500-A,CUST-TOK-17778,1,Anonymous (no loyalty link)
201,Deli Turkey,LOT-4500-B,CUST-TOK-36849,5,Loyalty-linked
201,Deli Turkey,LOT-4500-B,CUST-TOK-12044,2,Anonymous (no loyalty link)
202,Deli Turkey,LOT-4500-A,CUST-TOK-83890,5,Loyalty-linked
202,Deli Turkey,LOT-4500-A,CUST-TOK-30576,5,Anonymous (no loyalty link)
202,Deli Turkey,LOT-4500-B,CUST-TOK-43829,1,Loyalty-linked
202,Deli Turkey,LOT-4500-B,CUST-TOK-60784,1,Anonymous (no loyalty link)
203,Deli Turkey,LOT-4500-A,CUST-TOK-27993,1,Loyalty-linked
203,Deli Turkey,LOT-4500-A,CUST-TOK-42236,3,Anonymous (no loyalty link)
203,Deli Turkey,LOT-4500-B,CUST-TOK-64034,1,Loyalty-linked
203,Deli Turkey,LOT-4500-B,CUST-TOK-32860,4,Anonymous (no loyalty link)
204,Deli Turkey,LOT-4500-A,CUST-TOK-57303,2,Loyalty-linked
204,Deli Turkey,LOT-4500-A,CUST-TOK-90254,4,Anonymous (no loyalty link)
204,Deli Turkey,LOT-4500-B,CUST-TOK-42507,6,Loyalty-linked
204,Deli Turkey,LOT-4500-B,CUST-TOK-76901,6,Anonymous (no loyalty link)
205,Deli Turkey,LOT-4500-A,CUST-TOK-33727,1,Loyalty-linked
205,Deli Turkey,LOT-4500-A,CUST-TOK-58840,4,Anonymous (no loyalty link)
205,Deli Turkey,LOT-4500-B,CUST-TOK-73353,2,Loyalty-linked
205,Deli Turkey,LOT-4500-B,CUST-TOK-39473,5,Anonymous (no loyalty link)
208,Deli Turkey,LOT-4500-A,CUST-TOK-47800,2,Loyalty-linked
208,Deli Turkey,LOT-4500-A,CUST-TOK-45413,5,Anonymous (no loyalty link)
208,Deli Turkey,LOT-4500-B,CUST-TOK-28371,4,Loyalty-linked
208,Deli Turkey,LOT-4500-B,CUST-TOK-60848,4,Anonymous (no loyalty link)
101,Sliced Ham,LOT-5200-A,CUST-TOK-83698,6,Loyalty-linked
101,Sliced Ham,LOT-5200-A,CUST-TOK-14646,3,Anonymous (no loyalty link)
101,Sliced Ham,LOT-5200-B,CUST-TOK-90309,2,Loyalty-linked
101,Sliced Ham,LOT-5200-B,CUST-TOK-46430,2,Anonymous (no loyalty link)
102,Sliced Ham,LOT-5200-A,CUST-TOK-40265,6,Loyalty-linked
102,Sliced Ham,LOT-5200-A,CUST-TOK-48645,1,Anonymous (no loyalty link)
102,Sliced Ham,LOT-5200-B,CUST-TOK-35327,5,Loyalty-linked
102,Sliced Ham,LOT-5200-B,CUST-TOK-11438,1,Anonymous (no loyalty link)
105,Sliced Ham,LOT-5200-A,CUST-TOK-92740,3,Loyalty-linked
105,Sliced Ham,LOT-5200-A,CUST-TOK-67403,2,Anonymous (no loyalty link)
105,Sliced Ham,LOT-5200-B,CUST-TOK-81516,6,Loyalty-linked
105,Sliced Ham,LOT-5200-B,CUST-TOK-82779,3,Anonymous (no loyalty link)
106,Sliced Ham,LOT-5200-A,CUST-TOK-31881,4,Loyalty-linked
106,Sliced Ham,LOT-5200-A,CUST-TOK-25389,5,Anonymous (no loyalty link)
106,Sliced Ham,LOT-5200-B,CUST-TOK-50047,6,Loyalty-linked
106,Sliced Ham,LOT-5200-B,CUST-TOK-33615,5,Anonymous (no loyalty link)
107,Sliced Ham,LOT-5200-A,CUST-TOK-64586,2,Loyalty-linked
107,Sliced Ham,LOT-5200-A,CUST-TOK-65758,6,Anonymous (no loyalty link)
107,Sliced Ham,LOT-5200-B,CUST-TOK-15151,6,Loyalty-linked
107,Sliced Ham,LOT-5200-B,CUST-TOK-38424,5,Anonymous (no loyalty link)
108,Sliced Ham,LOT-5200-A,CUST-TOK-58365,1,Loyalty-linked
108,Sliced Ham,LOT-5200-A,CUST-TOK-46087,4,Anonymous (no loyalty link)
108,Sliced Ham,LOT-5200-B,CUST-TOK-56444,5,Loyalty-linked
108,Sliced Ham,LOT-5200-B,CUST-TOK-28665,5,Anonymous (no loyalty link)
201,Sliced Ham,LOT-5200-A,CUST-TOK-64441,3,Loyalty-linked
201,Sliced Ham,LOT-5200-A,CUST-TOK-46471,5,Anonymous (no loyalty link)
201,Sliced Ham,LOT-5200-B,CUST-TOK-61797,4,Loyalty-linked
201,Sliced Ham,LOT-5200-B,CUST-TOK-23254,5,Anonymous (no loyalty link)
202,Sliced Ham,LOT-5200-A,CUST-TOK-21468,3,Loyalty-linked
202,Sliced Ham,LOT-5200-A,CUST-TOK-67295,6,Anonymous (no loyalty link)
202,Sliced Ham,LOT-5200-B,CUST-TOK-72222,3,Loyalty-linked
202,Sliced Ham,LOT-5200-B,CUST-TOK-64828,1,Anonymous (no loyalty link)
204,Sliced Ham,LOT-5200-A,CUST-TOK-31315,1,Loyalty-linked
204,Sliced Ham,LOT-5200-A,CUST-TOK-13946,3,Anonymous (no loyalty link)
204,Sliced Ham,LOT-5200-B,CUST-TOK-65252,6,Loyalty-linked
204,Sliced Ham,LOT-5200-B,CUST-TOK-18339,1,Anonymous (no loyalty link)
205,Sliced Ham,LOT-5200-A,CUST-TOK-36497,1,Loyalty-linked
205,Sliced Ham,LOT-5200-A,CUST-TOK-52255,6,Anonymous (no loyalty link)
205,Sliced Ham,LOT-5200-B,CUST-TOK-40767,2,Loyalty-linked
205,Sliced Ham,LOT-5200-B,CUST-TOK-28538,2,Anonymous (no loyalty link)
206,Sliced Ham,LOT-5200-A,CUST-TOK-39052,3,Loyalty-linked
206,Sliced Ham,LOT-5200-A,CUST-TOK-61470,1,Anonymous (no loyalty link)
206,Sliced Ham,LOT-5200-B,CUST-TOK-82359,5,Loyalty-linked
206,Sliced Ham,LOT-5200-B,CUST-TOK-88399,2,Anonymous (no loyalty link)
207,Sliced Ham,LOT-5200-A,CUST-TOK-92989,5,Loyalty-linked
207,Sliced Ham,LOT-5200-A,CUST-TOK-85774,2,Anonymous (no loyalty link)
207,Sliced Ham,LOT-5200-B,CUST-TOK-46650,6,Loyalty-linked
207,Sliced Ham,LOT-5200-B,CUST-TOK-56452,3,Anonymous (no loyalty link)
101,Ground Beef,LOT-7300-A,CUST-TOK-42207,1,Loyalty-linked
101,Ground Beef,LOT-7300-A,CUST-TOK-62348,1,Anonymous (no loyalty link)
101,Ground Beef,LOT-7300-B,CUST-TOK-49627,3,Loyalty-linked
101,Ground Beef,LOT-7300-B,CUST-TOK-97564,2,Anonymous (no loyalty link)
102,Ground Beef,LOT-7300-A,CUST-TOK-89868,6,Loyalty-linked
102,Ground Beef,LOT-7300-A,CUST-TOK-97045,6,Anonymous (no loyalty link)
102,Ground Beef,LOT-7300-B,CUST-TOK-94296,6,Loyalty-linked
102,Ground Beef,LOT-7300-B,CUST-TOK-76246,6,Anonymous (no loyalty link)
103,Ground Beef,LOT-7300-A,CUST-TOK-28131,3,Loyalty-linked
103,Ground Beef,LOT-7300-A,CUST-TOK-23098,4,Anonymous (no loyalty link)
103,Ground Beef,LOT-7300-B,CUST-TOK-71222,4,Loyalty-linked
103,Ground Beef,LOT-7300-B,CUST-TOK-71457,6,Anonymous (no loyalty link)
104,Ground Beef,LOT-7300-A,CUST-TOK-71538,5,Loyalty-linked
104,Ground Beef,LOT-7300-A,CUST-TOK-23755,5,Anonymous (no loyalty link)
104,Ground Beef,LOT-7300-B,CUST-TOK-11701,6,Loyalty-linked
104,Ground Beef,LOT-7300-B,CUST-TOK-58372,4,Anonymous (no loyalty link)
106,Ground Beef,LOT-7300-A,CUST-TOK-20850,2,Loyalty-linked
106,Ground Beef,LOT-7300-A,CUST-TOK-42197,2,Anonymous (no loyalty link)
106,Ground Beef,LOT-7300-B,CUST-TOK-41276,5,Loyalty-linked
106,Ground Beef,LOT-7300-B,CUST-TOK-73730,2,Anonymous (no loyalty link)
107,Ground Beef,LOT-7300-A,CUST-TOK-99698,2,Loyalty-linked
107,Ground Beef,LOT-7300-A,CUST-TOK-73069,4,Anonymous (no loyalty link)
107,Ground Beef,LOT-7300-B,CUST-TOK-84153,1,Loyalty-linked
107,Ground Beef,LOT-7300-B,CUST-TOK-55480,5,Anonymous (no loyalty link)
202,Ground Beef,LOT-7300-A,CUST-TOK-12140,4,Loyalty-linked
202,Ground Beef,LOT-7300-A,CUST-TOK-32921,3,Anonymous (no loyalty link)
202,Ground Beef,LOT-7300-B,CUST-TOK-57266,6,Loyalty-linked
202,Ground Beef,LOT-7300-B,CUST-TOK-13298,5,Anonymous (no loyalty link)
203,Ground Beef,LOT-7300-A,CUST-TOK-57069,4,Loyalty-linked
203,Ground Beef,LOT-7300-A,CUST-TOK-89787,2,Anonymous (no loyalty link)
203,Ground Beef,LOT-7300-B,CUST-TOK-20762,4,Loyalty-linked
203,Ground Beef,LOT-7300-B,CUST-TOK-49308,5,Anonymous (no loyalty link)
204,Ground Beef,LOT-7300-A,CUST-TOK-53471,4,Loyalty-linked
204,Ground Beef,LOT-7300-A,CUST-TOK-51800,5,Anonymous (no loyalty link)
204,Ground Beef,LOT-7300-B,CUST-TOK-30977,3,Loyalty-linked
204,Ground Beef,LOT-7300-B,CUST-TOK-62634,1,Anonymous (no loyalty link)
205,Ground Beef,LOT-7300-A,CUST-TOK-63882,3,Loyalty-linked
205,Ground Beef,LOT-7300-A,CUST-TOK-62107,6,Anonymous (no loyalty link)
205,Ground Beef,LOT-7300-B,CUST-TOK-24973,1,Loyalty-linked
205,Ground Beef,LOT-7300-B,CUST-TOK-46038,1,Anonymous (no loyalty link)
206,Ground Beef,LOT-7300-A,CUST-TOK-91161,3,Loyalty-linked
206,Ground Beef,LOT-7300-A,CUST-TOK-60356,2,Anonymous (no loyalty link)
206,Ground Beef,LOT-7300-B,CUST-TOK-28067,5,Loyalty-linked
206,Ground Beef,LOT-7300-B,CUST-TOK-49420,6,Anonymous (no loyalty link)
207,Ground Beef,LOT-7300-A,CUST-TOK-86367,1,Loyalty-linked
207,Ground Beef,LOT-7300-A,CUST-TOK-18142,5,Anonymous (no loyalty link)
207,Ground Beef,LOT-7300-B,CUST-TOK-15691,1,Loyalty-linked
207,Ground Beef,LOT-7300-B,CUST-TOK-10549,1,Anonymous (no loyalty link)
101,Smoked Salmon,LOT-0800-A,CUST-TOK-65287,3,Loyalty-linked
101,Smoked Salmon,LOT-0800-A,CUST-TOK-79943,4,Anonymous (no loyalty link)
101,Smoked Salmon,LOT-0800-B,CUST-TOK-58271,5,Loyalty-linked
101,Smoked Salmon,LOT-0800-B,CUST-TOK-81666,2,Anonymous (no loyalty link)
102,Smoked Salmon,LOT-0800-A,CUST-TOK-83820,6,Loyalty-linked
102,Smoked Salmon,LOT-0800-A,CUST-TOK-77304,3,Anonymous (no loyalty link)
102,Smoked Salmon,LOT-0800-B,CUST-TOK-95226,6,Loyalty-linked
102,Smoked Salmon,LOT-0800-B,CUST-TOK-97104,6,Anonymous (no loyalty link)
103,Smoked Salmon,LOT-0800-A,CUST-TOK-54300,5,Loyalty-linked
103,Smoked Salmon,LOT-0800-A,CUST-TOK-45679,3,Anonymous (no loyalty link)
103,Smoked Salmon,LOT-0800-B,CUST-TOK-69153,6,Loyalty-linked
103,Smoked Salmon,LOT-0800-B,CUST-TOK-40561,4,Anonymous (no loyalty link)
105,Smoked Salmon,LOT-0800-A,CUST-TOK-37920,6,Loyalty-linked
105,Smoked Salmon,LOT-0800-A,CUST-TOK-81254,2,Anonymous (no loyalty link)
105,Smoked Salmon,LOT-0800-B,CUST-TOK-17294,5,Loyalty-linked
105,Smoked Salmon,LOT-0800-B,CUST-TOK-40027,4,Anonymous (no loyalty link)
106,Smoked Salmon,LOT-0800-A,CUST-TOK-46963,2,Loyalty-linked
106,Smoked Salmon,LOT-0800-A,CUST-TOK-15887,1,Anonymous (no loyalty link)
106,Smoked Salmon,LOT-0800-B,CUST-TOK-65452,3,Loyalty-linked
106,Smoked Salmon,LOT-0800-B,CUST-TOK-19720,3,Anonymous (no loyalty link)
203,Smoked Salmon,LOT-0800-A,CUST-TOK-32696,6,Loyalty-linked
203,Smoked Salmon,LOT-0800-A,CUST-TOK-80027,2,Anonymous (no loyalty link)
203,Smoked Salmon,LOT-0800-B,CUST-TOK-86036,4,Loyalty-linked
203,Smoked Salmon,LOT-0800-B,CUST-TOK-68425,3,Anonymous (no loyalty link)
204,Smoked Salmon,LOT-0800-A,CUST-TOK-36168,5,Loyalty-linked
204,Smoked Salmon,LOT-0800-A,CUST-TOK-68390,2,Anonymous (no loyalty link)
204,Smoked Salmon,LOT-0800-B,CUST-TOK-83151,3,Loyalty-linked
204,Smoked Salmon,LOT-0800-B,CUST-TOK-34467,6,Anonymous (no loyalty link)
205,Smoked Salmon,LOT-0800-A,CUST-TOK-22214,6,Loyalty-linked
205,Smoked Salmon,LOT-0800-A,CUST-TOK-92248,2,Anonymous (no loyalty link)
205,Smoked Salmon,LOT-0800-B,CUST-TOK-67045,1,Loyalty-linked
205,Smoked Salmon,LOT-0800-B,CUST-TOK-57644,4,Anonymous (no loyalty link)
206,Smoked Salmon,LOT-0800-A,CUST-TOK-90180,2,Loyalty-linked
206,Smoked Salmon,LOT-0800-A,CUST-TOK-28681,3,Anonymous (no loyalty link)
206,Smoked Salmon,LOT-0800-B,CUST-TOK-54457,6,Loyalty-linked
206,Smoked Salmon,LOT-0800-B,CUST-TOK-24321,3,Anonymous (no loyalty link)
208,Smoked Salmon,LOT-0800-A,CUST-TOK-87099,4,Loyalty-linked
208,Smoked Salmon,LOT-0800-A,CUST-TOK-44449,1,Anonymous (no loyalty link)
208,Smoked Salmon,LOT-0800-B,CUST-TOK-10781,5,Loyalty-linked
208,Smoked Salmon,LOT-0800-B,CUST-TOK-21626,2,Anonymous (no loyalty link)
102,Tomato Soup,LOT-1500-A,CUST-TOK-76022,5,Loyalty-linked
102,Tomato Soup,LOT-1500-A,CUST-TOK-44874,6,Anonymous (no loyalty link)
102,Tomato Soup,LOT-1500-B,CUST-TOK-47811,2,Loyalty-linked
102,Tomato Soup,LOT-1500-B,CUST-TOK-71025,6,Anonymous (no loyalty link)
103,Tomato Soup,LOT-1500-A,CUST-TOK-88744,5,Loyalty-linked
103,Tomato Soup,LOT-1500-A,CUST-TOK-94065,5,Anonymous (no loyalty link)
103,Tomato Soup,LOT-1500-B,CUST-TOK-16339,5,Loyalty-linked
103,Tomato Soup,LOT-1500-B,CUST-TOK-63277,4,Anonymous (no loyalty link)
107,Tomato Soup,LOT-1500-A,CUST-TOK-61646,3,Loyalty-linked
107,Tomato Soup,LOT-1500-A,CUST-TOK-52724,2,Anonymous (no loyalty link)
107,Tomato Soup,LOT-1500-B,CUST-TOK-30703,2,Loyalty-linked
107,Tomato Soup,LOT-1500-B,CUST-TOK-23117,3,Anonymous (no loyalty link)
108,Tomato Soup,LOT-1500-A,CUST-TOK-78680,1,Loyalty-linked
108,Tomato Soup,LOT-1500-A,CUST-TOK-79266,6,Anonymous (no loyalty link)
108,Tomato Soup,LOT-1500-B,CUST-TOK-81166,5,Loyalty-linked
108,Tomato Soup,LOT-1500-B,CUST-TOK-78080,4,Anonymous (no loyalty link)
202,Tomato Soup,LOT-1500-A,CUST-TOK-52192,6,Loyalty-linked
202,Tomato Soup,LOT-1500-A,CUST-TOK-12052,6,Anonymous (no loyalty link)
202,Tomato Soup,LOT-1500-B,CUST-TOK-72030,4,Loyalty-linked
202,Tomato Soup,LOT-1500-B,CUST-TOK-88721,6,Anonymous (no loyalty link)
204,Tomato Soup,LOT-1500-A,CUST-TOK-73000,6,Loyalty-linked
204,Tomato Soup,LOT-1500-A,CUST-TOK-87093,5,Anonymous (no loyalty link)
204,Tomato Soup,LOT-1500-B,CUST-TOK-70163,5,Loyalty-linked
204,Tomato Soup,LOT-1500-B,CUST-TOK-12685,2,Anonymous (no loyalty link)
205,Tomato Soup,LOT-1500-A,CUST-TOK-68311,4,Loyalty-linked
205,Tomato Soup,LOT-1500-A,CUST-TOK-68974,5,Anonymous (no loyalty link)
205,Tomato Soup,LOT-1500-B,CUST-TOK-85796,4,Loyalty-linked
205,Tomato Soup,LOT-1500-B,CUST-TOK-22189,5,Anonymous (no loyalty link)
206,Tomato Soup,LOT-1500-A,CUST-TOK-49811,3,Loyalty-linked
206,Tomato Soup,LOT-1500-A,CUST-TOK-96075,1,Anonymous (no loyalty link)
206,Tomato Soup,LOT-1500-B,CUST-TOK-17225,4,Loyalty-linked
206,Tomato Soup,LOT-1500-B,CUST-TOK-24991,3,Anonymous (no loyalty link)
207,Tomato Soup,LOT-1500-A,CUST-TOK-68711,3,Loyalty-linked
207,Tomato Soup,LOT-1500-A,CUST-TOK-13490,4,Anonymous (no loyalty link)
207,Tomato Soup,LOT-1500-B,CUST-TOK-55910,5,Loyalty-linked
207,Tomato Soup,LOT-1500-B,CUST-TOK-51252,6,Anonymous (no loyalty link)
104,Tomato Bisque Soup Kit,LOT-4300-A,CUST-TOK-43767,4,Loyalty-linked
104,Tomato Bisque Soup Kit,LOT-4300-A,CUST-TOK-76445,6,Anonymous (no loyalty link)
104,Tomato Bisque Soup Kit,LOT-4300-B,CUST-TOK-47435,2,Loyalty-linked
104,Tomato Bisque Soup Kit,LOT-4300-B,CUST-TOK-46366,4,Anonymous (no loyalty link)
105,Tomato Bisque Soup Kit,LOT-4300-A,CUST-TOK-19649,2,Loyalty-linked
105,Tomato Bisque Soup Kit,LOT-4300-A,CUST-TOK-59873,2,Anonymous (no loyalty link)
105,Tomato Bisque Soup Kit,LOT-4300-B,CUST-TOK-93224,3,Loyalty-linked
105,Tomato Bisque Soup Kit,LOT-4300-B,CUST-TOK-55947,6,Anonymous (no loyalty link)
106,Tomato Bisque Soup Kit,LOT-4300-A,CUST-TOK-16091,6,Loyalty-linked
106,Tomato Bisque Soup Kit,LOT-4300-A,CUST-TOK-32586,5,Anonymous (no loyalty link)
106,Tomato Bisque Soup Kit,LOT-4300-B,CUST-TOK-89937,5,Loyalty-linked
106,Tomato Bisque Soup Kit,LOT-4300-B,CUST-TOK-10625,5,Anonymous (no loyalty link)
108,Tomato Bisque Soup Kit,LOT-4300-A,CUST-TOK-57568,4,Loyalty-linked
108,Tomato Bisque Soup Kit,LOT-4300-A,CUST-TOK-43336,2,Anonymous (no loyalty link)
108,Tomato Bisque Soup Kit,LOT-4300-B,CUST-TOK-92291,4,Loyalty-linked
108,Tomato Bisque Soup Kit,LOT-4300-B,CUST-TOK-67199,2,Anonymous (no loyalty link)
201,Tomato Bisque Soup Kit,LOT-4300-A,CUST-TOK-31238,3,Loyalty-linked
201,Tomato Bisque Soup Kit,LOT-4300-A,CUST-TOK-85898,3,Anonymous (no loyalty link)
201,Tomato Bisque Soup Kit,LOT-4300-B,CUST-TOK-52571,4,Loyalty-linked
201,Tomato Bisque Soup Kit,LOT-4300-B,CUST-TOK-53952,5,Anonymous (no loyalty link)
202,Tomato Bisque Soup Kit,LOT-4300-A,CUST-TOK-51908,6,Loyalty-linked
202,Tomato Bisque Soup Kit,LOT-4300-A,CUST-TOK-66022,1,Anonymous (no loyalty link)
202,Tomato Bisque Soup Kit,LOT-4300-B,CUST-TOK-59447,6,Loyalty-linked
202,Tomato Bisque Soup Kit,LOT-4300-B,CUST-TOK-74057,5,Anonymous (no loyalty link)
204,Tomato Bisque Soup Kit,LOT-4300-A,CUST-TOK-70130,6,Loyalty-linked
204,Tomato Bisque Soup Kit,LOT-4300-A,CUST-TOK-87378,3,Anonymous (no loyalty link)
204,Tomato Bisque Soup Kit,LOT-4300-B,CUST-TOK-98472,6,Loyalty-linked
204,Tomato Bisque Soup Kit,LOT-4300-B,CUST-TOK-16791,6,Anonymous (no loyalty link)
205,Tomato Bisque Soup Kit,LOT-4300-A,CUST-TOK-76727,1,Loyalty-linked
205,Tomato Bisque Soup Kit,LOT-4300-A,CUST-TOK-76179,4,Anonymous (no loyalty link)
205,Tomato Bisque Soup Kit,LOT-4300-B,CUST-TOK-34375,4,Loyalty-linked
205,Tomato Bisque Soup Kit,LOT-4300-B,CUST-TOK-61772,4,Anonymous (no loyalty link)
206,Tomato Bisque Soup Kit,LOT-4300-A,CUST-TOK-24550,2,Loyalty-linked
206,Tomato Bisque Soup Kit,LOT-4300-A,CUST-TOK-12709,2,Anonymous (no loyalty link)
206,Tomato Bisque Soup Kit,LOT-4300-B,CUST-TOK-83285,6,Loyalty-linked
206,Tomato Bisque Soup Kit,LOT-4300-B,CUST-TOK-26797,6,Anonymous (no loyalty link)
207,Tomato Bisque Soup Kit,LOT-4300-A,CUST-TOK-63810,4,Loyalty-linked
207,Tomato Bisque Soup Kit,LOT-4300-A,CUST-TOK-44748,2,Anonymous (no loyalty link)
207,Tomato Bisque Soup Kit,LOT-4300-B,CUST-TOK-57469,5,Loyalty-linked
207,Tomato Bisque Soup Kit,LOT-4300-B,CUST-TOK-53575,3,Anonymous (no loyalty link)
208,Tomato Bisque Soup Kit,LOT-4300-A,CUST-TOK-33871,5,Loyalty-linked
208,Tomato Bisque Soup Kit,LOT-4300-A,CUST-TOK-49227,1,Anonymous (no loyalty link)
208,Tomato Bisque Soup Kit,LOT-4300-B,CUST-TOK-38636,2,Loyalty-linked
208,Tomato Bisque Soup Kit,LOT-4300-B,CUST-TOK-79394,1,Anonymous (no loyalty link)
101,Salsa Verde,LOT-7800-A,CUST-TOK-50764,1,Loyalty-linked
101,Salsa Verde,LOT-7800-A,CUST-TOK-47027,2,Anonymous (no loyalty link)
101,Salsa Verde,LOT-7800-B,CUST-TOK-12968,5,Loyalty-linked
101,Salsa Verde,LOT-7800-B,CUST-TOK-27320,3,Anonymous (no loyalty link)
104,Salsa Verde,LOT-7800-A,CUST-TOK-59996,5,Loyalty-linked
104,Salsa Verde,LOT-7800-A,CUST-TOK-88720,6,Anonymous (no loyalty link)
104,Salsa Verde,LOT-7800-B,CUST-TOK-93675,2,Loyalty-linked
104,Salsa Verde,LOT-7800-B,CUST-TOK-54154,1,Anonymous (no loyalty link)
105,Salsa Verde,LOT-7800-A,CUST-TOK-28744,4,Loyalty-linked
105,Salsa Verde,LOT-7800-A,CUST-TOK-22048,2,Anonymous (no loyalty link)
105,Salsa Verde,LOT-7800-B,CUST-TOK-73151,6,Loyalty-linked
105,Salsa Verde,LOT-7800-B,CUST-TOK-17829,6,Anonymous (no loyalty link)
106,Salsa Verde,LOT-7800-A,CUST-TOK-75488,3,Loyalty-linked
106,Salsa Verde,LOT-7800-A,CUST-TOK-21398,4,Anonymous (no loyalty link)
106,Salsa Verde,LOT-7800-B,CUST-TOK-36558,2,Loyalty-linked
106,Salsa Verde,LOT-7800-B,CUST-TOK-69524,1,Anonymous (no loyalty link)
107,Salsa Verde,LOT-7800-A,CUST-TOK-25619,1,Loyalty-linked
107,Salsa Verde,LOT-7800-A,CUST-TOK-98576,6,Anonymous (no loyalty link)
107,Salsa Verde,LOT-7800-B,CUST-TOK-35439,5,Loyalty-linked
107,Salsa Verde,LOT-7800-B,CUST-TOK-56386,6,Anonymous (no loyalty link)
201,Salsa Verde,LOT-7800-A,CUST-TOK-77623,4,Loyalty-linked
201,Salsa Verde,LOT-7800-A,CUST-TOK-69165,1,Anonymous (no loyalty link)
201,Salsa Verde,LOT-7800-B,CUST-TOK-26453,6,Loyalty-linked
201,Salsa Verde,LOT-7800-B,CUST-TOK-80712,6,Anonymous (no loyalty link)
202,Salsa Verde,LOT-7800-A,CUST-TOK-94439,1,Loyalty-linked
202,Salsa Verde,LOT-7800-A,CUST-TOK-90615,5,Anonymous (no loyalty link)
202,Salsa Verde,LOT-7800-B,CUST-TOK-26863,6,Loyalty-linked
202,Salsa Verde,LOT-7800-B,CUST-TOK-54168,1,Anonymous (no loyalty link)
203,Salsa Verde,LOT-7800-A,CUST-TOK-46534,2,Loyalty-linked
203,Salsa Verde,LOT-7800-A,CUST-TOK-70906,1,Anonymous (no loyalty link)
203,Salsa Verde,LOT-7800-B,CUST-TOK-35155,3,Loyalty-linked
203,Salsa Verde,LOT-7800-B,CUST-TOK-20341,3,Anonymous (no loyalty link)
205,Salsa Verde,LOT-7800-A,CUST-TOK-77404,2,Loyalty-linked
205,Salsa Verde,LOT-7800-A,CUST-TOK-70662,5,Anonymous (no loyalty link)
205,Salsa Verde,LOT-7800-B,CUST-TOK-79726,5,Loyalty-linked
205,Salsa Verde,LOT-7800-B,CUST-TOK-16783,1,Anonymous (no loyalty link)
207,Salsa Verde,LOT-7800-A,CUST-TOK-16472,1,Loyalty-linked
207,Salsa Verde,LOT-7800-A,CUST-TOK-98067,2,Anonymous (no loyalty link)
207,Salsa Verde,LOT-7800-B,CUST-TOK-43120,1,Loyalty-linked
207,Salsa Verde,LOT-7800-B,CUST-TOK-18471,5,Anonymous (no loyalty link)
208,Salsa Verde,LOT-7800-A,CUST-TOK-14664,2,Loyalty-linked
208,Salsa Verde,LOT-7800-A,CUST-TOK-70882,1,Anonymous (no loyalty link)
208,Salsa Verde,LOT-7800-B,CUST-TOK-18852,5,Loyalty-linked
208,Salsa Verde,LOT-7800-B,CUST-TOK-34709,3,Anonymous (no loyalty link)
101,Almond Butter,LOT-1100-A,CUST-TOK-38664,5,Loyalty-linked
101,Almond Butter,LOT-1100-A,CUST-TOK-12683,6,Anonymous (no loyalty link)
101,Almond Butter,LOT-1100-B,CUST-TOK-54974,4,Loyalty-linked
101,Almond Butter,LOT-1100-B,CUST-TOK-11849,5,Anonymous (no loyalty link)
102,Almond Butter,LOT-1100-A,CUST-TOK-98905,1,Loyalty-linked
102,Almond Butter,LOT-1100-A,CUST-TOK-91743,2,Anonymous (no loyalty link)
102,Almond Butter,LOT-1100-B,CUST-TOK-11206,3,Loyalty-linked
102,Almond Butter,LOT-1100-B,CUST-TOK-42010,6,Anonymous (no loyalty link)
104,Almond Butter,LOT-1100-A,CUST-TOK-44891,2,Loyalty-linked
104,Almond Butter,LOT-1100-A,CUST-TOK-49403,6,Anonymous (no loyalty link)
104,Almond Butter,LOT-1100-B,CUST-TOK-95634,5,Loyalty-linked
104,Almond Butter,LOT-1100-B,CUST-TOK-66712,4,Anonymous (no loyalty link)
105,Almond Butter,LOT-1100-A,CUST-TOK-91404,1,Loyalty-linked
105,Almond Butter,LOT-1100-A,CUST-TOK-17404,6,Anonymous (no loyalty link)
105,Almond Butter,LOT-1100-B,CUST-TOK-23811,1,Loyalty-linked
105,Almond Butter,LOT-1100-B,CUST-TOK-82018,6,Anonymous (no loyalty link)
106,Almond Butter,LOT-1100-A,CUST-TOK-58966,6,Loyalty-linked
106,Almond Butter,LOT-1100-A,CUST-TOK-97850,3,Anonymous (no loyalty link)
106,Almond Butter,LOT-1100-B,CUST-TOK-95062,5,Loyalty-linked
106,Almond Butter,LOT-1100-B,CUST-TOK-16318,1,Anonymous (no loyalty link)
108,Almond Butter,LOT-1100-A,CUST-TOK-55313,4,Loyalty-linked
108,Almond Butter,LOT-1100-A,CUST-TOK-91147,4,Anonymous (no loyalty link)
108,Almond Butter,LOT-1100-B,CUST-TOK-77610,4,Loyalty-linked
108,Almond Butter,LOT-1100-B,CUST-TOK-92726,5,Anonymous (no loyalty link)
201,Almond Butter,LOT-1100-A,CUST-TOK-32295,6,Loyalty-linked
201,Almond Butter,LOT-1100-A,CUST-TOK-92911,3,Anonymous (no loyalty link)
201,Almond Butter,LOT-1100-B,CUST-TOK-86147,6,Loyalty-linked
201,Almond Butter,LOT-1100-B,CUST-TOK-29299,2,Anonymous (no loyalty link)
204,Almond Butter,LOT-1100-A,CUST-TOK-30420,3,Loyalty-linked
204,Almond Butter,LOT-1100-A,CUST-TOK-47966,2,Anonymous (no loyalty link)
204,Almond Butter,LOT-1100-B,CUST-TOK-90263,3,Loyalty-linked
204,Almond Butter,LOT-1100-B,CUST-TOK-51479,5,Anonymous (no loyalty link)
205,Almond Butter,LOT-1100-A,CUST-TOK-82727,1,Loyalty-linked
205,Almond Butter,LOT-1100-A,CUST-TOK-17665,1,Anonymous (no loyalty link)
205,Almond Butter,LOT-1100-B,CUST-TOK-12103,6,Loyalty-linked
205,Almond Butter,LOT-1100-B,CUST-TOK-89587,2,Anonymous (no loyalty link)
208,Almond Butter,LOT-1100-A,CUST-TOK-21906,4,Loyalty-linked
208,Almond Butter,LOT-1100-A,CUST-TOK-11353,2,Anonymous (no loyalty link)
208,Almond Butter,LOT-1100-B,CUST-TOK-49455,1,Loyalty-linked
208,Almond Butter,LOT-1100-B,CUST-TOK-81955,3,Anonymous (no loyalty link)
101,Granola,LOT-1800-A,CUST-TOK-34017,1,Loyalty-linked
101,Granola,LOT-1800-A,CUST-TOK-70227,5,Anonymous (no loyalty link)
101,Granola,LOT-1800-B,CUST-TOK-90199,2,Loyalty-linked
101,Granola,LOT-1800-B,CUST-TOK-47356,2,Anonymous (no loyalty link)
102,Granola,LOT-1800-A,CUST-TOK-52409,1,Loyalty-linked
102,Granola,LOT-1800-A,CUST-TOK-44942,2,Anonymous (no loyalty link)
102,Granola,LOT-1800-B,CUST-TOK-15132,6,Loyalty-linked
102,Granola,LOT-1800-B,CUST-TOK-37209,4,Anonymous (no loyalty link)
103,Granola,LOT-1800-A,CUST-TOK-87512,4,Loyalty-linked
103,Granola,LOT-1800-A,CUST-TOK-70587,4,Anonymous (no loyalty link)
103,Granola,LOT-1800-B,CUST-TOK-37252,1,Loyalty-linked
103,Granola,LOT-1800-B,CUST-TOK-46726,4,Anonymous (no loyalty link)
104,Granola,LOT-1800-A,CUST-TOK-85224,1,Loyalty-linked
104,Granola,LOT-1800-A,CUST-TOK-55187,1,Anonymous (no loyalty link)
104,Granola,LOT-1800-B,CUST-TOK-33732,6,Loyalty-linked
104,Granola,LOT-1800-B,CUST-TOK-87956,5,Anonymous (no loyalty link)
105,Granola,LOT-1800-A,CUST-TOK-79883,4,Loyalty-linked
105,Granola,LOT-1800-A,CUST-TOK-50973,4,Anonymous (no loyalty link)
105,Granola,LOT-1800-B,CUST-TOK-88480,6,Loyalty-linked
105,Granola,LOT-1800-B,CUST-TOK-13834,5,Anonymous (no loyalty link)
106,Granola,LOT-1800-A,CUST-TOK-26625,6,Loyalty-linked
106,Granola,LOT-1800-A,CUST-TOK-21671,6,Anonymous (no loyalty link)
106,Granola,LOT-1800-B,CUST-TOK-46429,1,Loyalty-linked
106,Granola,LOT-1800-B,CUST-TOK-89076,4,Anonymous (no loyalty link)
107,Granola,LOT-1800-A,CUST-TOK-27847,1,Loyalty-linked
107,Granola,LOT-1800-A,CUST-TOK-13692,6,Anonymous (no loyalty link)
107,Granola,LOT-1800-B,CUST-TOK-68473,4,Loyalty-linked
107,Granola,LOT-1800-B,CUST-TOK-11931,4,Anonymous (no loyalty link)
108,Granola,LOT-1800-A,CUST-TOK-13291,2,Loyalty-linked
108,Granola,LOT-1800-A,CUST-TOK-51268,5,Anonymous (no loyalty link)
108,Granola,LOT-1800-B,CUST-TOK-60359,3,Loyalty-linked
108,Granola,LOT-1800-B,CUST-TOK-64628,4,Anonymous (no loyalty link)
202,Granola,LOT-1800-A,CUST-TOK-48221,2,Loyalty-linked
202,Granola,LOT-1800-A,CUST-TOK-80430,5,Anonymous (no loyalty link)
202,Granola,LOT-1800-B,CUST-TOK-64063,5,Loyalty-linked
202,Granola,LOT-1800-B,CUST-TOK-54683,1,Anonymous (no loyalty link)
203,Granola,LOT-1800-A,CUST-TOK-70742,1,Loyalty-linked
203,Granola,LOT-1800-A,CUST-TOK-61979,6,Anonymous (no loyalty link)
203,Granola,LOT-1800-B,CUST-TOK-55734,2,Loyalty-linked
203,Granola,LOT-1800-B,CUST-TOK-34015,3,Anonymous (no loyalty link)
205,Granola,LOT-1800-A,CUST-TOK-10769,5,Loyalty-linked
205,Granola,LOT-1800-A,CUST-TOK-21628,3,Anonymous (no loyalty link)
205,Granola,LOT-1800-B,CUST-TOK-52509,3,Loyalty-linked
205,Granola,LOT-1800-B,CUST-TOK-87543,3,Anonymous (no loyalty link)
206,Granola,LOT-1800-A,CUST-TOK-94496,5,Loyalty-linked
206,Granola,LOT-1800-A,CUST-TOK-38847,5,Anonymous (no loyalty link)
206,Granola,LOT-1800-B,CUST-TOK-89598,3,Loyalty-linked
206,Granola,LOT-1800-B,CUST-TOK-64710,3,Anonymous (no loyalty link)
207,Granola,LOT-1800-A,CUST-TOK-69168,6,Loyalty-linked
207,Granola,LOT-1800-A,CUST-TOK-50710,5,Anonymous (no loyalty link)
207,Granola,LOT-1800-B,CUST-TOK-92666,5,Loyalty-linked
207,Granola,LOT-1800-B,CUST-TOK-35094,6,Anonymous (no loyalty link)
208,Granola,LOT-1800-A,CUST-TOK-54673,2,Loyalty-linked
208,Granola,LOT-1800-A,CUST-TOK-38355,4,Anonymous (no loyalty link)
208,Granola,LOT-1800-B,CUST-TOK-25745,6,Loyalty-linked
208,Granola,LOT-1800-B,CUST-TOK-68701,5,Anonymous (no loyalty link)
104,Protein Powder,LOT-3700-A,CUST-TOK-60109,6,Loyalty-linked
104,Protein Powder,LOT-3700-A,CUST-TOK-59591,4,Anonymous (no loyalty link)
104,Protein Powder,LOT-3700-B,CUST-TOK-35703,5,Loyalty-linked
104,Protein Powder,LOT-3700-B,CUST-TOK-79301,5,Anonymous (no loyalty link)
105,Protein Powder,LOT-3700-A,CUST-TOK-71053,6,Loyalty-linked
105,Protein Powder,LOT-3700-A,CUST-TOK-60367,5,Anonymous (no loyalty link)
105,Protein Powder,LOT-3700-B,CUST-TOK-27067,5,Loyalty-linked
105,Protein Powder,LOT-3700-B,CUST-TOK-23819,5,Anonymous (no loyalty link)
106,Protein Powder,LOT-3700-A,CUST-TOK-24261,3,Loyalty-linked
106,Protein Powder,LOT-3700-A,CUST-TOK-90684,6,Anonymous (no loyalty link)
106,Protein Powder,LOT-3700-B,CUST-TOK-78299,2,Loyalty-linked
106,Protein Powder,LOT-3700-B,CUST-TOK-96292,1,Anonymous (no loyalty link)
107,Protein Powder,LOT-3700-A,CUST-TOK-27569,5,Loyalty-linked
107,Protein Powder,LOT-3700-A,CUST-TOK-20773,1,Anonymous (no loyalty link)
107,Protein Powder,LOT-3700-B,CUST-TOK-61936,1,Loyalty-linked
107,Protein Powder,LOT-3700-B,CUST-TOK-64801,1,Anonymous (no loyalty link)
108,Protein Powder,LOT-3700-A,CUST-TOK-56465,1,Loyalty-linked
108,Protein Powder,LOT-3700-A,CUST-TOK-45062,2,Anonymous (no loyalty link)
108,Protein Powder,LOT-3700-B,CUST-TOK-71711,2,Loyalty-linked
108,Protein Powder,LOT-3700-B,CUST-TOK-89766,2,Anonymous (no loyalty link)
201,Protein Powder,LOT-3700-A,CUST-TOK-24483,5,Loyalty-linked
201,Protein Powder,LOT-3700-A,CUST-TOK-34201,2,Anonymous (no loyalty link)
201,Protein Powder,LOT-3700-B,CUST-TOK-19159,6,Loyalty-linked
201,Protein Powder,LOT-3700-B,CUST-TOK-33349,1,Anonymous (no loyalty link)
204,Protein Powder,LOT-3700-A,CUST-TOK-83784,2,Loyalty-linked
204,Protein Powder,LOT-3700-A,CUST-TOK-29468,5,Anonymous (no loyalty link)
204,Protein Powder,LOT-3700-B,CUST-TOK-23097,5,Loyalty-linked
204,Protein Powder,LOT-3700-B,CUST-TOK-21775,3,Anonymous (no loyalty link)
205,Protein Powder,LOT-3700-A,CUST-TOK-68049,6,Loyalty-linked
205,Protein Powder,LOT-3700-A,CUST-TOK-39176,6,Anonymous (no loyalty link)
205,Protein Powder,LOT-3700-B,CUST-TOK-65325,4,Loyalty-linked
205,Protein Powder,LOT-3700-B,CUST-TOK-52366,4,Anonymous (no loyalty link)
206,Protein Powder,LOT-3700-A,CUST-TOK-27612,1,Loyalty-linked
206,Protein Powder,LOT-3700-A,CUST-TOK-11925,6,Anonymous (no loyalty link)
206,Protein Powder,LOT-3700-B,CUST-TOK-34060,4,Loyalty-linked
206,Protein Powder,LOT-3700-B,CUST-TOK-84799,6,Anonymous (no loyalty link)
102,Infant Cereal,LOT-4400-A,CUST-TOK-18873,4,Loyalty-linked
102,Infant Cereal,LOT-4400-A,CUST-TOK-95187,6,Anonymous (no loyalty link)
102,Infant Cereal,LOT-4400-B,CUST-TOK-31519,3,Loyalty-linked
102,Infant Cereal,LOT-4400-B,CUST-TOK-26717,6,Anonymous (no loyalty link)
103,Infant Cereal,LOT-4400-A,CUST-TOK-83328,1,Loyalty-linked
103,Infant Cereal,LOT-4400-A,CUST-TOK-35306,4,Anonymous (no loyalty link)
103,Infant Cereal,LOT-4400-B,CUST-TOK-79328,4,Loyalty-linked
103,Infant Cereal,LOT-4400-B,CUST-TOK-67600,3,Anonymous (no loyalty link)
104,Infant Cereal,LOT-4400-A,CUST-TOK-38724,3,Loyalty-linked
104,Infant Cereal,LOT-4400-A,CUST-TOK-60596,4,Anonymous (no loyalty link)
104,Infant Cereal,LOT-4400-B,CUST-TOK-68119,3,Loyalty-linked
104,Infant Cereal,LOT-4400-B,CUST-TOK-37694,1,Anonymous (no loyalty link)
105,Infant Cereal,LOT-4400-A,CUST-TOK-47632,2,Loyalty-linked
105,Infant Cereal,LOT-4400-A,CUST-TOK-49282,2,Anonymous (no loyalty link)
105,Infant Cereal,LOT-4400-B,CUST-TOK-60784,5,Loyalty-linked
105,Infant Cereal,LOT-4400-B,CUST-TOK-65595,2,Anonymous (no loyalty link)
106,Infant Cereal,LOT-4400-A,CUST-TOK-88756,6,Loyalty-linked
106,Infant Cereal,LOT-4400-A,CUST-TOK-59413,1,Anonymous (no loyalty link)
106,Infant Cereal,LOT-4400-B,CUST-TOK-92228,2,Loyalty-linked
106,Infant Cereal,LOT-4400-B,CUST-TOK-24901,5,Anonymous (no loyalty link)
107,Infant Cereal,LOT-4400-A,CUST-TOK-37339,4,Loyalty-linked
107,Infant Cereal,LOT-4400-A,CUST-TOK-37904,5,Anonymous (no loyalty link)
107,Infant Cereal,LOT-4400-B,CUST-TOK-96624,2,Loyalty-linked
107,Infant Cereal,LOT-4400-B,CUST-TOK-88343,1,Anonymous (no loyalty link)
201,Infant Cereal,LOT-4400-A,CUST-TOK-65336,6,Loyalty-linked
201,Infant Cereal,LOT-4400-A,CUST-TOK-19286,1,Anonymous (no loyalty link)
201,Infant Cereal,LOT-4400-B,CUST-TOK-18164,5,Loyalty-linked
201,Infant Cereal,LOT-4400-B,CUST-TOK-40245,3,Anonymous (no loyalty link)
204,Infant Cereal,LOT-4400-A,CUST-TOK-42129,4,Loyalty-linked
204,Infant Cereal,LOT-4400-A,CUST-TOK-31412,4,Anonymous (no loyalty link)
204,Infant Cereal,LOT-4400-B,CUST-TOK-45595,3,Loyalty-linked
204,Infant Cereal,LOT-4400-B,CUST-TOK-55411,1,Anonymous (no loyalty link)
205,Infant Cereal,LOT-4400-A,CUST-TOK-92955,5,Loyalty-linked
205,Infant Cereal,LOT-4400-A,CUST-TOK-33211,5,Anonymous (no loyalty link)
205,Infant Cereal,LOT-4400-B,CUST-TOK-95994,3,Loyalty-linked
205,Infant Cereal,LOT-4400-B,CUST-TOK-98696,6,Anonymous (no loyalty link)
206,Infant Cereal,LOT-4400-A,CUST-TOK-43405,6,Loyalty-linked
206,Infant Cereal,LOT-4400-A,CUST-TOK-65696,3,Anonymous (no loyalty link)
206,Infant Cereal,LOT-4400-B,CUST-TOK-10952,5,Loyalty-linked
206,Infant Cereal,LOT-4400-B,CUST-TOK-86418,1,Anonymous (no loyalty link)
207,Infant Cereal,LOT-4400-A,CUST-TOK-89967,6,Loyalty-linked
207,Infant Cereal,LOT-4400-A,CUST-TOK-37935,5,Anonymous (no loyalty link)
207,Infant Cereal,LOT-4400-B,CUST-TOK-87387,4,Loyalty-linked
207,Infant Cereal,LOT-4400-B,CUST-TOK-44995,6,Anonymous (no loyalty link)
208,Infant Cereal,LOT-4400-A,CUST-TOK-15856,5,Loyalty-linked
208,Infant Cereal,LOT-4400-A,CUST-TOK-93671,5,Anonymous (no loyalty link)
208,Infant Cereal,LOT-4400-B,CUST-TOK-84053,4,Loyalty-linked
208,Infant Cereal,LOT-4400-B,CUST-TOK-25902,5,Anonymous (no loyalty link)
103,Toddler Snacks,LOT-5100-A,CUST-TOK-58706,2,Loyalty-linked
103,Toddler Snacks,LOT-5100-A,CUST-TOK-45600,3,Anonymous (no loyalty link)
103,Toddler Snacks,LOT-5100-B,CUST-TOK-85735,1,Loyalty-linked
103,Toddler Snacks,LOT-5100-B,CUST-TOK-34439,4,Anonymous (no loyalty link)
104,Toddler Snacks,LOT-5100-A,CUST-TOK-52761,6,Loyalty-linked
104,Toddler Snacks,LOT-5100-A,CUST-TOK-74581,3,Anonymous (no loyalty link)
104,Toddler Snacks,LOT-5100-B,CUST-TOK-12028,2,Loyalty-linked
104,Toddler Snacks,LOT-5100-B,CUST-TOK-42399,1,Anonymous (no loyalty link)
106,Toddler Snacks,LOT-5100-A,CUST-TOK-47886,5,Loyalty-linked
106,Toddler Snacks,LOT-5100-A,CUST-TOK-75656,3,Anonymous (no loyalty link)
106,Toddler Snacks,LOT-5100-B,CUST-TOK-15904,1,Loyalty-linked
106,Toddler Snacks,LOT-5100-B,CUST-TOK-63164,2,Anonymous (no loyalty link)
108,Toddler Snacks,LOT-5100-A,CUST-TOK-33935,1,Loyalty-linked
108,Toddler Snacks,LOT-5100-A,CUST-TOK-50331,1,Anonymous (no loyalty link)
108,Toddler Snacks,LOT-5100-B,CUST-TOK-64479,5,Loyalty-linked
108,Toddler Snacks,LOT-5100-B,CUST-TOK-58174,2,Anonymous (no loyalty link)
202,Toddler Snacks,LOT-5100-A,CUST-TOK-20910,1,Loyalty-linked
202,Toddler Snacks,LOT-5100-A,CUST-TOK-23513,2,Anonymous (no loyalty link)
202,Toddler Snacks,LOT-5100-B,CUST-TOK-91253,1,Loyalty-linked
202,Toddler Snacks,LOT-5100-B,CUST-TOK-24882,1,Anonymous (no loyalty link)
203,Toddler Snacks,LOT-5100-A,CUST-TOK-14786,4,Loyalty-linked
203,Toddler Snacks,LOT-5100-A,CUST-TOK-85732,6,Anonymous (no loyalty link)
203,Toddler Snacks,LOT-5100-B,CUST-TOK-28522,3,Loyalty-linked
203,Toddler Snacks,LOT-5100-B,CUST-TOK-55053,4,Anonymous (no loyalty link)
204,Toddler Snacks,LOT-5100-A,CUST-TOK-45817,1,Loyalty-linked
204,Toddler Snacks,LOT-5100-A,CUST-TOK-60473,4,Anonymous (no loyalty link)
204,Toddler Snacks,LOT-5100-B,CUST-TOK-82557,1,Loyalty-linked
204,Toddler Snacks,LOT-5100-B,CUST-TOK-82780,3,Anonymous (no loyalty link)
206,Toddler Snacks,LOT-5100-A,CUST-TOK-57629,5,Loyalty-linked
206,Toddler Snacks,LOT-5100-A,CUST-TOK-39035,5,Anonymous (no loyalty link)
206,Toddler Snacks,LOT-5100-B,CUST-TOK-38185,6,Loyalty-linked
206,Toddler Snacks,LOT-5100-B,CUST-TOK-77711,6,Anonymous (no loyalty link)
207,Toddler Snacks,LOT-5100-A,CUST-TOK-55744,3,Loyalty-linked
207,Toddler Snacks,LOT-5100-A,CUST-TOK-62317,2,Anonymous (no loyalty link)
207,Toddler Snacks,LOT-5100-B,CUST-TOK-34833,4,Loyalty-linked
207,Toddler Snacks,LOT-5100-B,CUST-TOK-44849,4,Anonymous (no loyalty link)
208,Toddler Snacks,LOT-5100-A,CUST-TOK-57271,6,Loyalty-linked
208,Toddler Snacks,LOT-5100-A,CUST-TOK-12356,5,Anonymous (no loyalty link)
208,Toddler Snacks,LOT-5100-B,CUST-TOK-43001,1,Loyalty-linked
208,Toddler Snacks,LOT-5100-B,CUST-TOK-40954,6,Anonymous (no loyalty link)
103,Sunscreen,LOT-4200-A,CUST-TOK-41677,3,Loyalty-linked
103,Sunscreen,LOT-4200-A,CUST-TOK-13583,3,Anonymous (no loyalty link)
103,Sunscreen,LOT-4200-B,CUST-TOK-77335,4,Loyalty-linked
103,Sunscreen,LOT-4200-B,CUST-TOK-25951,4,Anonymous (no loyalty link)
104,Sunscreen,LOT-4200-A,CUST-TOK-83039,1,Loyalty-linked
104,Sunscreen,LOT-4200-A,CUST-TOK-59438,1,Anonymous (no loyalty link)
104,Sunscreen,LOT-4200-B,CUST-TOK-80572,2,Loyalty-linked
104,Sunscreen,LOT-4200-B,CUST-TOK-54473,6,Anonymous (no loyalty link)
105,Sunscreen,LOT-4200-A,CUST-TOK-84498,2,Loyalty-linked
105,Sunscreen,LOT-4200-A,CUST-TOK-90503,3,Anonymous (no loyalty link)
105,Sunscreen,LOT-4200-B,CUST-TOK-53224,2,Loyalty-linked
105,Sunscreen,LOT-4200-B,CUST-TOK-30306,4,Anonymous (no loyalty link)
108,Sunscreen,LOT-4200-A,CUST-TOK-91994,6,Loyalty-linked
108,Sunscreen,LOT-4200-A,CUST-TOK-89908,2,Anonymous (no loyalty link)
108,Sunscreen,LOT-4200-B,CUST-TOK-88079,3,Loyalty-linked
108,Sunscreen,LOT-4200-B,CUST-TOK-51942,3,Anonymous (no loyalty link)
202,Sunscreen,LOT-4200-A,CUST-TOK-60802,1,Loyalty-linked
202,Sunscreen,LOT-4200-A,CUST-TOK-12089,6,Anonymous (no loyalty link)
202,Sunscreen,LOT-4200-B,CUST-TOK-12464,4,Loyalty-linked
202,Sunscreen,LOT-4200-B,CUST-TOK-12439,1,Anonymous (no loyalty link)
203,Sunscreen,LOT-4200-A,CUST-TOK-67222,5,Loyalty-linked
203,Sunscreen,LOT-4200-A,CUST-TOK-16225,3,Anonymous (no loyalty link)
203,Sunscreen,LOT-4200-B,CUST-TOK-11615,2,Loyalty-linked
203,Sunscreen,LOT-4200-B,CUST-TOK-20789,4,Anonymous (no loyalty link)
204,Sunscreen,LOT-4200-A,CUST-TOK-74533,2,Loyalty-linked
204,Sunscreen,LOT-4200-A,CUST-TOK-28874,6,Anonymous (no loyalty link)
204,Sunscreen,LOT-4200-B,CUST-TOK-56125,6,Loyalty-linked
204,Sunscreen,LOT-4200-B,CUST-TOK-41353,6,Anonymous (no loyalty link)
205,Sunscreen,LOT-4200-A,CUST-TOK-88734,6,Loyalty-linked
205,Sunscreen,LOT-4200-A,CUST-TOK-21880,4,Anonymous (no loyalty link)
205,Sunscreen,LOT-4200-B,CUST-TOK-44868,2,Loyalty-linked
205,Sunscreen,LOT-4200-B,CUST-TOK-16767,1,Anonymous (no loyalty link)
206,Sunscreen,LOT-4200-A,CUST-TOK-85911,4,Loyalty-linked
206,Sunscreen,LOT-4200-A,CUST-TOK-98609,3,Anonymous (no loyalty link)
206,Sunscreen,LOT-4200-B,CUST-TOK-12676,5,Loyalty-linked
206,Sunscreen,LOT-4200-B,CUST-TOK-84871,2,Anonymous (no loyalty link)
208,Sunscreen,LOT-4200-A,CUST-TOK-20701,5,Loyalty-linked
208,Sunscreen,LOT-4200-A,CUST-TOK-94190,6,Anonymous (no loyalty link)
208,Sunscreen,LOT-4200-B,CUST-TOK-79260,6,Loyalty-linked
208,Sunscreen,LOT-4200-B,CUST-TOK-72458,6,Anonymous (no loyalty link)
103,Pain Reliever,LOT-5600-A,CUST-TOK-25321,6,Loyalty-linked
103,Pain Reliever,LOT-5600-A,CUST-TOK-25975,5,Anonymous (no loyalty link)
103,Pain Reliever,LOT-5600-B,CUST-TOK-28211,3,Loyalty-linked
103,Pain Reliever,LOT-5600-B,CUST-TOK-47408,2,Anonymous (no loyalty link)
104,Pain Reliever,LOT-5600-A,CUST-TOK-50462,2,Loyalty-linked
104,Pain Reliever,LOT-5600-A,CUST-TOK-65866,3,Anonymous (no loyalty link)
104,Pain Reliever,LOT-5600-B,CUST-TOK-26869,1,Loyalty-linked
104,Pain Reliever,LOT-5600-B,CUST-TOK-64281,5,Anonymous (no loyalty link)
105,Pain Reliever,LOT-5600-A,CUST-TOK-84947,5,Loyalty-linked
105,Pain Reliever,LOT-5600-A,CUST-TOK-26659,5,Anonymous (no loyalty link)
105,Pain Reliever,LOT-5600-B,CUST-TOK-90205,6,Loyalty-linked
105,Pain Reliever,LOT-5600-B,CUST-TOK-15691,2,Anonymous (no loyalty link)
107,Pain Reliever,LOT-5600-A,CUST-TOK-20096,2,Loyalty-linked
107,Pain Reliever,LOT-5600-A,CUST-TOK-14427,1,Anonymous (no loyalty link)
107,Pain Reliever,LOT-5600-B,CUST-TOK-95083,3,Loyalty-linked
107,Pain Reliever,LOT-5600-B,CUST-TOK-12175,1,Anonymous (no loyalty link)
108,Pain Reliever,LOT-5600-A,CUST-TOK-63905,5,Loyalty-linked
108,Pain Reliever,LOT-5600-A,CUST-TOK-22467,6,Anonymous (no loyalty link)
108,Pain Reliever,LOT-5600-B,CUST-TOK-10777,4,Loyalty-linked
108,Pain Reliever,LOT-5600-B,CUST-TOK-46011,1,Anonymous (no loyalty link)
201,Pain Reliever,LOT-5600-A,CUST-TOK-77459,1,Loyalty-linked
201,Pain Reliever,LOT-5600-A,CUST-TOK-71221,1,Anonymous (no loyalty link)
201,Pain Reliever,LOT-5600-B,CUST-TOK-72069,5,Loyalty-linked
201,Pain Reliever,LOT-5600-B,CUST-TOK-87608,1,Anonymous (no loyalty link)
202,Pain Reliever,LOT-5600-A,CUST-TOK-49005,4,Loyalty-linked
202,Pain Reliever,LOT-5600-A,CUST-TOK-68171,2,Anonymous (no loyalty link)
202,Pain Reliever,LOT-5600-B,CUST-TOK-18522,2,Loyalty-linked
202,Pain Reliever,LOT-5600-B,CUST-TOK-91054,5,Anonymous (no loyalty link)
203,Pain Reliever,LOT-5600-A,CUST-TOK-79738,6,Loyalty-linked
203,Pain Reliever,LOT-5600-A,CUST-TOK-70476,1,Anonymous (no loyalty link)
203,Pain Reliever,LOT-5600-B,CUST-TOK-39655,2,Loyalty-linked
203,Pain Reliever,LOT-5600-B,CUST-TOK-90890,2,Anonymous (no loyalty link)
204,Pain Reliever,LOT-5600-A,CUST-TOK-87929,4,Loyalty-linked
204,Pain Reliever,LOT-5600-A,CUST-TOK-78781,4,Anonymous (no loyalty link)
204,Pain Reliever,LOT-5600-B,CUST-TOK-37482,1,Loyalty-linked
204,Pain Reliever,LOT-5600-B,CUST-TOK-52735,5,Anonymous (no loyalty link)
205,Pain Reliever,LOT-5600-A,CUST-TOK-27742,6,Loyalty-linked
205,Pain Reliever,LOT-5600-A,CUST-TOK-88039,2,Anonymous (no loyalty link)
205,Pain Reliever,LOT-5600-B,CUST-TOK-58497,5,Loyalty-linked
205,Pain Reliever,LOT-5600-B,CUST-TOK-53387,2,Anonymous (no loyalty link)
206,Pain Reliever,LOT-5600-A,CUST-TOK-69816,5,Loyalty-linked
206,Pain Reliever,LOT-5600-A,CUST-TOK-13580,1,Anonymous (no loyalty link)
206,Pain Reliever,LOT-5600-B,CUST-TOK-75756,6,Loyalty-linked
206,Pain Reliever,LOT-5600-B,CUST-TOK-83634,5,Anonymous (no loyalty link)
207,Pain Reliever,LOT-5600-A,CUST-TOK-93037,2,Loyalty-linked
207,Pain Reliever,LOT-5600-A,CUST-TOK-30445,3,Anonymous (no loyalty link)
207,Pain Reliever,LOT-5600-B,CUST-TOK-52422,2,Loyalty-linked
207,Pain Reliever,LOT-5600-B,CUST-TOK-85318,1,Anonymous (no loyalty link)
208,Pain Reliever,LOT-5600-A,CUST-TOK-80825,1,Loyalty-linked
208,Pain Reliever,LOT-5600-A,CUST-TOK-55917,3,Anonymous (no loyalty link)
208,Pain Reliever,LOT-5600-B,CUST-TOK-39778,1,Loyalty-linked
208,Pain Reliever,LOT-5600-B,CUST-TOK-67765,6,Anonymous (no loyalty link)
101,Cough Syrup,LOT-6300-A,CUST-TOK-54285,2,Loyalty-linked
101,Cough Syrup,LOT-6300-A,CUST-TOK-93030,3,Anonymous (no loyalty link)
101,Cough Syrup,LOT-6300-B,CUST-TOK-96852,6,Loyalty-linked
101,Cough Syrup,LOT-6300-B,CUST-TOK-38383,5,Anonymous (no loyalty link)
103,Cough Syrup,LOT-6300-A,CUST-TOK-26407,2,Loyalty-linked
103,Cough Syrup,LOT-6300-A,CUST-TOK-51958,5,Anonymous (no loyalty link)
103,Cough Syrup,LOT-6300-B,CUST-TOK-43731,4,Loyalty-linked
103,Cough Syrup,LOT-6300-B,CUST-TOK-63585,6,Anonymous (no loyalty link)
104,Cough Syrup,LOT-6300-A,CUST-TOK-47482,6,Loyalty-linked
104,Cough Syrup,LOT-6300-A,CUST-TOK-58368,1,Anonymous (no loyalty link)
104,Cough Syrup,LOT-6300-B,CUST-TOK-62870,5,Loyalty-linked
104,Cough Syrup,LOT-6300-B,CUST-TOK-49917,5,Anonymous (no loyalty link)
106,Cough Syrup,LOT-6300-A,CUST-TOK-15568,3,Loyalty-linked
106,Cough Syrup,LOT-6300-A,CUST-TOK-78020,6,Anonymous (no loyalty link)
106,Cough Syrup,LOT-6300-B,CUST-TOK-42814,5,Loyalty-linked
106,Cough Syrup,LOT-6300-B,CUST-TOK-97611,6,Anonymous (no loyalty link)
107,Cough Syrup,LOT-6300-A,CUST-TOK-33961,4,Loyalty-linked
107,Cough Syrup,LOT-6300-A,CUST-TOK-65694,2,Anonymous (no loyalty link)
107,Cough Syrup,LOT-6300-B,CUST-TOK-32492,1,Loyalty-linked
107,Cough Syrup,LOT-6300-B,CUST-TOK-34461,3,Anonymous (no loyalty link)
201,Cough Syrup,LOT-6300-A,CUST-TOK-58833,2,Loyalty-linked
201,Cough Syrup,LOT-6300-A,CUST-TOK-30520,3,Anonymous (no loyalty link)
201,Cough Syrup,LOT-6300-B,CUST-TOK-21143,5,Loyalty-linked
201,Cough Syrup,LOT-6300-B,CUST-TOK-84605,2,Anonymous (no loyalty link)
203,Cough Syrup,LOT-6300-A,CUST-TOK-95618,4,Loyalty-linked
203,Cough Syrup,LOT-6300-A,CUST-TOK-81584,1,Anonymous (no loyalty link)
203,Cough Syrup,LOT-6300-B,CUST-TOK-65546,3,Loyalty-linked
203,Cough Syrup,LOT-6300-B,CUST-TOK-45581,4,Anonymous (no loyalty link)
204,Cough Syrup,LOT-6300-A,CUST-TOK-12004,6,Loyalty-linked
204,Cough Syrup,LOT-6300-A,CUST-TOK-50310,5,Anonymous (no loyalty link)
204,Cough Syrup,LOT-6300-B,CUST-TOK-76994,6,Loyalty-linked
204,Cough Syrup,LOT-6300-B,CUST-TOK-97976,2,Anonymous (no loyalty link)
205,Cough Syrup,LOT-6300-A,CUST-TOK-82468,2,Loyalty-linked
205,Cough Syrup,LOT-6300-A,CUST-TOK-49982,6,Anonymous (no loyalty link)
205,Cough Syrup,LOT-6300-B,CUST-TOK-73440,1,Loyalty-linked
205,Cough Syrup,LOT-6300-B,CUST-TOK-57137,3,Anonymous (no loyalty link)
206,Cough Syrup,LOT-6300-A,CUST-TOK-35392,4,Loyalty-linked
206,Cough Syrup,LOT-6300-A,CUST-TOK-26583,4,Anonymous (no loyalty link)
206,Cough Syrup,LOT-6300-B,CUST-TOK-68407,4,Loyalty-linked
206,Cough Syrup,LOT-6300-B,CUST-TOK-21341,3,Anonymous (no loyalty link)
207,Cough Syrup,LOT-6300-A,CUST-TOK-32753,2,Loyalty-linked
207,Cough Syrup,LOT-6300-A,CUST-TOK-60105,6,Anonymous (no loyalty link)
207,Cough Syrup,LOT-6300-B,CUST-TOK-45825,5,Loyalty-linked
207,Cough Syrup,LOT-6300-B,CUST-TOK-37429,5,Anonymous (no loyalty link)
208,Cough Syrup,LOT-6300-A,CUST-TOK-83940,3,Loyalty-linked
208,Cough Syrup,LOT-6300-A,CUST-TOK-80539,3,Anonymous (no loyalty link)
208,Cough Syrup,LOT-6300-B,CUST-TOK-95507,6,Loyalty-linked
208,Cough Syrup,LOT-6300-B,CUST-TOK-33919,2,Anonymous (no loyalty link)
101,Multivitamins,LOT-7000-A,CUST-TOK-93336,2,Loyalty-linked
101,Multivitamins,LOT-7000-A,CUST-TOK-81881,4,Anonymous (no loyalty link)
101,Multivitamins,LOT-7000-B,CUST-TOK-19195,2,Loyalty-linked
101,Multivitamins,LOT-7000-B,CUST-TOK-89132,5,Anonymous (no loyalty link)
102,Multivitamins,LOT-7000-A,CUST-TOK-84298,1,Loyalty-linked
102,Multivitamins,LOT-7000-A,CUST-TOK-29539,6,Anonymous (no loyalty link)
102,Multivitamins,LOT-7000-B,CUST-TOK-67804,5,Loyalty-linked
102,Multivitamins,LOT-7000-B,CUST-TOK-16672,5,Anonymous (no loyalty link)
103,Multivitamins,LOT-7000-A,CUST-TOK-40593,5,Loyalty-linked
103,Multivitamins,LOT-7000-A,CUST-TOK-40858,3,Anonymous (no loyalty link)
103,Multivitamins,LOT-7000-B,CUST-TOK-22320,6,Loyalty-linked
103,Multivitamins,LOT-7000-B,CUST-TOK-13669,1,Anonymous (no loyalty link)
105,Multivitamins,LOT-7000-A,CUST-TOK-23836,5,Loyalty-linked
105,Multivitamins,LOT-7000-A,CUST-TOK-23496,6,Anonymous (no loyalty link)
105,Multivitamins,LOT-7000-B,CUST-TOK-11533,4,Loyalty-linked
105,Multivitamins,LOT-7000-B,CUST-TOK-58652,3,Anonymous (no loyalty link)
107,Multivitamins,LOT-7000-A,CUST-TOK-35380,5,Loyalty-linked
107,Multivitamins,LOT-7000-A,CUST-TOK-50087,1,Anonymous (no loyalty link)
107,Multivitamins,LOT-7000-B,CUST-TOK-65658,4,Loyalty-linked
107,Multivitamins,LOT-7000-B,CUST-TOK-13265,2,Anonymous (no loyalty link)
108,Multivitamins,LOT-7000-A,CUST-TOK-56443,6,Loyalty-linked
108,Multivitamins,LOT-7000-A,CUST-TOK-64573,1,Anonymous (no loyalty link)
108,Multivitamins,LOT-7000-B,CUST-TOK-72496,3,Loyalty-linked
108,Multivitamins,LOT-7000-B,CUST-TOK-72099,2,Anonymous (no loyalty link)
203,Multivitamins,LOT-7000-A,CUST-TOK-10758,5,Loyalty-linked
203,Multivitamins,LOT-7000-A,CUST-TOK-34344,1,Anonymous (no loyalty link)
203,Multivitamins,LOT-7000-B,CUST-TOK-98786,2,Loyalty-linked
203,Multivitamins,LOT-7000-B,CUST-TOK-39910,4,Anonymous (no loyalty link)
204,Multivitamins,LOT-7000-A,CUST-TOK-58269,2,Loyalty-linked
204,Multivitamins,LOT-7000-A,CUST-TOK-77383,3,Anonymous (no loyalty link)
204,Multivitamins,LOT-7000-B,CUST-TOK-77919,2,Loyalty-linked
204,Multivitamins,LOT-7000-B,CUST-TOK-54296,6,Anonymous (no loyalty link)
205,Multivitamins,LOT-7000-A,CUST-TOK-79656,5,Loyalty-linked
205,Multivitamins,LOT-7000-A,CUST-TOK-68545,4,Anonymous (no loyalty link)
205,Multivitamins,LOT-7000-B,CUST-TOK-21711,1,Loyalty-linked
205,Multivitamins,LOT-7000-B,CUST-TOK-13097,6,Anonymous (no loyalty link)
206,Multivitamins,LOT-7000-A,CUST-TOK-90197,3,Loyalty-linked
206,Multivitamins,LOT-7000-A,CUST-TOK-61533,1,Anonymous (no loyalty link)
206,Multivitamins,LOT-7000-B,CUST-TOK-81074,2,Loyalty-linked
206,Multivitamins,LOT-7000-B,CUST-TOK-28943,4,Anonymous (no loyalty link)
208,Multivitamins,LOT-7000-A,CUST-TOK-56570,2,Loyalty-linked
208,Multivitamins,LOT-7000-A,CUST-TOK-22908,1,Anonymous (no loyalty link)
208,Multivitamins,LOT-7000-B,CUST-TOK-44963,2,Loyalty-linked
208,Multivitamins,LOT-7000-B,CUST-TOK-97573,2,Anonymous (no loyalty link)
