Store ID,UPC,Product,Category,Case Pack,MOQ,Sellable Unit,Baseline Forecast,Historical Average,On Hand,Inbound,Captured At,Committed,Safety Stock,Eligible Inbound Before Cutoff,ATP
101,049000028911,Bottled Water,Emergency Essentials,24,48,EA,125,113,100,25,2026-09-23T00:00:00+00:00,0,0,25,125
101,039800011906,Batteries,Emergency Essentials,12,24,EA,226,216,183,47,2026-09-23T00:00:00+00:00,0,0,47,230
101,030878004508,Flashlights,Emergency Essentials,6,12,EA,136,122,96,14,2026-09-23T00:00:00+00:00,0,0,14,110
101,041303011003,Rock Salt,Emergency Essentials,8,16,EA,218,209,180,50,2026-09-23T00:00:00+00:00,0,0,50,230
101,052088880018,Space Heater,Emergency Essentials,2,4,EA,291,282,162,32,2026-09-23T00:00:00+00:00,0,0,32,194
101,073168300019,Rain Ponchos,Emergency Essentials,6,12,EA,213,202,144,48,2026-09-23T00:00:00+00:00,0,0,48,192
101,072140010027,First Aid Kit,Emergency Essentials,6,12,EA,112,100,75,24,2026-09-23T00:00:00+00:00,0,0,24,99
101,051500255162,Peanut Butter,Food / Consumables,6,12,EA,201,190,132,42,2026-09-23T00:00:00+00:00,0,0,42,174
101,016000275867,Granola Bars,Food / Consumables,6,12,EA,284,255,167,39,2026-09-23T00:00:00+00:00,0,0,39,206
101,051000012516,Canned Soup,Food / Consumables,6,12,EA,95,88,57,14,2026-09-23T00:00:00+00:00,0,0,14,71
101,070038640119,Trail Mix,Food / Consumables,6,12,EA,232,208,15,39,2026-09-23T00:00:00+00:00,0,0,39,54
101,028400090460,Value Snacks,Food / Consumables,6,12,EA,100,94,65,20,2026-09-23T00:00:00+00:00,0,0,20,85
101,073730002104,Bread,Food / Consumables,6,12,EA,201,182,152,32,2026-09-23T00:00:00+00:00,0,0,32,184
101,300871231218,Baby Formula,Food / Consumables,6,12,EA,213,193,144,48,2026-09-23T00:00:00+00:00,0,0,48,192
101,017800130039,Pet Food,Household,6,12,EA,258,247,214,59,2026-09-23T00:00:00+00:00,0,0,59,273
101,037000127109,Laundry Detergent,Household,6,12,EA,250,240,162,50,2026-09-23T00:00:00+00:00,0,0,50,212
101,030772057008,Paper Towels,Household,6,12,EA,219,203,140,41,2026-09-23T00:00:00+00:00,0,0,41,181
101,037000424116,Toothpaste,Personal Care,6,12,EA,253,240,146,32,2026-09-23T00:00:00+00:00,0,0,32,178
101,080878179271,Shampoo,Personal Care,6,12,EA,186,178,132,20,2026-09-23T00:00:00+00:00,0,0,20,152
101,301871220013,Hand Sanitizer,Personal Care,6,12,EA,269,255,199,37,2026-09-23T00:00:00+00:00,0,0,37,236
101,081234567895,LPG Cylinder 20lb,Emergency Essentials,1,2,EA,257,233,210,56,2026-09-23T00:00:00+00:00,0,0,56,266
102,049000028911,Bottled Water,Emergency Essentials,24,48,EA,82,78,63,13,2026-09-23T00:00:00+00:00,0,0,13,76
102,039800011906,Batteries,Emergency Essentials,12,24,EA,266,244,215,55,2026-09-23T00:00:00+00:00,0,0,55,270
102,030878004508,Flashlights,Emergency Essentials,6,12,EA,158,145,131,36,2026-09-23T00:00:00+00:00,0,0,36,167
102,041303011003,Rock Salt,Emergency Essentials,8,16,EA,271,262,178,56,2026-09-23T00:00:00+00:00,0,0,56,234
102,052088880018,Space Heater,Emergency Essentials,2,4,EA,99,96,63,18,2026-09-23T00:00:00+00:00,0,0,18,81
102,073168300019,Rain Ponchos,Emergency Essentials,6,12,EA,280,252,154,28,2026-09-23T00:00:00+00:00,0,0,28,182
102,072140010027,First Aid Kit,Emergency Essentials,6,12,EA,153,145,119,27,2026-09-23T00:00:00+00:00,0,0,27,146
102,051500255162,Peanut Butter,Food / Consumables,6,12,EA,126,120,76,20,2026-09-23T00:00:00+00:00,0,0,20,96
102,016000275867,Granola Bars,Food / Consumables,6,12,EA,178,170,112,32,2026-09-23T00:00:00+00:00,0,0,32,144
102,051000012516,Canned Soup,Food / Consumables,6,12,EA,280,263,154,28,2026-09-23T00:00:00+00:00,0,0,28,182
102,070038640119,Trail Mix,Food / Consumables,6,12,EA,245,222,196,49,2026-09-23T00:00:00+00:00,0,0,49,245
102,028400090460,Value Snacks,Food / Consumables,6,12,EA,122,112,81,26,2026-09-23T00:00:00+00:00,0,0,26,107
102,073730002104,Bread,Food / Consumables,6,12,EA,209,198,154,29,2026-09-23T00:00:00+00:00,0,0,29,183
102,300871231218,Baby Formula,Food / Consumables,6,12,EA,272,255,209,46,2026-09-23T00:00:00+00:00,0,0,46,255
102,017800130039,Pet Food,Household,6,12,EA,89,84,65,12,2026-09-23T00:00:00+00:00,0,0,12,77
102,037000127109,Laundry Detergent,Household,6,12,EA,200,188,110,20,2026-09-23T00:00:00+00:00,0,0,20,130
102,030772057008,Paper Towels,Household,6,12,EA,139,134,88,26,2026-09-23T00:00:00+00:00,0,0,26,114
102,037000424116,Toothpaste,Personal Care,6,12,EA,263,255,178,60,2026-09-23T00:00:00+00:00,0,0,60,238
102,080878179271,Shampoo,Personal Care,6,12,EA,167,155,103,28,2026-09-23T00:00:00+00:00,0,0,28,131
102,301871220013,Hand Sanitizer,Personal Care,6,12,EA,218,209,137,39,2026-09-23T00:00:00+00:00,0,0,39,176
102,081234567895,LPG Cylinder 20lb,Emergency Essentials,1,2,EA,261,237,146,28,2026-09-23T00:00:00+00:00,0,0,28,174
103,049000028911,Bottled Water,Emergency Essentials,24,48,EA,261,237,146,28,2026-09-23T00:00:00+00:00,0,0,28,174
103,039800011906,Batteries,Emergency Essentials,12,24,EA,179,173,150,42,2026-09-23T00:00:00+00:00,0,0,42,192
103,030878004508,Flashlights,Emergency Essentials,6,12,EA,257,233,210,56,2026-09-23T00:00:00+00:00,0,0,56,266
103,041303011003,Rock Salt,Emergency Essentials,8,16,EA,80,75,52,16,2026-09-23T00:00:00+00:00,0,0,16,68
103,052088880018,Space Heater,Emergency Essentials,2,4,EA,130,124,84,26,2026-09-23T00:00:00+00:00,0,0,26,110
103,073168300019,Rain Ponchos,Emergency Essentials,6,12,EA,143,138,97,32,2026-09-23T00:00:00+00:00,0,0,32,129
103,072140010027,First Aid Kit,Emergency Essentials,6,12,EA,142,130,109,24,2026-09-23T00:00:00+00:00,0,0,24,133
103,051500255162,Peanut Butter,Food / Consumables,6,12,EA,149,141,95,28,2026-09-23T00:00:00+00:00,0,0,28,123
103,016000275867,Granola Bars,Food / Consumables,6,12,EA,209,198,154,29,2026-09-23T00:00:00+00:00,0,0,29,183
103,051000012516,Canned Soup,Food / Consumables,6,12,EA,146,134,103,16,2026-09-23T00:00:00+00:00,0,0,16,119
103,070038640119,Trail Mix,Food / Consumables,6,12,EA,172,161,115,37,2026-09-23T00:00:00+00:00,0,0,37,152
103,028400090460,Value Snacks,Food / Consumables,6,12,EA,180,169,117,36,2026-09-23T00:00:00+00:00,0,0,36,153
103,073730002104,Bread,Food / Consumables,6,12,EA,278,255,202,36,2026-09-23T00:00:00+00:00,0,0,36,238
103,300871231218,Baby Formula,Food / Consumables,6,12,EA,210,201,157,31,2026-09-23T00:00:00+00:00,0,0,31,188
103,017800130039,Pet Food,Household,6,12,EA,216,194,131,34,2026-09-23T00:00:00+00:00,0,0,34,165
103,037000127109,Laundry Detergent,Household,6,12,EA,127,118,104,27,2026-09-23T00:00:00+00:00,0,0,27,131
103,030772057008,Paper Towels,Household,6,12,EA,162,155,124,27,2026-09-23T00:00:00+00:00,0,0,27,151
103,037000424116,Toothpaste,Personal Care,6,12,EA,296,266,180,47,2026-09-23T00:00:00+00:00,0,0,47,227
103,080878179271,Shampoo,Personal Care,6,12,EA,113,107,88,20,2026-09-23T00:00:00+00:00,0,0,20,108
103,301871220013,Hand Sanitizer,Personal Care,6,12,EA,274,263,161,38,2026-09-23T00:00:00+00:00,0,0,38,199
103,081234567895,LPG Cylinder 20lb,Emergency Essentials,1,2,EA,176,165,124,19,2026-09-23T00:00:00+00:00,0,0,19,143
104,049000028911,Bottled Water,Emergency Essentials,24,48,EA,100,94,65,20,2026-09-23T00:00:00+00:00,0,0,20,85
104,039800011906,Batteries,Emergency Essentials,12,24,EA,157,142,113,18,2026-09-23T00:00:00+00:00,0,0,18,131
104,030878004508,Flashlights,Emergency Essentials,6,12,EA,220,198,165,33,2026-09-23T00:00:00+00:00,0,0,33,198
104,041303011003,Rock Salt,Emergency Essentials,8,16,EA,184,165,108,25,2026-09-23T00:00:00+00:00,0,0,25,133
104,052088880018,Space Heater,Emergency Essentials,2,4,EA,206,197,166,43,2026-09-23T00:00:00+00:00,0,0,43,209
104,073168300019,Rain Ponchos,Emergency Essentials,6,12,EA,219,212,183,52,2026-09-23T00:00:00+00:00,0,0,52,235
104,072140010027,First Aid Kit,Emergency Essentials,6,12,EA,186,171,113,29,2026-09-23T00:00:00+00:00,0,0,29,142
104,051500255162,Peanut Butter,Food / Consumables,6,12,EA,110,105,82,16,2026-09-23T00:00:00+00:00,0,0,16,98
104,016000275867,Granola Bars,Food / Consumables,6,12,EA,122,112,93,20,2026-09-23T00:00:00+00:00,0,0,20,113
104,051000012516,Canned Soup,Food / Consumables,6,12,EA,170,163,93,17,2026-09-23T00:00:00+00:00,0,0,17,110
104,070038640119,Trail Mix,Food / Consumables,6,12,EA,169,160,141,40,2026-09-23T00:00:00+00:00,0,0,40,181
104,028400090460,Value Snacks,Food / Consumables,6,12,EA,239,231,200,57,2026-09-23T00:00:00+00:00,0,0,57,257
104,073730002104,Bread,Food / Consumables,6,12,EA,146,134,118,30,2026-09-23T00:00:00+00:00,0,0,30,148
104,300871231218,Baby Formula,Food / Consumables,6,12,EA,119,110,76,22,2026-09-23T00:00:00+00:00,0,0,22,98
104,017800130039,Pet Food,Household,6,12,EA,232,208,155,51,2026-09-23T00:00:00+00:00,0,0,51,206
104,037000127109,Laundry Detergent,Household,6,12,EA,242,232,137,29,2026-09-23T00:00:00+00:00,0,0,29,166
104,030772057008,Paper Towels,Household,6,12,EA,96,90,77,20,2026-09-23T00:00:00+00:00,0,0,20,97
104,037000424116,Toothpaste,Personal Care,6,12,EA,243,235,140,31,2026-09-23T00:00:00+00:00,0,0,31,171
104,080878179271,Shampoo,Personal Care,6,12,EA,193,183,150,34,2026-09-23T00:00:00+00:00,0,0,34,184
104,301871220013,Hand Sanitizer,Personal Care,6,12,EA,140,126,77,14,2026-09-23T00:00:00+00:00,0,0,14,91
104,081234567895,LPG Cylinder 20lb,Emergency Essentials,1,2,EA,157,149,97,26,2026-09-23T00:00:00+00:00,0,0,26,123
105,049000028911,Bottled Water,Emergency Essentials,24,48,EA,138,126,100,17,2026-09-23T00:00:00+00:00,0,0,17,117
105,039800011906,Batteries,Emergency Essentials,12,24,EA,98,94,81,22,2026-09-23T00:00:00+00:00,0,0,22,103
105,030878004508,Flashlights,Emergency Essentials,6,12,EA,177,168,127,21,2026-09-23T00:00:00+00:00,0,0,21,148
105,041303011003,Rock Salt,Emergency Essentials,8,16,EA,228,214,189,52,2026-09-23T00:00:00+00:00,0,0,52,241
105,052088880018,Space Heater,Emergency Essentials,2,4,EA,225,213,180,45,2026-09-23T00:00:00+00:00,0,0,45,225
105,073168300019,Rain Ponchos,Emergency Essentials,6,12,EA,288,259,239,66,2026-09-23T00:00:00+00:00,0,0,66,305
105,072140010027,First Aid Kit,Emergency Essentials,6,12,EA,128,120,106,29,2026-09-23T00:00:00+00:00,0,0,29,135
105,051500255162,Peanut Butter,Food / Consumables,6,12,EA,257,244,185,30,2026-09-23T00:00:00+00:00,0,0,30,215
105,016000275867,Granola Bars,Food / Consumables,6,12,EA,102,93,68,22,2026-09-23T00:00:00+00:00,0,0,22,90
105,051000012516,Canned Soup,Food / Consumables,6,12,EA,84,75,57,20,2026-09-23T00:00:00+00:00,0,0,20,77
105,070038640119,Trail Mix,Food / Consumables,6,12,EA,284,266,224,53,2026-09-23T00:00:00+00:00,0,0,53,277
105,028400090460,Value Snacks,Food / Consumables,6,12,EA,201,182,152,32,2026-09-23T00:00:00+00:00,0,0,32,184
105,073730002104,Bread,Food / Consumables,6,12,EA,298,274,217,38,2026-09-23T00:00:00+00:00,0,0,38,255
105,300871231218,Baby Formula,Food / Consumables,6,12,EA,88,79,73,20,2026-09-23T00:00:00+00:00,0,0,20,93
105,017800130039,Pet Food,Household,6,12,EA,143,132,111,25,2026-09-23T00:00:00+00:00,0,0,25,136
105,037000127109,Laundry Detergent,Household,6,12,EA,106,97,64,16,2026-09-23T00:00:00+00:00,0,0,16,80
105,030772057008,Paper Towels,Household,6,12,EA,173,164,117,39,2026-09-23T00:00:00+00:00,0,0,39,156
105,037000424116,Toothpaste,Personal Care,6,12,EA,180,169,99,18,2026-09-23T00:00:00+00:00,0,0,18,117
105,080878179271,Shampoo,Personal Care,6,12,EA,218,200,137,39,2026-09-23T00:00:00+00:00,0,0,39,176
105,301871220013,Hand Sanitizer,Personal Care,6,12,EA,155,150,108,15,2026-09-23T00:00:00+00:00,0,0,15,123
105,081234567895,LPG Cylinder 20lb,Emergency Essentials,1,2,EA,143,132,82,18,2026-09-23T00:00:00+00:00,0,0,18,100
106,049000028911,Bottled Water,Emergency Essentials,24,48,EA,257,244,159,43,2026-09-23T00:00:00+00:00,0,0,43,202
106,039800011906,Batteries,Emergency Essentials,12,24,EA,268,251,195,34,2026-09-23T00:00:00+00:00,0,0,34,229
106,030878004508,Flashlights,Emergency Essentials,6,12,EA,235,227,164,23,2026-09-23T00:00:00+00:00,0,0,23,187
106,041303011003,Rock Salt,Emergency Essentials,8,16,EA,177,168,127,21,2026-09-23T00:00:00+00:00,0,0,21,148
106,052088880018,Space Heater,Emergency Essentials,2,4,EA,111,107,73,23,2026-09-23T00:00:00+00:00,0,0,23,96
106,073168300019,Rain Ponchos,Emergency Essentials,6,12,EA,190,182,142,28,2026-09-23T00:00:00+00:00,0,0,28,170
106,072140010027,First Aid Kit,Emergency Essentials,6,12,EA,184,165,108,25,2026-09-23T00:00:00+00:00,0,0,25,133
106,051500255162,Peanut Butter,Food / Consumables,6,12,EA,262,251,175,57,2026-09-23T00:00:00+00:00,0,0,57,232
106,016000275867,Granola Bars,Food / Consumables,6,12,EA,105,95,63,15,2026-09-23T00:00:00+00:00,0,0,15,78
106,051000012516,Canned Soup,Food / Consumables,6,12,EA,190,182,123,38,2026-09-23T00:00:00+00:00,0,0,38,161
106,070038640119,Trail Mix,Food / Consumables,6,12,EA,117,111,95,25,2026-09-23T00:00:00+00:00,0,0,25,120
106,028400090460,Value Snacks,Food / Consumables,6,12,EA,103,95,80,18,2026-09-23T00:00:00+00:00,0,0,18,98
106,073730002104,Bread,Food / Consumables,6,12,EA,166,152,134,34,2026-09-23T00:00:00+00:00,0,0,34,168
106,300871231218,Baby Formula,Food / Consumables,6,12,EA,176,158,142,36,2026-09-23T00:00:00+00:00,0,0,36,178
106,017800130039,Pet Food,Household,6,12,EA,266,255,215,55,2026-09-23T00:00:00+00:00,0,0,55,270
106,037000127109,Laundry Detergent,Household,6,12,EA,95,92,57,14,2026-09-23T00:00:00+00:00,0,0,14,71
106,030772057008,Paper Towels,Household,6,12,EA,235,227,188,47,2026-09-23T00:00:00+00:00,0,0,47,235
106,037000424116,Toothpaste,Personal Care,6,12,EA,116,104,93,24,2026-09-23T00:00:00+00:00,0,0,24,117
106,080878179271,Shampoo,Personal Care,6,12,EA,91,84,50,10,2026-09-23T00:00:00+00:00,0,0,10,60
106,301871220013,Hand Sanitizer,Personal Care,6,12,EA,183,170,142,32,2026-09-23T00:00:00+00:00,0,0,32,174
106,081234567895,LPG Cylinder 20lb,Emergency Essentials,1,2,EA,147,136,120,32,2026-09-23T00:00:00+00:00,0,0,32,152
107,049000028911,Bottled Water,Emergency Essentials,24,48,EA,169,160,141,40,2026-09-23T00:00:00+00:00,0,0,40,181
107,039800011906,Batteries,Emergency Essentials,12,24,EA,288,270,239,66,2026-09-23T00:00:00+00:00,0,0,66,305
107,030878004508,Flashlights,Emergency Essentials,6,12,EA,295,274,236,59,2026-09-23T00:00:00+00:00,0,0,59,295
107,041303011003,Rock Salt,Emergency Essentials,8,16,EA,86,79,69,18,2026-09-23T00:00:00+00:00,0,0,18,87
107,052088880018,Space Heater,Emergency Essentials,2,4,EA,127,123,91,15,2026-09-23T00:00:00+00:00,0,0,15,106
107,073168300019,Rain Ponchos,Emergency Essentials,6,12,EA,114,104,78,27,2026-09-23T00:00:00+00:00,0,0,27,105
107,072140010027,First Aid Kit,Emergency Essentials,6,12,EA,268,241,222,61,2026-09-23T00:00:00+00:00,0,0,61,283
107,051500255162,Peanut Butter,Food / Consumables,6,12,EA,138,126,100,17,2026-09-23T00:00:00+00:00,0,0,17,117
107,016000275867,Granola Bars,Food / Consumables,6,12,EA,244,229,143,34,2026-09-23T00:00:00+00:00,0,0,34,177
107,051000012516,Canned Soup,Food / Consumables,6,12,EA,251,233,165,52,2026-09-23T00:00:00+00:00,0,0,52,217
107,070038640119,Trail Mix,Food / Consumables,6,12,EA,203,196,117,26,2026-09-23T00:00:00+00:00,0,0,26,143
107,028400090460,Value Snacks,Food / Consumables,6,12,EA,165,150,132,33,2026-09-23T00:00:00+00:00,0,0,33,165
107,073730002104,Bread,Food / Consumables,6,12,EA,247,239,153,41,2026-09-23T00:00:00+00:00,0,0,41,194
107,300871231218,Baby Formula,Food / Consumables,6,12,EA,228,214,189,52,2026-09-23T00:00:00+00:00,0,0,52,241
107,017800130039,Pet Food,Household,6,12,EA,233,212,158,53,2026-09-23T00:00:00+00:00,0,0,53,211
107,037000127109,Laundry Detergent,Household,6,12,EA,154,141,106,36,2026-09-23T00:00:00+00:00,0,0,36,142
107,030772057008,Paper Towels,Household,6,12,EA,157,149,97,26,2026-09-23T00:00:00+00:00,0,0,26,123
107,037000424116,Toothpaste,Personal Care,6,12,EA,104,93,71,24,2026-09-23T00:00:00+00:00,0,0,24,95
107,080878179271,Shampoo,Personal Care,6,12,EA,223,207,151,51,2026-09-23T00:00:00+00:00,0,0,51,202
107,301871220013,Hand Sanitizer,Personal Care,6,12,EA,155,144,108,15,2026-09-23T00:00:00+00:00,0,0,15,123
107,081234567895,LPG Cylinder 20lb,Emergency Essentials,1,2,EA,99,96,83,23,2026-09-23T00:00:00+00:00,0,0,23,106
108,049000028911,Bottled Water,Emergency Essentials,24,48,EA,157,142,128,34,2026-09-23T00:00:00+00:00,0,0,34,162
108,039800011906,Batteries,Emergency Essentials,12,24,EA,287,278,177,48,2026-09-23T00:00:00+00:00,0,0,48,225
108,030878004508,Flashlights,Emergency Essentials,6,12,EA,275,255,192,27,2026-09-23T00:00:00+00:00,0,0,27,219
108,041303011003,Rock Salt,Emergency Essentials,8,16,EA,187,181,115,31,2026-09-23T00:00:00+00:00,0,0,31,146
108,052088880018,Space Heater,Emergency Essentials,2,4,EA,273,259,212,49,2026-09-23T00:00:00+00:00,0,0,49,261
108,073168300019,Rain Ponchos,Emergency Essentials,6,12,EA,135,130,81,20,2026-09-23T00:00:00+00:00,0,0,20,101
108,072140010027,First Aid Kit,Emergency Essentials,6,12,EA,169,160,141,40,2026-09-23T00:00:00+00:00,0,0,40,181
108,051500255162,Peanut Butter,Food / Consumables,6,12,EA,233,212,158,53,2026-09-23T00:00:00+00:00,0,0,53,211
108,016000275867,Granola Bars,Food / Consumables,6,12,EA,238,218,149,42,2026-09-23T00:00:00+00:00,0,0,42,191
108,051000012516,Canned Soup,Food / Consumables,6,12,EA,183,170,142,32,2026-09-23T00:00:00+00:00,0,0,32,174
108,070038640119,Trail Mix,Food / Consumables,6,12,EA,102,97,58,12,2026-09-23T00:00:00+00:00,0,0,12,70
108,028400090460,Value Snacks,Food / Consumables,6,12,EA,151,146,114,24,2026-09-23T00:00:00+00:00,0,0,24,138
108,073730002104,Bread,Food / Consumables,6,12,EA,177,168,145,38,2026-09-23T00:00:00+00:00,0,0,38,183
108,300871231218,Baby Formula,Food / Consumables,6,12,EA,134,128,92,32,2026-09-23T00:00:00+00:00,0,0,32,124
108,017800130039,Pet Food,Household,6,12,EA,220,206,121,22,2026-09-23T00:00:00+00:00,0,0,22,143
108,037000127109,Laundry Detergent,Household,6,12,EA,286,274,174,45,2026-09-23T00:00:00+00:00,0,0,45,219
108,030772057008,Paper Towels,Household,6,12,EA,207,192,149,24,2026-09-23T00:00:00+00:00,0,0,24,173
108,037000424116,Toothpaste,Personal Care,6,12,EA,194,178,133,46,2026-09-23T00:00:00+00:00,0,0,46,179
108,080878179271,Shampoo,Personal Care,6,12,EA,174,160,120,41,2026-09-23T00:00:00+00:00,0,0,41,161
108,301871220013,Hand Sanitizer,Personal Care,6,12,EA,229,208,192,54,2026-09-23T00:00:00+00:00,0,0,54,246
108,081234567895,LPG Cylinder 20lb,Emergency Essentials,1,2,EA,222,213,170,37,2026-09-23T00:00:00+00:00,0,0,37,207
201,049000028911,Bottled Water,Emergency Essentials,24,48,EA,190,182,123,38,2026-09-23T00:00:00+00:00,0,0,38,161
201,039800011906,Batteries,Emergency Essentials,12,24,EA,272,255,209,46,2026-09-23T00:00:00+00:00,0,0,46,255
201,030878004508,Flashlights,Emergency Essentials,6,12,EA,188,176,137,24,2026-09-23T00:00:00+00:00,0,0,24,161
201,041303011003,Rock Salt,Emergency Essentials,8,16,EA,143,138,111,25,2026-09-23T00:00:00+00:00,0,0,25,136
201,052088880018,Space Heater,Emergency Essentials,2,4,EA,240,225,132,24,2026-09-23T00:00:00+00:00,0,0,24,156
201,073168300019,Rain Ponchos,Emergency Essentials,6,12,EA,99,96,73,13,2026-09-23T00:00:00+00:00,0,0,13,86
201,072140010027,First Aid Kit,Emergency Essentials,6,12,EA,290,278,188,58,2026-09-23T00:00:00+00:00,0,0,58,246
201,051500255162,Peanut Butter,Food / Consumables,6,12,EA,135,125,81,20,2026-09-23T00:00:00+00:00,0,0,20,101
201,016000275867,Granola Bars,Food / Consumables,6,12,EA,173,164,134,31,2026-09-23T00:00:00+00:00,0,0,31,165
201,051000012516,Canned Soup,Food / Consumables,6,12,EA,208,195,131,37,2026-09-23T00:00:00+00:00,0,0,37,168
201,070038640119,Trail Mix,Food / Consumables,6,12,EA,88,82,55,15,2026-09-23T00:00:00+00:00,0,0,15,70
201,028400090460,Value Snacks,Food / Consumables,6,12,EA,288,259,181,51,2026-09-23T00:00:00+00:00,0,0,51,232
201,073730002104,Bread,Food / Consumables,6,12,EA,94,90,55,13,2026-09-23T00:00:00+00:00,0,0,13,68
201,300871231218,Baby Formula,Food / Consumables,6,12,EA,298,274,217,38,2026-09-23T00:00:00+00:00,0,0,38,255
201,017800130039,Pet Food,Household,6,12,EA,260,234,143,26,2026-09-23T00:00:00+00:00,0,0,26,169
201,037000127109,Laundry Detergent,Household,6,12,EA,175,162,140,35,2026-09-23T00:00:00+00:00,0,0,35,175
201,030772057008,Paper Towels,Household,6,12,EA,139,134,102,19,2026-09-23T00:00:00+00:00,0,0,19,121
201,037000424116,Toothpaste,Personal Care,6,12,EA,266,255,215,55,2026-09-23T00:00:00+00:00,0,0,55,270
201,080878179271,Shampoo,Personal Care,6,12,EA,219,203,162,30,2026-09-23T00:00:00+00:00,0,0,30,192
201,301871220013,Hand Sanitizer,Personal Care,6,12,EA,239,222,200,57,2026-09-23T00:00:00+00:00,0,0,57,257
201,081234567895,LPG Cylinder 20lb,Emergency Essentials,1,2,EA,105,95,73,10,2026-09-23T00:00:00+00:00,0,0,10,83
202,049000028911,Bottled Water,Emergency Essentials,24,48,EA,174,160,137,33,2026-09-23T00:00:00+00:00,0,0,33,170
202,039800011906,Batteries,Emergency Essentials,12,24,EA,159,154,133,38,2026-09-23T00:00:00+00:00,0,0,38,171
202,030878004508,Flashlights,Emergency Essentials,6,12,EA,299,290,251,71,2026-09-23T00:00:00+00:00,0,0,71,322
202,041303011003,Rock Salt,Emergency Essentials,8,16,EA,266,244,215,55,2026-09-23T00:00:00+00:00,0,0,55,270
202,052088880018,Space Heater,Emergency Essentials,2,4,EA,220,198,165,33,2026-09-23T00:00:00+00:00,0,0,33,198
202,073168300019,Rain Ponchos,Emergency Essentials,6,12,EA,147,142,105,17,2026-09-23T00:00:00+00:00,0,0,17,122
202,072140010027,First Aid Kit,Emergency Essentials,6,12,EA,260,234,169,52,2026-09-23T00:00:00+00:00,0,0,52,221
202,051500255162,Peanut Butter,Food / Consumables,6,12,EA,245,232,147,36,2026-09-23T00:00:00+00:00,0,0,36,183
202,016000275867,Granola Bars,Food / Consumables,6,12,EA,155,150,124,31,2026-09-23T00:00:00+00:00,0,0,31,155
202,051000012516,Canned Soup,Food / Consumables,6,12,EA,223,216,129,28,2026-09-23T00:00:00+00:00,0,0,28,157
202,070038640119,Trail Mix,Food / Consumables,6,12,EA,82,78,63,13,2026-09-23T00:00:00+00:00,0,0,13,76
202,028400090460,Value Snacks,Food / Consumables,6,12,EA,149,135,125,35,2026-09-23T00:00:00+00:00,0,0,35,160
202,073730002104,Bread,Food / Consumables,6,12,EA,275,255,220,55,2026-09-23T00:00:00+00:00,0,0,55,275
202,300871231218,Baby Formula,Food / Consumables,6,12,EA,98,94,61,17,2026-09-23T00:00:00+00:00,0,0,17,78
202,017800130039,Pet Food,Household,6,12,EA,86,82,69,18,2026-09-23T00:00:00+00:00,0,0,18,87
202,037000127109,Laundry Detergent,Household,6,12,EA,173,157,117,39,2026-09-23T00:00:00+00:00,0,0,39,156
202,030772057008,Paper Towels,Household,6,12,EA,265,241,159,39,2026-09-23T00:00:00+00:00,0,0,39,198
202,037000424116,Toothpaste,Personal Care,6,12,EA,82,75,63,13,2026-09-23T00:00:00+00:00,0,0,13,76
202,080878179271,Shampoo,Personal Care,6,12,EA,219,203,183,52,2026-09-23T00:00:00+00:00,0,0,52,235
202,301871220013,Hand Sanitizer,Personal Care,6,12,EA,142,130,95,31,2026-09-23T00:00:00+00:00,0,0,31,126
202,081234567895,LPG Cylinder 20lb,Emergency Essentials,1,2,EA,212,199,142,46,2026-09-23T00:00:00+00:00,0,0,46,188
203,049000028911,Bottled Water,Emergency Essentials,24,48,EA,240,216,180,36,2026-09-23T00:00:00+00:00,0,0,36,216
203,039800011906,Batteries,Emergency Essentials,12,24,EA,169,160,141,40,2026-09-23T00:00:00+00:00,0,0,40,181
203,030878004508,Flashlights,Emergency Essentials,6,12,EA,98,94,61,17,2026-09-23T00:00:00+00:00,0,0,17,78
203,041303011003,Rock Salt,Emergency Essentials,8,16,EA,87,84,62,10,2026-09-23T00:00:00+00:00,0,0,10,72
203,052088880018,Space Heater,Emergency Essentials,2,4,EA,106,101,85,22,2026-09-23T00:00:00+00:00,0,0,22,107
203,073168300019,Rain Ponchos,Emergency Essentials,6,12,EA,116,104,93,24,2026-09-23T00:00:00+00:00,0,0,24,117
203,072140010027,First Aid Kit,Emergency Essentials,6,12,EA,84,75,49,11,2026-09-23T00:00:00+00:00,0,0,11,60
203,051500255162,Peanut Butter,Food / Consumables,6,12,EA,97,88,79,21,2026-09-23T00:00:00+00:00,0,0,21,100
203,016000275867,Granola Bars,Food / Consumables,6,12,EA,149,135,95,28,2026-09-23T00:00:00+00:00,0,0,28,123
203,051000012516,Canned Soup,Food / Consumables,6,12,EA,203,196,117,26,2026-09-23T00:00:00+00:00,0,0,26,143
203,070038640119,Trail Mix,Food / Consumables,6,12,EA,121,110,79,25,2026-09-23T00:00:00+00:00,0,0,25,104
203,028400090460,Value Snacks,Food / Consumables,6,12,EA,140,131,77,14,2026-09-23T00:00:00+00:00,0,0,14,91
203,073730002104,Bread,Food / Consumables,6,12,EA,136,127,110,28,2026-09-23T00:00:00+00:00,0,0,28,138
203,300871231218,Baby Formula,Food / Consumables,6,12,EA,158,145,131,36,2026-09-23T00:00:00+00:00,0,0,36,167
203,017800130039,Pet Food,Household,6,12,EA,150,138,112,22,2026-09-23T00:00:00+00:00,0,0,22,134
203,037000127109,Laundry Detergent,Household,6,12,EA,218,200,159,28,2026-09-23T00:00:00+00:00,0,0,28,187
203,030772057008,Paper Towels,Household,6,12,EA,128,115,80,23,2026-09-23T00:00:00+00:00,0,0,23,103
203,037000424116,Toothpaste,Personal Care,6,12,EA,239,222,200,57,2026-09-23T00:00:00+00:00,0,0,57,257
203,080878179271,Shampoo,Personal Care,6,12,EA,96,86,68,10,2026-09-23T00:00:00+00:00,0,0,10,78
203,301871220013,Hand Sanitizer,Personal Care,6,12,EA,179,173,114,34,2026-09-23T00:00:00+00:00,0,0,34,148
203,081234567895,LPG Cylinder 20lb,Emergency Essentials,1,2,EA,157,149,128,34,2026-09-23T00:00:00+00:00,0,0,34,162
204,049000028911,Bottled Water,Emergency Essentials,24,48,EA,127,118,104,27,2026-09-23T00:00:00+00:00,0,0,27,131
204,039800011906,Batteries,Emergency Essentials,12,24,EA,118,108,74,21,2026-09-23T00:00:00+00:00,0,0,21,95
204,030878004508,Flashlights,Emergency Essentials,6,12,EA,97,88,69,11,2026-09-23T00:00:00+00:00,0,0,11,80
204,041303011003,Rock Salt,Emergency Essentials,8,16,EA,269,255,199,37,2026-09-23T00:00:00+00:00,0,0,37,236
204,052088880018,Space Heater,Emergency Essentials,2,4,EA,166,159,134,34,2026-09-23T00:00:00+00:00,0,0,34,168
204,073168300019,Rain Ponchos,Emergency Essentials,6,12,EA,98,90,81,22,2026-09-23T00:00:00+00:00,0,0,22,103
204,072140010027,First Aid Kit,Emergency Essentials,6,12,EA,80,72,52,16,2026-09-23T00:00:00+00:00,0,0,16,68
204,051500255162,Peanut Butter,Food / Consumables,6,12,EA,240,216,132,24,2026-09-23T00:00:00+00:00,0,0,24,156
204,016000275867,Granola Bars,Food / Consumables,6,12,EA,206,189,125,32,2026-09-23T00:00:00+00:00,0,0,32,157
204,051000012516,Canned Soup,Food / Consumables,6,12,EA,123,119,95,22,2026-09-23T00:00:00+00:00,0,0,22,117
204,070038640119,Trail Mix,Food / Consumables,6,12,EA,94,86,74,17,2026-09-23T00:00:00+00:00,0,0,17,91
204,028400090460,Value Snacks,Food / Consumables,6,12,EA,167,155,120,20,2026-09-23T00:00:00+00:00,0,0,20,140
204,073730002104,Bread,Food / Consumables,6,12,EA,270,248,148,27,2026-09-23T00:00:00+00:00,0,0,27,175
204,300871231218,Baby Formula,Food / Consumables,6,12,EA,88,79,64,11,2026-09-23T00:00:00+00:00,0,0,11,75
204,017800130039,Pet Food,Household,6,12,EA,252,226,143,30,2026-09-23T00:00:00+00:00,0,0,30,173
204,037000127109,Laundry Detergent,Household,6,12,EA,161,146,90,17,2026-09-23T00:00:00+00:00,0,0,17,107
204,030772057008,Paper Towels,Household,6,12,EA,232,218,132,27,2026-09-23T00:00:00+00:00,0,0,27,159
204,037000424116,Toothpaste,Personal Care,6,12,EA,145,131,87,21,2026-09-23T00:00:00+00:00,0,0,21,108
204,080878179271,Shampoo,Personal Care,6,12,EA,283,274,220,50,2026-09-23T00:00:00+00:00,0,0,50,270
204,301871220013,Hand Sanitizer,Personal Care,6,12,EA,137,130,98,16,2026-09-23T00:00:00+00:00,0,0,16,114
204,081234567895,LPG Cylinder 20lb,Emergency Essentials,1,2,EA,283,274,220,50,2026-09-23T00:00:00+00:00,0,0,50,270
205,049000028911,Bottled Water,Emergency Essentials,24,48,EA,88,82,55,15,2026-09-23T00:00:00+00:00,0,0,15,70
205,039800011906,Batteries,Emergency Essentials,12,24,EA,126,115,102,26,2026-09-23T00:00:00+00:00,0,0,26,128
205,030878004508,Flashlights,Emergency Essentials,6,12,EA,244,229,192,46,2026-09-23T00:00:00+00:00,0,0,46,238
205,041303011003,Rock Salt,Emergency Essentials,8,16,EA,138,132,86,24,2026-09-23T00:00:00+00:00,0,0,24,110
205,052088880018,Space Heater,Emergency Essentials,2,4,EA,161,152,106,33,2026-09-23T00:00:00+00:00,0,0,33,139
205,073168300019,Rain Ponchos,Emergency Essentials,6,12,EA,187,181,115,31,2026-09-23T00:00:00+00:00,0,0,31,146
205,072140010027,First Aid Kit,Emergency Essentials,6,12,EA,91,84,69,14,2026-09-23T00:00:00+00:00,0,0,14,83
205,051500255162,Peanut Butter,Food / Consumables,6,12,EA,108,101,89,24,2026-09-23T00:00:00+00:00,0,0,24,113
205,016000275867,Granola Bars,Food / Consumables,6,12,EA,170,156,93,17,2026-09-23T00:00:00+00:00,0,0,17,110
205,051000012516,Canned Soup,Food / Consumables,6,12,EA,88,79,73,20,2026-09-23T00:00:00+00:00,0,0,20,93
205,070038640119,Trail Mix,Food / Consumables,6,12,EA,96,90,77,20,2026-09-23T00:00:00+00:00,0,0,20,97
205,028400090460,Value Snacks,Food / Consumables,6,12,EA,249,226,184,34,2026-09-23T00:00:00+00:00,0,0,34,218
205,073730002104,Bread,Food / Consumables,6,12,EA,292,262,224,49,2026-09-23T00:00:00+00:00,0,0,49,273
205,300871231218,Baby Formula,Food / Consumables,6,12,EA,87,80,62,10,2026-09-23T00:00:00+00:00,0,0,10,72
205,017800130039,Pet Food,Household,6,12,EA,155,150,124,31,2026-09-23T00:00:00+00:00,0,0,31,155
205,037000127109,Laundry Detergent,Household,6,12,EA,201,190,132,42,2026-09-23T00:00:00+00:00,0,0,42,174
205,030772057008,Paper Towels,Household,6,12,EA,107,103,66,18,2026-09-23T00:00:00+00:00,0,0,18,84
205,037000424116,Toothpaste,Personal Care,6,12,EA,264,248,155,36,2026-09-23T00:00:00+00:00,0,0,36,191
205,080878179271,Shampoo,Personal Care,6,12,EA,196,176,139,21,2026-09-23T00:00:00+00:00,0,0,21,160
205,301871220013,Hand Sanitizer,Personal Care,6,12,EA,100,90,65,20,2026-09-23T00:00:00+00:00,0,0,20,85
205,081234567895,LPG Cylinder 20lb,Emergency Essentials,1,2,EA,159,154,117,22,2026-09-23T00:00:00+00:00,0,0,22,139
206,049000028911,Bottled Water,Emergency Essentials,24,48,EA,242,222,186,41,2026-09-23T00:00:00+00:00,0,0,41,227
206,039800011906,Batteries,Emergency Essentials,12,24,EA,170,163,93,17,2026-09-23T00:00:00+00:00,0,0,17,110
206,030878004508,Flashlights,Emergency Essentials,6,12,EA,236,221,167,25,2026-09-23T00:00:00+00:00,0,0,25,192
206,041303011003,Rock Salt,Emergency Essentials,8,16,EA,212,190,120,25,2026-09-23T00:00:00+00:00,0,0,25,145
206,052088880018,Space Heater,Emergency Essentials,2,4,EA,257,244,159,43,2026-09-23T00:00:00+00:00,0,0,43,202
206,073168300019,Rain Ponchos,Emergency Essentials,6,12,EA,219,212,183,52,2026-09-23T00:00:00+00:00,0,0,52,235
206,072140010027,First Aid Kit,Emergency Essentials,6,12,EA,115,111,80,11,2026-09-23T00:00:00+00:00,0,0,11,91
206,051500255162,Peanut Butter,Food / Consumables,6,12,EA,213,202,123,27,2026-09-23T00:00:00+00:00,0,0,27,150
206,016000275867,Granola Bars,Food / Consumables,6,12,EA,89,84,65,12,2026-09-23T00:00:00+00:00,0,0,12,77
206,051000012516,Canned Soup,Food / Consumables,6,12,EA,99,96,63,18,2026-09-23T00:00:00+00:00,0,0,18,81
206,070038640119,Trail Mix,Food / Consumables,6,12,EA,245,222,171,24,2026-09-23T00:00:00+00:00,0,0,24,195
206,028400090460,Value Snacks,Food / Consumables,6,12,EA,185,168,148,37,2026-09-23T00:00:00+00:00,0,0,37,185
206,073730002104,Bread,Food / Consumables,6,12,EA,295,286,236,59,2026-09-23T00:00:00+00:00,0,0,59,295
206,300871231218,Baby Formula,Food / Consumables,6,12,EA,228,214,166,29,2026-09-23T00:00:00+00:00,0,0,29,195
206,017800130039,Pet Food,Household,6,12,EA,178,163,129,23,2026-09-23T00:00:00+00:00,0,0,23,152
206,037000127109,Laundry Detergent,Household,6,12,EA,102,93,78,17,2026-09-23T00:00:00+00:00,0,0,17,95
206,030772057008,Paper Towels,Household,6,12,EA,165,150,132,33,2026-09-23T00:00:00+00:00,0,0,33,165
206,037000424116,Toothpaste,Personal Care,6,12,EA,220,198,143,44,2026-09-23T00:00:00+00:00,0,0,44,187
206,080878179271,Shampoo,Personal Care,6,12,EA,171,165,95,18,2026-09-23T00:00:00+00:00,0,0,18,113
206,301871220013,Hand Sanitizer,Personal Care,6,12,EA,136,127,82,21,2026-09-23T00:00:00+00:00,0,0,21,103
206,081234567895,LPG Cylinder 20lb,Emergency Essentials,1,2,EA,107,103,66,18,2026-09-23T00:00:00+00:00,0,0,18,84
207,049000028911,Bottled Water,Emergency Essentials,24,48,EA,105,95,73,10,2026-09-23T00:00:00+00:00,0,0,10,83
207,039800011906,Batteries,Emergency Essentials,12,24,EA,185,175,111,27,2026-09-23T00:00:00+00:00,0,0,27,138
207,030878004508,Flashlights,Emergency Essentials,6,12,EA,104,97,82,19,2026-09-23T00:00:00+00:00,0,0,19,101
207,041303011003,Rock Salt,Emergency Essentials,8,16,EA,275,255,192,27,2026-09-23T00:00:00+00:00,0,0,27,219
207,052088880018,Space Heater,Emergency Essentials,2,4,EA,299,290,191,56,2026-09-23T00:00:00+00:00,0,0,56,247
207,073168300019,Rain Ponchos,Emergency Essentials,6,12,EA,234,215,138,32,2026-09-23T00:00:00+00:00,0,0,32,170
207,072140010027,First Aid Kit,Emergency Essentials,6,12,EA,103,99,70,23,2026-09-23T00:00:00+00:00,0,0,23,93
207,051500255162,Peanut Butter,Food / Consumables,6,12,EA,253,240,197,45,2026-09-23T00:00:00+00:00,0,0,45,242
207,016000275867,Granola Bars,Food / Consumables,6,12,EA,228,205,143,41,2026-09-23T00:00:00+00:00,0,0,41,184
207,051000012516,Canned Soup,Food / Consumables,6,12,EA,155,150,124,31,2026-09-23T00:00:00+00:00,0,0,31,155
207,070038640119,Trail Mix,Food / Consumables,6,12,EA,271,262,178,56,2026-09-23T00:00:00+00:00,0,0,56,234
207,028400090460,Value Snacks,Food / Consumables,6,12,EA,196,184,158,41,2026-09-23T00:00:00+00:00,0,0,41,199
207,073730002104,Bread,Food / Consumables,6,12,EA,93,88,63,21,2026-09-23T00:00:00+00:00,0,0,21,84
207,300871231218,Baby Formula,Food / Consumables,6,12,EA,264,248,182,63,2026-09-23T00:00:00+00:00,0,0,63,245
207,017800130039,Pet Food,Household,6,12,EA,81,76,45,8,2026-09-23T00:00:00+00:00,0,0,8,53
207,037000127109,Laundry Detergent,Household,6,12,EA,256,230,207,53,2026-09-23T00:00:00+00:00,0,0,53,260
207,030772057008,Paper Towels,Household,6,12,EA,153,145,88,19,2026-09-23T00:00:00+00:00,0,0,19,107
207,037000424116,Toothpaste,Personal Care,6,12,EA,296,266,239,62,2026-09-23T00:00:00+00:00,0,0,62,301
207,080878179271,Shampoo,Personal Care,6,12,EA,285,259,171,42,2026-09-23T00:00:00+00:00,0,0,42,213
207,301871220013,Hand Sanitizer,Personal Care,6,12,EA,87,80,62,10,2026-09-23T00:00:00+00:00,0,0,10,72
207,081234567895,LPG Cylinder 20lb,Emergency Essentials,1,2,EA,293,266,169,38,2026-09-23T00:00:00+00:00,0,0,38,207
208,049000028911,Bottled Water,Emergency Essentials,24,48,EA,96,90,58,15,2026-09-23T00:00:00+00:00,0,0,15,73
208,039800011906,Batteries,Emergency Essentials,12,24,EA,155,144,124,31,2026-09-23T00:00:00+00:00,0,0,31,155
208,030878004508,Flashlights,Emergency Essentials,6,12,EA,257,233,185,30,2026-09-23T00:00:00+00:00,0,0,30,215
208,041303011003,Rock Salt,Emergency Essentials,8,16,EA,235,218,141,35,2026-09-23T00:00:00+00:00,0,0,35,176
208,052088880018,Space Heater,Emergency Essentials,2,4,EA,239,231,200,57,2026-09-23T00:00:00+00:00,0,0,57,257
208,073168300019,Rain Ponchos,Emergency Essentials,6,12,EA,127,123,104,27,2026-09-23T00:00:00+00:00,0,0,27,131
208,072140010027,First Aid Kit,Emergency Essentials,6,12,EA,128,120,93,16,2026-09-23T00:00:00+00:00,0,0,16,109
208,051500255162,Peanut Butter,Food / Consumables,6,12,EA,120,108,66,12,2026-09-23T00:00:00+00:00,0,0,12,78
208,016000275867,Granola Bars,Food / Consumables,6,12,EA,152,136,117,25,2026-09-23T00:00:00+00:00,0,0,25,142
208,051000012516,Canned Soup,Food / Consumables,6,12,EA,220,206,121,22,2026-09-23T00:00:00+00:00,0,0,22,143
208,070038640119,Trail Mix,Food / Consumables,6,12,EA,200,180,110,20,2026-09-23T00:00:00+00:00,0,0,20,130
208,028400090460,Value Snacks,Food / Consumables,6,12,EA,242,232,162,53,2026-09-23T00:00:00+00:00,0,0,53,215
208,073730002104,Bread,Food / Consumables,6,12,EA,217,197,134,36,2026-09-23T00:00:00+00:00,0,0,36,170
208,300871231218,Baby Formula,Food / Consumables,6,12,EA,154,147,106,36,2026-09-23T00:00:00+00:00,0,0,36,142
208,017800130039,Pet Food,Household,6,12,EA,146,140,89,23,2026-09-23T00:00:00+00:00,0,0,23,112
208,037000127109,Laundry Detergent,Household,6,12,EA,119,115,76,22,2026-09-23T00:00:00+00:00,0,0,22,98
208,030772057008,Paper Towels,Household,6,12,EA,121,110,91,19,2026-09-23T00:00:00+00:00,0,0,19,110
208,037000424116,Toothpaste,Personal Care,6,12,EA,103,99,70,23,2026-09-23T00:00:00+00:00,0,0,23,93
208,080878179271,Shampoo,Personal Care,6,12,EA,267,258,165,45,2026-09-23T00:00:00+00:00,0,0,45,210
208,301871220013,Hand Sanitizer,Personal Care,6,12,EA,294,270,232,55,2026-09-23T00:00:00+00:00,0,0,55,287
208,081234567895,LPG Cylinder 20lb,Emergency Essentials,1,2,EA,213,202,144,48,2026-09-23T00:00:00+00:00,0,0,48,192
102,099000107000,Italian Bread,Food / Consumables,6,12,EA,71,61,40,11,2026-09-23T00:00:00+00:00,0,0,11,51
103,099000107000,Italian Bread,Food / Consumables,6,12,EA,215,205,171,23,2026-09-23T00:00:00+00:00,0,0,23,194
104,099000107000,Italian Bread,Food / Consumables,6,12,EA,134,124,72,37,2026-09-23T00:00:00+00:00,0,0,37,109
107,099000107000,Italian Bread,Food / Consumables,6,12,EA,236,226,150,50,2026-09-23T00:00:00+00:00,0,0,50,200
201,099000107000,Italian Bread,Food / Consumables,6,12,EA,169,159,80,59,2026-09-23T00:00:00+00:00,0,0,59,139
202,099000107000,Italian Bread,Food / Consumables,6,12,EA,206,196,175,8,2026-09-23T00:00:00+00:00,0,0,8,183
204,099000107000,Italian Bread,Food / Consumables,6,12,EA,121,111,76,23,2026-09-23T00:00:00+00:00,0,0,23,99
205,099000107000,Italian Bread,Food / Consumables,6,12,EA,201,191,151,17,2026-09-23T00:00:00+00:00,0,0,17,168
206,099000107000,Italian Bread,Food / Consumables,6,12,EA,82,72,58,16,2026-09-23T00:00:00+00:00,0,0,16,74
207,099000107000,Italian Bread,Food / Consumables,6,12,EA,200,190,162,25,2026-09-23T00:00:00+00:00,0,0,25,187
101,099000214005,French Bread,Food / Consumables,6,12,EA,296,286,246,19,2026-09-23T00:00:00+00:00,0,0,19,265
102,099000214005,French Bread,Food / Consumables,6,12,EA,77,67,48,25,2026-09-23T00:00:00+00:00,0,0,25,73
103,099000214005,French Bread,Food / Consumables,6,12,EA,102,92,42,33,2026-09-23T00:00:00+00:00,0,0,33,75
104,099000214005,French Bread,Food / Consumables,6,12,EA,253,243,231,8,2026-09-23T00:00:00+00:00,0,0,8,239
105,099000214005,French Bread,Food / Consumables,6,12,EA,137,127,79,51,2026-09-23T00:00:00+00:00,0,0,51,130
107,099000214005,French Bread,Food / Consumables,6,12,EA,116,106,37,46,2026-09-23T00:00:00+00:00,0,0,46,83
108,099000214005,French Bread,Food / Consumables,6,12,EA,113,103,39,54,2026-09-23T00:00:00+00:00,0,0,54,93
201,099000214005,French Bread,Food / Consumables,6,12,EA,125,115,68,24,2026-09-23T00:00:00+00:00,0,0,24,92
202,099000214005,French Bread,Food / Consumables,6,12,EA,149,139,73,40,2026-09-23T00:00:00+00:00,0,0,40,113
204,099000214005,French Bread,Food / Consumables,6,12,EA,244,234,176,45,2026-09-23T00:00:00+00:00,0,0,45,221
206,099000214005,French Bread,Food / Consumables,6,12,EA,203,193,166,16,2026-09-23T00:00:00+00:00,0,0,16,182
207,099000214005,French Bread,Food / Consumables,6,12,EA,128,118,67,33,2026-09-23T00:00:00+00:00,0,0,33,100
102,099000321000,Sourdough Bread,Food / Consumables,6,12,EA,135,125,76,54,2026-09-23T00:00:00+00:00,0,0,54,130
103,099000321000,Sourdough Bread,Food / Consumables,6,12,EA,166,156,127,24,2026-09-23T00:00:00+00:00,0,0,24,151
104,099000321000,Sourdough Bread,Food / Consumables,6,12,EA,198,188,157,10,2026-09-23T00:00:00+00:00,0,0,10,167
105,099000321000,Sourdough Bread,Food / Consumables,6,12,EA,114,104,79,21,2026-09-23T00:00:00+00:00,0,0,21,100
106,099000321000,Sourdough Bread,Food / Consumables,6,12,EA,237,227,187,19,2026-09-23T00:00:00+00:00,0,0,19,206
108,099000321000,Sourdough Bread,Food / Consumables,6,12,EA,178,168,116,29,2026-09-23T00:00:00+00:00,0,0,29,145
201,099000321000,Sourdough Bread,Food / Consumables,6,12,EA,221,211,163,58,2026-09-23T00:00:00+00:00,0,0,58,221
202,099000321000,Sourdough Bread,Food / Consumables,6,12,EA,204,194,188,2,2026-09-23T00:00:00+00:00,0,0,2,190
205,099000321000,Sourdough Bread,Food / Consumables,6,12,EA,167,157,88,56,2026-09-23T00:00:00+00:00,0,0,56,144
206,099000321000,Sourdough Bread,Food / Consumables,6,12,EA,220,210,126,58,2026-09-23T00:00:00+00:00,0,0,58,184
207,099000321000,Sourdough Bread,Food / Consumables,6,12,EA,105,95,68,36,2026-09-23T00:00:00+00:00,0,0,36,104
208,099000321000,Sourdough Bread,Food / Consumables,6,12,EA,182,172,102,52,2026-09-23T00:00:00+00:00,0,0,52,154
102,099000428006,Potato Bread,Food / Consumables,6,12,EA,211,201,183,6,2026-09-23T00:00:00+00:00,0,0,6,189
103,099000428006,Potato Bread,Food / Consumables,6,12,EA,95,85,60,10,2026-09-23T00:00:00+00:00,0,0,10,70
105,099000428006,Potato Bread,Food / Consumables,6,12,EA,209,199,192,6,2026-09-23T00:00:00+00:00,0,0,6,198
107,099000428006,Potato Bread,Food / Consumables,6,12,EA,153,143,137,0,2026-09-23T00:00:00+00:00,0,0,0,137
108,099000428006,Potato Bread,Food / Consumables,6,12,EA,139,129,45,59,2026-09-23T00:00:00+00:00,0,0,59,104
201,099000428006,Potato Bread,Food / Consumables,6,12,EA,221,211,171,41,2026-09-23T00:00:00+00:00,0,0,41,212
203,099000428006,Potato Bread,Food / Consumables,6,12,EA,240,230,218,21,2026-09-23T00:00:00+00:00,0,0,21,239
204,099000428006,Potato Bread,Food / Consumables,6,12,EA,135,125,101,0,2026-09-23T00:00:00+00:00,0,0,0,101
205,099000428006,Potato Bread,Food / Consumables,6,12,EA,285,275,218,41,2026-09-23T00:00:00+00:00,0,0,41,259
206,099000428006,Potato Bread,Food / Consumables,6,12,EA,149,139,112,10,2026-09-23T00:00:00+00:00,0,0,10,122
101,099000535001,Sandwich Bread,Food / Consumables,12,24,EA,226,216,193,16,2026-09-23T00:00:00+00:00,0,0,16,209
103,099000535001,Sandwich Bread,Food / Consumables,12,24,EA,125,115,120,0,2026-09-23T00:00:00+00:00,0,0,0,120
104,099000535001,Sandwich Bread,Food / Consumables,12,24,EA,334,324,243,59,2026-09-23T00:00:00+00:00,0,0,59,302
105,099000535001,Sandwich Bread,Food / Consumables,12,24,EA,264,254,197,58,2026-09-23T00:00:00+00:00,0,0,58,255
106,099000535001,Sandwich Bread,Food / Consumables,12,24,EA,175,165,129,40,2026-09-23T00:00:00+00:00,0,0,40,169
107,099000535001,Sandwich Bread,Food / Consumables,12,24,EA,47,37,20,2,2026-09-23T00:00:00+00:00,0,0,2,22
108,099000535001,Sandwich Bread,Food / Consumables,12,24,EA,127,117,62,54,2026-09-23T00:00:00+00:00,0,0,54,116
201,099000535001,Sandwich Bread,Food / Consumables,12,24,EA,137,127,41,58,2026-09-23T00:00:00+00:00,0,0,58,99
203,099000535001,Sandwich Bread,Food / Consumables,12,24,EA,140,130,110,14,2026-09-23T00:00:00+00:00,0,0,14,124
204,099000535001,Sandwich Bread,Food / Consumables,12,24,EA,131,121,109,13,2026-09-23T00:00:00+00:00,0,0,13,122
207,099000535001,Sandwich Bread,Food / Consumables,12,24,EA,105,95,51,44,2026-09-23T00:00:00+00:00,0,0,44,95
208,099000535001,Sandwich Bread,Food / Consumables,12,24,EA,98,88,90,7,2026-09-23T00:00:00+00:00,0,0,7,97
102,099000642006,Bread Pudding,Food / Consumables,6,12,EA,145,135,72,47,2026-09-23T00:00:00+00:00,0,0,47,119
103,099000642006,Bread Pudding,Food / Consumables,6,12,EA,216,206,190,17,2026-09-23T00:00:00+00:00,0,0,17,207
104,099000642006,Bread Pudding,Food / Consumables,6,12,EA,285,275,231,42,2026-09-23T00:00:00+00:00,0,0,42,273
105,099000642006,Bread Pudding,Food / Consumables,6,12,EA,214,204,163,51,2026-09-23T00:00:00+00:00,0,0,51,214
107,099000642006,Bread Pudding,Food / Consumables,6,12,EA,152,142,102,21,2026-09-23T00:00:00+00:00,0,0,21,123
108,099000642006,Bread Pudding,Food / Consumables,6,12,EA,74,64,41,14,2026-09-23T00:00:00+00:00,0,0,14,55
202,099000642006,Bread Pudding,Food / Consumables,6,12,EA,161,151,73,57,2026-09-23T00:00:00+00:00,0,0,57,130
203,099000642006,Bread Pudding,Food / Consumables,6,12,EA,103,93,66,0,2026-09-23T00:00:00+00:00,0,0,0,66
204,099000642006,Bread Pudding,Food / Consumables,6,12,EA,264,254,202,32,2026-09-23T00:00:00+00:00,0,0,32,234
205,099000642006,Bread Pudding,Food / Consumables,6,12,EA,214,204,131,59,2026-09-23T00:00:00+00:00,0,0,59,190
206,099000642006,Bread Pudding,Food / Consumables,6,12,EA,108,98,62,9,2026-09-23T00:00:00+00:00,0,0,9,71
207,099000642006,Bread Pudding,Food / Consumables,6,12,EA,221,211,195,19,2026-09-23T00:00:00+00:00,0,0,19,214
208,099000642006,Bread Pudding,Food / Consumables,6,12,EA,270,260,232,1,2026-09-23T00:00:00+00:00,0,0,1,233
101,099000749002,Shortbread Cookies,Food / Consumables,6,12,EA,223,213,175,39,2026-09-23T00:00:00+00:00,0,0,39,214
102,099000749002,Shortbread Cookies,Food / Consumables,6,12,EA,298,288,248,23,2026-09-23T00:00:00+00:00,0,0,23,271
103,099000749002,Shortbread Cookies,Food / Consumables,6,12,EA,170,160,128,31,2026-09-23T00:00:00+00:00,0,0,31,159
104,099000749002,Shortbread Cookies,Food / Consumables,6,12,EA,103,93,23,43,2026-09-23T00:00:00+00:00,0,0,43,66
105,099000749002,Shortbread Cookies,Food / Consumables,6,12,EA,108,98,67,11,2026-09-23T00:00:00+00:00,0,0,11,78
106,099000749002,Shortbread Cookies,Food / Consumables,6,12,EA,179,169,169,9,2026-09-23T00:00:00+00:00,0,0,9,178
107,099000749002,Shortbread Cookies,Food / Consumables,6,12,EA,240,230,178,40,2026-09-23T00:00:00+00:00,0,0,40,218
108,099000749002,Shortbread Cookies,Food / Consumables,6,12,EA,299,289,245,30,2026-09-23T00:00:00+00:00,0,0,30,275
202,099000749002,Shortbread Cookies,Food / Consumables,6,12,EA,274,264,217,28,2026-09-23T00:00:00+00:00,0,0,28,245
205,099000749002,Shortbread Cookies,Food / Consumables,6,12,EA,286,276,218,40,2026-09-23T00:00:00+00:00,0,0,40,258
206,099000749002,Shortbread Cookies,Food / Consumables,6,12,EA,171,161,129,32,2026-09-23T00:00:00+00:00,0,0,32,161
207,099000749002,Shortbread Cookies,Food / Consumables,6,12,EA,303,293,216,55,2026-09-23T00:00:00+00:00,0,0,55,271
101,099000856007,Chocolate Chip Cookies,Food / Consumables,6,12,EA,293,283,240,46,2026-09-23T00:00:00+00:00,0,0,46,286
102,099000856007,Chocolate Chip Cookies,Food / Consumables,6,12,EA,224,214,164,39,2026-09-23T00:00:00+00:00,0,0,39,203
103,099000856007,Chocolate Chip Cookies,Food / Consumables,6,12,EA,151,141,118,15,2026-09-23T00:00:00+00:00,0,0,15,133
104,099000856007,Chocolate Chip Cookies,Food / Consumables,6,12,EA,228,218,205,13,2026-09-23T00:00:00+00:00,0,0,13,218
106,099000856007,Chocolate Chip Cookies,Food / Consumables,6,12,EA,138,128,125,5,2026-09-23T00:00:00+00:00,0,0,5,130
107,099000856007,Chocolate Chip Cookies,Food / Consumables,6,12,EA,213,203,127,58,2026-09-23T00:00:00+00:00,0,0,58,185
201,099000856007,Chocolate Chip Cookies,Food / Consumables,6,12,EA,265,255,211,30,2026-09-23T00:00:00+00:00,0,0,30,241
202,099000856007,Chocolate Chip Cookies,Food / Consumables,6,12,EA,199,189,170,20,2026-09-23T00:00:00+00:00,0,0,20,190
206,099000856007,Chocolate Chip Cookies,Food / Consumables,6,12,EA,124,114,64,27,2026-09-23T00:00:00+00:00,0,0,27,91
207,099000856007,Chocolate Chip Cookies,Food / Consumables,6,12,EA,288,278,238,14,2026-09-23T00:00:00+00:00,0,0,14,252
208,099000856007,Chocolate Chip Cookies,Food / Consumables,6,12,EA,101,91,75,17,2026-09-23T00:00:00+00:00,0,0,17,92
101,099000963002,Oatmeal Cookies,Food / Consumables,6,12,EA,182,172,146,15,2026-09-23T00:00:00+00:00,0,0,15,161
102,099000963002,Oatmeal Cookies,Food / Consumables,6,12,EA,267,257,205,30,2026-09-23T00:00:00+00:00,0,0,30,235
105,099000963002,Oatmeal Cookies,Food / Consumables,6,12,EA,209,199,148,42,2026-09-23T00:00:00+00:00,0,0,42,190
106,099000963002,Oatmeal Cookies,Food / Consumables,6,12,EA,71,61,69,1,2026-09-23T00:00:00+00:00,0,0,1,70
107,099000963002,Oatmeal Cookies,Food / Consumables,6,12,EA,291,281,240,31,2026-09-23T00:00:00+00:00,0,0,31,271
201,099000963002,Oatmeal Cookies,Food / Consumables,6,12,EA,249,239,205,26,2026-09-23T00:00:00+00:00,0,0,26,231
203,099000963002,Oatmeal Cookies,Food / Consumables,6,12,EA,182,172,170,8,2026-09-23T00:00:00+00:00,0,0,8,178
205,099000963002,Oatmeal Cookies,Food / Consumables,6,12,EA,102,92,79,21,2026-09-23T00:00:00+00:00,0,0,21,100
206,099000963002,Oatmeal Cookies,Food / Consumables,6,12,EA,304,294,230,46,2026-09-23T00:00:00+00:00,0,0,46,276
207,099000963002,Oatmeal Cookies,Food / Consumables,6,12,EA,61,51,35,6,2026-09-23T00:00:00+00:00,0,0,6,41
208,099000963002,Oatmeal Cookies,Food / Consumables,6,12,EA,33,23,20,3,2026-09-23T00:00:00+00:00,0,0,3,23
101,099001070006,Pumpkin Spice Cookies,Food / Consumables,6,12,EA,116,106,44,39,2026-09-23T00:00:00+00:00,0,0,39,83
102,099001070006,Pumpkin Spice Cookies,Food / Consumables,6,12,EA,300,290,243,21,2026-09-23T00:00:00+00:00,0,0,21,264
103,099001070006,Pumpkin Spice Cookies,Food / Consumables,6,12,EA,148,138,97,14,2026-09-23T00:00:00+00:00,0,0,14,111
104,099001070006,Pumpkin Spice Cookies,Food / Consumables,6,12,EA,183,173,125,23,2026-09-23T00:00:00+00:00,0,0,23,148
105,099001070006,Pumpkin Spice Cookies,Food / Consumables,6,12,EA,122,112,40,48,2026-09-23T00:00:00+00:00,0,0,48,88
106,099001070006,Pumpkin Spice Cookies,Food / Consumables,6,12,EA,131,121,107,18,2026-09-23T00:00:00+00:00,0,0,18,125
107,099001070006,Pumpkin Spice Cookies,Food / Consumables,6,12,EA,38,28,29,2,2026-09-23T00:00:00+00:00,0,0,2,31
108,099001070006,Pumpkin Spice Cookies,Food / Consumables,6,12,EA,314,304,242,48,2026-09-23T00:00:00+00:00,0,0,48,290
202,099001070006,Pumpkin Spice Cookies,Food / Consumables,6,12,EA,123,113,121,1,2026-09-23T00:00:00+00:00,0,0,1,122
203,099001070006,Pumpkin Spice Cookies,Food / Consumables,6,12,EA,186,176,154,17,2026-09-23T00:00:00+00:00,0,0,17,171
204,099001070006,Pumpkin Spice Cookies,Food / Consumables,6,12,EA,138,128,121,5,2026-09-23T00:00:00+00:00,0,0,5,126
205,099001070006,Pumpkin Spice Cookies,Food / Consumables,6,12,EA,215,205,161,46,2026-09-23T00:00:00+00:00,0,0,46,207
206,099001070006,Pumpkin Spice Cookies,Food / Consumables,6,12,EA,228,218,147,53,2026-09-23T00:00:00+00:00,0,0,53,200
207,099001070006,Pumpkin Spice Cookies,Food / Consumables,6,12,EA,160,150,114,13,2026-09-23T00:00:00+00:00,0,0,13,127
208,099001070006,Pumpkin Spice Cookies,Food / Consumables,6,12,EA,278,268,246,27,2026-09-23T00:00:00+00:00,0,0,27,273
101,099001177002,Dinner Rolls,Food / Consumables,6,12,EA,66,56,25,40,2026-09-23T00:00:00+00:00,0,0,40,65
102,099001177002,Dinner Rolls,Food / Consumables,6,12,EA,234,224,174,43,2026-09-23T00:00:00+00:00,0,0,43,217
103,099001177002,Dinner Rolls,Food / Consumables,6,12,EA,113,103,72,36,2026-09-23T00:00:00+00:00,0,0,36,108
105,099001177002,Dinner Rolls,Food / Consumables,6,12,EA,277,267,241,26,2026-09-23T00:00:00+00:00,0,0,26,267
106,099001177002,Dinner Rolls,Food / Consumables,6,12,EA,237,227,158,59,2026-09-23T00:00:00+00:00,0,0,59,217
107,099001177002,Dinner Rolls,Food / Consumables,6,12,EA,283,273,217,27,2026-09-23T00:00:00+00:00,0,0,27,244
108,099001177002,Dinner Rolls,Food / Consumables,6,12,EA,130,120,85,34,2026-09-23T00:00:00+00:00,0,0,34,119
202,099001177002,Dinner Rolls,Food / Consumables,6,12,EA,278,268,241,7,2026-09-23T00:00:00+00:00,0,0,7,248
203,099001177002,Dinner Rolls,Food / Consumables,6,12,EA,256,246,190,46,2026-09-23T00:00:00+00:00,0,0,46,236
205,099001177002,Dinner Rolls,Food / Consumables,6,12,EA,97,87,52,43,2026-09-23T00:00:00+00:00,0,0,43,95
206,099001177002,Dinner Rolls,Food / Consumables,6,12,EA,240,230,212,6,2026-09-23T00:00:00+00:00,0,0,6,218
207,099001177002,Dinner Rolls,Food / Consumables,6,12,EA,119,109,87,6,2026-09-23T00:00:00+00:00,0,0,6,93
208,099001177002,Dinner Rolls,Food / Consumables,6,12,EA,120,110,56,57,2026-09-23T00:00:00+00:00,0,0,57,113
101,099001284007,Tortillas,Food / Consumables,12,24,EA,96,86,31,52,2026-09-23T00:00:00+00:00,0,0,52,83
102,099001284007,Tortillas,Food / Consumables,12,24,EA,254,244,172,54,2026-09-23T00:00:00+00:00,0,0,54,226
103,099001284007,Tortillas,Food / Consumables,12,24,EA,248,238,189,35,2026-09-23T00:00:00+00:00,0,0,35,224
104,099001284007,Tortillas,Food / Consumables,12,24,EA,248,238,226,22,2026-09-23T00:00:00+00:00,0,0,22,248
106,099001284007,Tortillas,Food / Consumables,12,24,EA,173,163,120,20,2026-09-23T00:00:00+00:00,0,0,20,140
107,099001284007,Tortillas,Food / Consumables,12,24,EA,150,140,73,45,2026-09-23T00:00:00+00:00,0,0,45,118
108,099001284007,Tortillas,Food / Consumables,12,24,EA,112,102,48,53,2026-09-23T00:00:00+00:00,0,0,53,101
201,099001284007,Tortillas,Food / Consumables,12,24,EA,76,66,52,23,2026-09-23T00:00:00+00:00,0,0,23,75
202,099001284007,Tortillas,Food / Consumables,12,24,EA,201,191,166,15,2026-09-23T00:00:00+00:00,0,0,15,181
203,099001284007,Tortillas,Food / Consumables,12,24,EA,252,242,191,32,2026-09-23T00:00:00+00:00,0,0,32,223
204,099001284007,Tortillas,Food / Consumables,12,24,EA,132,122,70,23,2026-09-23T00:00:00+00:00,0,0,23,93
205,099001284007,Tortillas,Food / Consumables,12,24,EA,64,54,44,15,2026-09-23T00:00:00+00:00,0,0,15,59
206,099001284007,Tortillas,Food / Consumables,12,24,EA,213,203,200,2,2026-09-23T00:00:00+00:00,0,0,2,202
207,099001284007,Tortillas,Food / Consumables,12,24,EA,274,264,201,43,2026-09-23T00:00:00+00:00,0,0,43,244
102,099001391002,Fresh Salsa,Food / Consumables,6,12,EA,129,119,64,35,2026-09-23T00:00:00+00:00,0,0,35,99
103,099001391002,Fresh Salsa,Food / Consumables,6,12,EA,79,69,48,12,2026-09-23T00:00:00+00:00,0,0,12,60
104,099001391002,Fresh Salsa,Food / Consumables,6,12,EA,182,172,110,44,2026-09-23T00:00:00+00:00,0,0,44,154
105,099001391002,Fresh Salsa,Food / Consumables,6,12,EA,155,145,81,35,2026-09-23T00:00:00+00:00,0,0,35,116
107,099001391002,Fresh Salsa,Food / Consumables,6,12,EA,199,189,179,17,2026-09-23T00:00:00+00:00,0,0,17,196
108,099001391002,Fresh Salsa,Food / Consumables,6,12,EA,203,193,148,49,2026-09-23T00:00:00+00:00,0,0,49,197
206,099001391002,Fresh Salsa,Food / Consumables,6,12,EA,308,298,236,33,2026-09-23T00:00:00+00:00,0,0,33,269
208,099001391002,Fresh Salsa,Food / Consumables,6,12,EA,238,228,218,14,2026-09-23T00:00:00+00:00,0,0,14,232
102,099001498008,Pico de Gallo,Food / Consumables,6,12,EA,118,108,111,5,2026-09-23T00:00:00+00:00,0,0,5,116
103,099001498008,Pico de Gallo,Food / Consumables,6,12,EA,257,247,166,57,2026-09-23T00:00:00+00:00,0,0,57,223
104,099001498008,Pico de Gallo,Food / Consumables,6,12,EA,148,138,116,9,2026-09-23T00:00:00+00:00,0,0,9,125
105,099001498008,Pico de Gallo,Food / Consumables,6,12,EA,153,143,135,5,2026-09-23T00:00:00+00:00,0,0,5,140
107,099001498008,Pico de Gallo,Food / Consumables,6,12,EA,159,149,109,21,2026-09-23T00:00:00+00:00,0,0,21,130
108,099001498008,Pico de Gallo,Food / Consumables,6,12,EA,249,239,192,20,2026-09-23T00:00:00+00:00,0,0,20,212
202,099001498008,Pico de Gallo,Food / Consumables,6,12,EA,272,262,214,28,2026-09-23T00:00:00+00:00,0,0,28,242
204,099001498008,Pico de Gallo,Food / Consumables,6,12,EA,205,195,185,5,2026-09-23T00:00:00+00:00,0,0,5,190
207,099001498008,Pico de Gallo,Food / Consumables,6,12,EA,312,302,240,57,2026-09-23T00:00:00+00:00,0,0,57,297
208,099001498008,Pico de Gallo,Food / Consumables,6,12,EA,104,94,84,16,2026-09-23T00:00:00+00:00,0,0,16,100
101,099001505003,Guacamole,Food / Consumables,6,12,EA,263,253,217,41,2026-09-23T00:00:00+00:00,0,0,41,258
102,099001505003,Guacamole,Food / Consumables,6,12,EA,187,177,171,8,2026-09-23T00:00:00+00:00,0,0,8,179
103,099001505003,Guacamole,Food / Consumables,6,12,EA,81,71,33,31,2026-09-23T00:00:00+00:00,0,0,31,64
104,099001505003,Guacamole,Food / Consumables,6,12,EA,232,222,155,46,2026-09-23T00:00:00+00:00,0,0,46,201
105,099001505003,Guacamole,Food / Consumables,6,12,EA,204,194,161,19,2026-09-23T00:00:00+00:00,0,0,19,180
106,099001505003,Guacamole,Food / Consumables,6,12,EA,278,268,217,34,2026-09-23T00:00:00+00:00,0,0,34,251
107,099001505003,Guacamole,Food / Consumables,6,12,EA,101,91,31,36,2026-09-23T00:00:00+00:00,0,0,36,67
108,099001505003,Guacamole,Food / Consumables,6,12,EA,106,96,50,46,2026-09-23T00:00:00+00:00,0,0,46,96
201,099001505003,Guacamole,Food / Consumables,6,12,EA,79,69,39,36,2026-09-23T00:00:00+00:00,0,0,36,75
202,099001505003,Guacamole,Food / Consumables,6,12,EA,136,126,82,49,2026-09-23T00:00:00+00:00,0,0,49,131
203,099001505003,Guacamole,Food / Consumables,6,12,EA,200,190,151,32,2026-09-23T00:00:00+00:00,0,0,32,183
204,099001505003,Guacamole,Food / Consumables,6,12,EA,190,180,182,3,2026-09-23T00:00:00+00:00,0,0,3,185
205,099001505003,Guacamole,Food / Consumables,6,12,EA,99,89,75,21,2026-09-23T00:00:00+00:00,0,0,21,96
206,099001505003,Guacamole,Food / Consumables,6,12,EA,143,133,74,46,2026-09-23T00:00:00+00:00,0,0,46,120
207,099001505003,Guacamole,Food / Consumables,6,12,EA,173,163,81,54,2026-09-23T00:00:00+00:00,0,0,54,135
208,099001505003,Guacamole,Food / Consumables,6,12,EA,253,243,166,49,2026-09-23T00:00:00+00:00,0,0,49,215
101,099001612008,Hummus,Food / Consumables,6,12,EA,141,131,81,46,2026-09-23T00:00:00+00:00,0,0,46,127
102,099001612008,Hummus,Food / Consumables,6,12,EA,253,243,221,31,2026-09-23T00:00:00+00:00,0,0,31,252
103,099001612008,Hummus,Food / Consumables,6,12,EA,189,179,188,0,2026-09-23T00:00:00+00:00,0,0,0,188
104,099001612008,Hummus,Food / Consumables,6,12,EA,223,213,159,27,2026-09-23T00:00:00+00:00,0,0,27,186
106,099001612008,Hummus,Food / Consumables,6,12,EA,125,115,70,18,2026-09-23T00:00:00+00:00,0,0,18,88
201,099001612008,Hummus,Food / Consumables,6,12,EA,217,207,155,48,2026-09-23T00:00:00+00:00,0,0,48,203
203,099001612008,Hummus,Food / Consumables,6,12,EA,307,297,227,48,2026-09-23T00:00:00+00:00,0,0,48,275
204,099001612008,Hummus,Food / Consumables,6,12,EA,325,315,241,55,2026-09-23T00:00:00+00:00,0,0,55,296
205,099001612008,Hummus,Food / Consumables,6,12,EA,89,79,29,56,2026-09-23T00:00:00+00:00,0,0,56,85
206,099001612008,Hummus,Food / Consumables,6,12,EA,119,109,54,43,2026-09-23T00:00:00+00:00,0,0,43,97
207,099001612008,Hummus,Food / Consumables,6,12,EA,106,96,52,52,2026-09-23T00:00:00+00:00,0,0,52,104
208,099001612008,Hummus,Food / Consumables,6,12,EA,212,202,130,47,2026-09-23T00:00:00+00:00,0,0,47,177
101,099001719004,Salad Kit,Food / Consumables,6,12,EA,268,258,200,45,2026-09-23T00:00:00+00:00,0,0,45,245
102,099001719004,Salad Kit,Food / Consumables,6,12,EA,239,229,224,13,2026-09-23T00:00:00+00:00,0,0,13,237
104,099001719004,Salad Kit,Food / Consumables,6,12,EA,129,119,64,48,2026-09-23T00:00:00+00:00,0,0,48,112
105,099001719004,Salad Kit,Food / Consumables,6,12,EA,100,90,79,10,2026-09-23T00:00:00+00:00,0,0,10,89
108,099001719004,Salad Kit,Food / Consumables,6,12,EA,156,146,149,7,2026-09-23T00:00:00+00:00,0,0,7,156
201,099001719004,Salad Kit,Food / Consumables,6,12,EA,77,67,38,17,2026-09-23T00:00:00+00:00,0,0,17,55
202,099001719004,Salad Kit,Food / Consumables,6,12,EA,202,192,122,58,2026-09-23T00:00:00+00:00,0,0,58,180
203,099001719004,Salad Kit,Food / Consumables,6,12,EA,53,43,22,9,2026-09-23T00:00:00+00:00,0,0,9,31
204,099001719004,Salad Kit,Food / Consumables,6,12,EA,164,154,106,32,2026-09-23T00:00:00+00:00,0,0,32,138
205,099001719004,Salad Kit,Food / Consumables,6,12,EA,79,69,41,36,2026-09-23T00:00:00+00:00,0,0,36,77
206,099001719004,Salad Kit,Food / Consumables,6,12,EA,298,288,231,46,2026-09-23T00:00:00+00:00,0,0,46,277
207,099001719004,Salad Kit,Food / Consumables,6,12,EA,199,189,120,53,2026-09-23T00:00:00+00:00,0,0,53,173
101,099001826009,Spinach,Food / Consumables,12,24,EA,287,277,237,48,2026-09-23T00:00:00+00:00,0,0,48,285
102,099001826009,Spinach,Food / Consumables,12,24,EA,106,96,68,37,2026-09-23T00:00:00+00:00,0,0,37,105
103,099001826009,Spinach,Food / Consumables,12,24,EA,174,164,86,56,2026-09-23T00:00:00+00:00,0,0,56,142
104,099001826009,Spinach,Food / Consumables,12,24,EA,196,186,148,26,2026-09-23T00:00:00+00:00,0,0,26,174
105,099001826009,Spinach,Food / Consumables,12,24,EA,117,107,55,56,2026-09-23T00:00:00+00:00,0,0,56,111
107,099001826009,Spinach,Food / Consumables,12,24,EA,234,224,187,34,2026-09-23T00:00:00+00:00,0,0,34,221
108,099001826009,Spinach,Food / Consumables,12,24,EA,152,142,96,37,2026-09-23T00:00:00+00:00,0,0,37,133
201,099001826009,Spinach,Food / Consumables,12,24,EA,108,98,88,18,2026-09-23T00:00:00+00:00,0,0,18,106
202,099001826009,Spinach,Food / Consumables,12,24,EA,58,48,39,9,2026-09-23T00:00:00+00:00,0,0,9,48
203,099001826009,Spinach,Food / Consumables,12,24,EA,271,261,225,16,2026-09-23T00:00:00+00:00,0,0,16,241
205,099001826009,Spinach,Food / Consumables,12,24,EA,174,164,121,23,2026-09-23T00:00:00+00:00,0,0,23,144
206,099001826009,Spinach,Food / Consumables,12,24,EA,96,86,37,52,2026-09-23T00:00:00+00:00,0,0,52,89
101,099001933004,Romaine Lettuce,Food / Consumables,12,24,EA,92,82,59,11,2026-09-23T00:00:00+00:00,0,0,11,70
102,099001933004,Romaine Lettuce,Food / Consumables,12,24,EA,185,175,132,50,2026-09-23T00:00:00+00:00,0,0,50,182
105,099001933004,Romaine Lettuce,Food / Consumables,12,24,EA,173,163,112,48,2026-09-23T00:00:00+00:00,0,0,48,160
106,099001933004,Romaine Lettuce,Food / Consumables,12,24,EA,224,214,163,34,2026-09-23T00:00:00+00:00,0,0,34,197
107,099001933004,Romaine Lettuce,Food / Consumables,12,24,EA,157,147,100,55,2026-09-23T00:00:00+00:00,0,0,55,155
201,099001933004,Romaine Lettuce,Food / Consumables,12,24,EA,272,262,197,40,2026-09-23T00:00:00+00:00,0,0,40,237
203,099001933004,Romaine Lettuce,Food / Consumables,12,24,EA,250,240,188,37,2026-09-23T00:00:00+00:00,0,0,37,225
205,099001933004,Romaine Lettuce,Food / Consumables,12,24,EA,243,233,188,47,2026-09-23T00:00:00+00:00,0,0,47,235
206,099001933004,Romaine Lettuce,Food / Consumables,12,24,EA,159,149,108,32,2026-09-23T00:00:00+00:00,0,0,32,140
207,099001933004,Romaine Lettuce,Food / Consumables,12,24,EA,262,252,212,20,2026-09-23T00:00:00+00:00,0,0,20,232
208,099001933004,Romaine Lettuce,Food / Consumables,12,24,EA,192,182,164,12,2026-09-23T00:00:00+00:00,0,0,12,176
101,099002040008,Cantaloupe,Food / Consumables,6,12,EA,293,283,214,45,2026-09-23T00:00:00+00:00,0,0,45,259
102,099002040008,Cantaloupe,Food / Consumables,6,12,EA,103,93,24,53,2026-09-23T00:00:00+00:00,0,0,53,77
104,099002040008,Cantaloupe,Food / Consumables,6,12,EA,221,211,163,27,2026-09-23T00:00:00+00:00,0,0,27,190
105,099002040008,Cantaloupe,Food / Consumables,6,12,EA,118,108,65,44,2026-09-23T00:00:00+00:00,0,0,44,109
106,099002040008,Cantaloupe,Food / Consumables,6,12,EA,91,81,46,26,2026-09-23T00:00:00+00:00,0,0,26,72
107,099002040008,Cantaloupe,Food / Consumables,6,12,EA,86,76,63,18,2026-09-23T00:00:00+00:00,0,0,18,81
108,099002040008,Cantaloupe,Food / Consumables,6,12,EA,257,247,184,43,2026-09-23T00:00:00+00:00,0,0,43,227
201,099002040008,Cantaloupe,Food / Consumables,6,12,EA,222,212,172,43,2026-09-23T00:00:00+00:00,0,0,43,215
202,099002040008,Cantaloupe,Food / Consumables,6,12,EA,150,140,115,12,2026-09-23T00:00:00+00:00,0,0,12,127
203,099002040008,Cantaloupe,Food / Consumables,6,12,EA,50,40,36,7,2026-09-23T00:00:00+00:00,0,0,7,43
204,099002040008,Cantaloupe,Food / Consumables,6,12,EA,206,196,111,59,2026-09-23T00:00:00+00:00,0,0,59,170
205,099002040008,Cantaloupe,Food / Consumables,6,12,EA,252,242,214,4,2026-09-23T00:00:00+00:00,0,0,4,218
206,099002040008,Cantaloupe,Food / Consumables,6,12,EA,187,177,95,56,2026-09-23T00:00:00+00:00,0,0,56,151
101,099002147004,Cut Fruit Cup,Food / Consumables,6,12,EA,95,85,46,22,2026-09-23T00:00:00+00:00,0,0,22,68
102,099002147004,Cut Fruit Cup,Food / Consumables,6,12,EA,111,101,61,36,2026-09-23T00:00:00+00:00,0,0,36,97
103,099002147004,Cut Fruit Cup,Food / Consumables,6,12,EA,178,168,124,16,2026-09-23T00:00:00+00:00,0,0,16,140
104,099002147004,Cut Fruit Cup,Food / Consumables,6,12,EA,195,185,151,44,2026-09-23T00:00:00+00:00,0,0,44,195
105,099002147004,Cut Fruit Cup,Food / Consumables,6,12,EA,151,141,112,34,2026-09-23T00:00:00+00:00,0,0,34,146
106,099002147004,Cut Fruit Cup,Food / Consumables,6,12,EA,206,196,182,20,2026-09-23T00:00:00+00:00,0,0,20,202
201,099002147004,Cut Fruit Cup,Food / Consumables,6,12,EA,87,77,67,10,2026-09-23T00:00:00+00:00,0,0,10,77
203,099002147004,Cut Fruit Cup,Food / Consumables,6,12,EA,70,60,37,3,2026-09-23T00:00:00+00:00,0,0,3,40
205,099002147004,Cut Fruit Cup,Food / Consumables,6,12,EA,149,139,83,46,2026-09-23T00:00:00+00:00,0,0,46,129
206,099002147004,Cut Fruit Cup,Food / Consumables,6,12,EA,213,203,183,14,2026-09-23T00:00:00+00:00,0,0,14,197
207,099002147004,Cut Fruit Cup,Food / Consumables,6,12,EA,236,226,205,5,2026-09-23T00:00:00+00:00,0,0,5,210
208,099002147004,Cut Fruit Cup,Food / Consumables,6,12,EA,201,191,140,50,2026-09-23T00:00:00+00:00,0,0,50,190
101,099002254009,Diced Onions,Food / Consumables,12,24,EA,179,169,169,8,2026-09-23T00:00:00+00:00,0,0,8,177
102,099002254009,Diced Onions,Food / Consumables,12,24,EA,255,245,219,7,2026-09-23T00:00:00+00:00,0,0,7,226
103,099002254009,Diced Onions,Food / Consumables,12,24,EA,194,184,155,36,2026-09-23T00:00:00+00:00,0,0,36,191
104,099002254009,Diced Onions,Food / Consumables,12,24,EA,226,216,195,6,2026-09-23T00:00:00+00:00,0,0,6,201
105,099002254009,Diced Onions,Food / Consumables,12,24,EA,269,259,215,23,2026-09-23T00:00:00+00:00,0,0,23,238
106,099002254009,Diced Onions,Food / Consumables,12,24,EA,115,105,49,31,2026-09-23T00:00:00+00:00,0,0,31,80
107,099002254009,Diced Onions,Food / Consumables,12,24,EA,40,30,28,2,2026-09-23T00:00:00+00:00,0,0,2,30
108,099002254009,Diced Onions,Food / Consumables,12,24,EA,92,82,46,11,2026-09-23T00:00:00+00:00,0,0,11,57
201,099002254009,Diced Onions,Food / Consumables,12,24,EA,261,251,204,53,2026-09-23T00:00:00+00:00,0,0,53,257
202,099002254009,Diced Onions,Food / Consumables,12,24,EA,182,172,166,6,2026-09-23T00:00:00+00:00,0,0,6,172
204,099002254009,Diced Onions,Food / Consumables,12,24,EA,142,132,102,33,2026-09-23T00:00:00+00:00,0,0,33,135
205,099002254009,Diced Onions,Food / Consumables,12,24,EA,231,221,194,18,2026-09-23T00:00:00+00:00,0,0,18,212
206,099002254009,Diced Onions,Food / Consumables,12,24,EA,143,133,68,42,2026-09-23T00:00:00+00:00,0,0,42,110
207,099002254009,Diced Onions,Food / Consumables,12,24,EA,252,242,207,37,2026-09-23T00:00:00+00:00,0,0,37,244
208,099002254009,Diced Onions,Food / Consumables,12,24,EA,127,117,75,35,2026-09-23T00:00:00+00:00,0,0,35,110
101,099002361004,Jalapeno Peppers,Food / Consumables,12,24,EA,78,68,45,5,2026-09-23T00:00:00+00:00,0,0,5,50
102,099002361004,Jalapeno Peppers,Food / Consumables,12,24,EA,179,169,145,24,2026-09-23T00:00:00+00:00,0,0,24,169
103,099002361004,Jalapeno Peppers,Food / Consumables,12,24,EA,122,112,67,55,2026-09-23T00:00:00+00:00,0,0,55,122
104,099002361004,Jalapeno Peppers,Food / Consumables,12,24,EA,233,223,169,58,2026-09-23T00:00:00+00:00,0,0,58,227
105,099002361004,Jalapeno Peppers,Food / Consumables,12,24,EA,130,120,77,43,2026-09-23T00:00:00+00:00,0,0,43,120
107,099002361004,Jalapeno Peppers,Food / Consumables,12,24,EA,181,171,106,56,2026-09-23T00:00:00+00:00,0,0,56,162
108,099002361004,Jalapeno Peppers,Food / Consumables,12,24,EA,271,261,212,48,2026-09-23T00:00:00+00:00,0,0,48,260
201,099002361004,Jalapeno Peppers,Food / Consumables,12,24,EA,91,81,45,21,2026-09-23T00:00:00+00:00,0,0,21,66
203,099002361004,Jalapeno Peppers,Food / Consumables,12,24,EA,267,257,187,46,2026-09-23T00:00:00+00:00,0,0,46,233
204,099002361004,Jalapeno Peppers,Food / Consumables,12,24,EA,149,139,112,2,2026-09-23T00:00:00+00:00,0,0,2,114
207,099002361004,Jalapeno Peppers,Food / Consumables,12,24,EA,269,259,216,42,2026-09-23T00:00:00+00:00,0,0,42,258
208,099002361004,Jalapeno Peppers,Food / Consumables,12,24,EA,94,84,48,20,2026-09-23T00:00:00+00:00,0,0,20,68
101,099002468000,Green Bell Peppers,Food / Consumables,12,24,EA,176,166,123,16,2026-09-23T00:00:00+00:00,0,0,16,139
102,099002468000,Green Bell Peppers,Food / Consumables,12,24,EA,169,159,95,52,2026-09-23T00:00:00+00:00,0,0,52,147
103,099002468000,Green Bell Peppers,Food / Consumables,12,24,EA,250,240,212,18,2026-09-23T00:00:00+00:00,0,0,18,230
104,099002468000,Green Bell Peppers,Food / Consumables,12,24,EA,203,193,152,49,2026-09-23T00:00:00+00:00,0,0,49,201
105,099002468000,Green Bell Peppers,Food / Consumables,12,24,EA,274,264,214,41,2026-09-23T00:00:00+00:00,0,0,41,255
201,099002468000,Green Bell Peppers,Food / Consumables,12,24,EA,168,158,77,53,2026-09-23T00:00:00+00:00,0,0,53,130
202,099002468000,Green Bell Peppers,Food / Consumables,12,24,EA,127,117,82,7,2026-09-23T00:00:00+00:00,0,0,7,89
203,099002468000,Green Bell Peppers,Food / Consumables,12,24,EA,112,102,37,52,2026-09-23T00:00:00+00:00,0,0,52,89
205,099002468000,Green Bell Peppers,Food / Consumables,12,24,EA,86,76,62,16,2026-09-23T00:00:00+00:00,0,0,16,78
206,099002468000,Green Bell Peppers,Food / Consumables,12,24,EA,274,264,231,14,2026-09-23T00:00:00+00:00,0,0,14,245
208,099002468000,Green Bell Peppers,Food / Consumables,12,24,EA,191,181,130,38,2026-09-23T00:00:00+00:00,0,0,38,168
101,099002575005,Roma Tomatoes,Food / Consumables,12,24,EA,230,220,164,42,2026-09-23T00:00:00+00:00,0,0,42,206
102,099002575005,Roma Tomatoes,Food / Consumables,12,24,EA,248,238,195,29,2026-09-23T00:00:00+00:00,0,0,29,224
106,099002575005,Roma Tomatoes,Food / Consumables,12,24,EA,296,286,248,20,2026-09-23T00:00:00+00:00,0,0,20,268
107,099002575005,Roma Tomatoes,Food / Consumables,12,24,EA,252,242,218,15,2026-09-23T00:00:00+00:00,0,0,15,233
108,099002575005,Roma Tomatoes,Food / Consumables,12,24,EA,212,202,147,38,2026-09-23T00:00:00+00:00,0,0,38,185
201,099002575005,Roma Tomatoes,Food / Consumables,12,24,EA,120,110,43,58,2026-09-23T00:00:00+00:00,0,0,58,101
203,099002575005,Roma Tomatoes,Food / Consumables,12,24,EA,269,259,185,49,2026-09-23T00:00:00+00:00,0,0,49,234
204,099002575005,Roma Tomatoes,Food / Consumables,12,24,EA,290,280,216,54,2026-09-23T00:00:00+00:00,0,0,54,270
206,099002575005,Roma Tomatoes,Food / Consumables,12,24,EA,251,241,155,57,2026-09-23T00:00:00+00:00,0,0,57,212
208,099002575005,Roma Tomatoes,Food / Consumables,12,24,EA,102,92,42,44,2026-09-23T00:00:00+00:00,0,0,44,86
101,099002682000,Sliced Mushrooms,Food / Consumables,12,24,EA,282,272,216,57,2026-09-23T00:00:00+00:00,0,0,57,273
103,099002682000,Sliced Mushrooms,Food / Consumables,12,24,EA,269,259,200,39,2026-09-23T00:00:00+00:00,0,0,39,239
104,099002682000,Sliced Mushrooms,Food / Consumables,12,24,EA,165,155,113,51,2026-09-23T00:00:00+00:00,0,0,51,164
105,099002682000,Sliced Mushrooms,Food / Consumables,12,24,EA,113,103,68,36,2026-09-23T00:00:00+00:00,0,0,36,104
107,099002682000,Sliced Mushrooms,Food / Consumables,12,24,EA,127,117,88,37,2026-09-23T00:00:00+00:00,0,0,37,125
108,099002682000,Sliced Mushrooms,Food / Consumables,12,24,EA,189,179,160,17,2026-09-23T00:00:00+00:00,0,0,17,177
201,099002682000,Sliced Mushrooms,Food / Consumables,12,24,EA,202,192,138,48,2026-09-23T00:00:00+00:00,0,0,48,186
203,099002682000,Sliced Mushrooms,Food / Consumables,12,24,EA,293,283,211,54,2026-09-23T00:00:00+00:00,0,0,54,265
204,099002682000,Sliced Mushrooms,Food / Consumables,12,24,EA,89,79,60,12,2026-09-23T00:00:00+00:00,0,0,12,72
206,099002682000,Sliced Mushrooms,Food / Consumables,12,24,EA,258,248,210,48,2026-09-23T00:00:00+00:00,0,0,48,258
207,099002682000,Sliced Mushrooms,Food / Consumables,12,24,EA,252,242,198,26,2026-09-23T00:00:00+00:00,0,0,26,224
208,099002682000,Sliced Mushrooms,Food / Consumables,12,24,EA,285,275,239,7,2026-09-23T00:00:00+00:00,0,0,7,246
101,099002789006,Cream Cheese,Food / Consumables,12,24,EA,271,261,227,29,2026-09-23T00:00:00+00:00,0,0,29,256
102,099002789006,Cream Cheese,Food / Consumables,12,24,EA,132,122,81,33,2026-09-23T00:00:00+00:00,0,0,33,114
103,099002789006,Cream Cheese,Food / Consumables,12,24,EA,230,220,151,49,2026-09-23T00:00:00+00:00,0,0,49,200
104,099002789006,Cream Cheese,Food / Consumables,12,24,EA,112,102,107,3,2026-09-23T00:00:00+00:00,0,0,3,110
106,099002789006,Cream Cheese,Food / Consumables,12,24,EA,94,84,55,20,2026-09-23T00:00:00+00:00,0,0,20,75
108,099002789006,Cream Cheese,Food / Consumables,12,24,EA,130,120,73,29,2026-09-23T00:00:00+00:00,0,0,29,102
201,099002789006,Cream Cheese,Food / Consumables,12,24,EA,209,199,155,43,2026-09-23T00:00:00+00:00,0,0,43,198
202,099002789006,Cream Cheese,Food / Consumables,12,24,EA,189,179,162,25,2026-09-23T00:00:00+00:00,0,0,25,187
203,099002789006,Cream Cheese,Food / Consumables,12,24,EA,96,86,77,3,2026-09-23T00:00:00+00:00,0,0,3,80
204,099002789006,Cream Cheese,Food / Consumables,12,24,EA,188,178,104,47,2026-09-23T00:00:00+00:00,0,0,47,151
206,099002789006,Cream Cheese,Food / Consumables,12,24,EA,80,70,49,29,2026-09-23T00:00:00+00:00,0,0,29,78
207,099002789006,Cream Cheese,Food / Consumables,12,24,EA,70,60,29,22,2026-09-23T00:00:00+00:00,0,0,22,51
208,099002789006,Cream Cheese,Food / Consumables,12,24,EA,179,169,139,13,2026-09-23T00:00:00+00:00,0,0,13,152
101,099002896001,Cheddar Cheese,Food / Consumables,6,12,EA,243,233,227,7,2026-09-23T00:00:00+00:00,0,0,7,234
102,099002896001,Cheddar Cheese,Food / Consumables,6,12,EA,205,195,171,14,2026-09-23T00:00:00+00:00,0,0,14,185
104,099002896001,Cheddar Cheese,Food / Consumables,6,12,EA,180,170,135,42,2026-09-23T00:00:00+00:00,0,0,42,177
105,099002896001,Cheddar Cheese,Food / Consumables,6,12,EA,246,236,188,19,2026-09-23T00:00:00+00:00,0,0,19,207
106,099002896001,Cheddar Cheese,Food / Consumables,6,12,EA,138,128,93,40,2026-09-23T00:00:00+00:00,0,0,40,133
107,099002896001,Cheddar Cheese,Food / Consumables,6,12,EA,72,62,20,44,2026-09-23T00:00:00+00:00,0,0,44,64
108,099002896001,Cheddar Cheese,Food / Consumables,6,12,EA,141,131,76,38,2026-09-23T00:00:00+00:00,0,0,38,114
201,099002896001,Cheddar Cheese,Food / Consumables,6,12,EA,114,104,66,42,2026-09-23T00:00:00+00:00,0,0,42,108
202,099002896001,Cheddar Cheese,Food / Consumables,6,12,EA,141,131,98,35,2026-09-23T00:00:00+00:00,0,0,35,133
205,099002896001,Cheddar Cheese,Food / Consumables,6,12,EA,116,106,103,0,2026-09-23T00:00:00+00:00,0,0,0,103
206,099002896001,Cheddar Cheese,Food / Consumables,6,12,EA,117,107,40,58,2026-09-23T00:00:00+00:00,0,0,58,98
207,099002896001,Cheddar Cheese,Food / Consumables,6,12,EA,197,187,115,55,2026-09-23T00:00:00+00:00,0,0,55,170
208,099002896001,Cheddar Cheese,Food / Consumables,6,12,EA,79,69,60,7,2026-09-23T00:00:00+00:00,0,0,7,67
101,099002903006,Shredded Cheese,Food / Consumables,6,12,EA,208,198,119,57,2026-09-23T00:00:00+00:00,0,0,57,176
102,099002903006,Shredded Cheese,Food / Consumables,6,12,EA,143,133,123,14,2026-09-23T00:00:00+00:00,0,0,14,137
103,099002903006,Shredded Cheese,Food / Consumables,6,12,EA,214,204,141,49,2026-09-23T00:00:00+00:00,0,0,49,190
104,099002903006,Shredded Cheese,Food / Consumables,6,12,EA,166,156,141,14,2026-09-23T00:00:00+00:00,0,0,14,155
105,099002903006,Shredded Cheese,Food / Consumables,6,12,EA,120,110,56,27,2026-09-23T00:00:00+00:00,0,0,27,83
106,099002903006,Shredded Cheese,Food / Consumables,6,12,EA,120,110,39,45,2026-09-23T00:00:00+00:00,0,0,45,84
107,099002903006,Shredded Cheese,Food / Consumables,6,12,EA,221,211,164,25,2026-09-23T00:00:00+00:00,0,0,25,189
108,099002903006,Shredded Cheese,Food / Consumables,6,12,EA,266,256,199,50,2026-09-23T00:00:00+00:00,0,0,50,249
201,099002903006,Shredded Cheese,Food / Consumables,6,12,EA,193,183,135,30,2026-09-23T00:00:00+00:00,0,0,30,165
202,099002903006,Shredded Cheese,Food / Consumables,6,12,EA,294,284,246,19,2026-09-23T00:00:00+00:00,0,0,19,265
203,099002903006,Shredded Cheese,Food / Consumables,6,12,EA,91,81,69,9,2026-09-23T00:00:00+00:00,0,0,9,78
204,099002903006,Shredded Cheese,Food / Consumables,6,12,EA,312,302,246,41,2026-09-23T00:00:00+00:00,0,0,41,287
205,099002903006,Shredded Cheese,Food / Consumables,6,12,EA,66,56,46,4,2026-09-23T00:00:00+00:00,0,0,4,50
101,099003010000,Greek Yogurt,Food / Consumables,12,24,EA,78,68,23,36,2026-09-23T00:00:00+00:00,0,0,36,59
103,099003010000,Greek Yogurt,Food / Consumables,12,24,EA,261,251,209,15,2026-09-23T00:00:00+00:00,0,0,15,224
105,099003010000,Greek Yogurt,Food / Consumables,12,24,EA,161,151,127,7,2026-09-23T00:00:00+00:00,0,0,7,134
108,099003010000,Greek Yogurt,Food / Consumables,12,24,EA,171,161,127,26,2026-09-23T00:00:00+00:00,0,0,26,153
201,099003010000,Greek Yogurt,Food / Consumables,12,24,EA,74,64,27,16,2026-09-23T00:00:00+00:00,0,0,16,43
202,099003010000,Greek Yogurt,Food / Consumables,12,24,EA,248,238,181,29,2026-09-23T00:00:00+00:00,0,0,29,210
203,099003010000,Greek Yogurt,Food / Consumables,12,24,EA,97,87,48,35,2026-09-23T00:00:00+00:00,0,0,35,83
204,099003010000,Greek Yogurt,Food / Consumables,12,24,EA,166,156,101,52,2026-09-23T00:00:00+00:00,0,0,52,153
205,099003010000,Greek Yogurt,Food / Consumables,12,24,EA,102,92,29,38,2026-09-23T00:00:00+00:00,0,0,38,67
206,099003010000,Greek Yogurt,Food / Consumables,12,24,EA,80,70,32,34,2026-09-23T00:00:00+00:00,0,0,34,66
101,099003117006,Whole Milk,Food / Consumables,6,12,EA,273,263,184,57,2026-09-23T00:00:00+00:00,0,0,57,241
102,099003117006,Whole Milk,Food / Consumables,6,12,EA,191,181,139,49,2026-09-23T00:00:00+00:00,0,0,49,188
104,099003117006,Whole Milk,Food / Consumables,6,12,EA,215,205,128,58,2026-09-23T00:00:00+00:00,0,0,58,186
105,099003117006,Whole Milk,Food / Consumables,6,12,EA,208,198,123,47,2026-09-23T00:00:00+00:00,0,0,47,170
106,099003117006,Whole Milk,Food / Consumables,6,12,EA,271,261,240,16,2026-09-23T00:00:00+00:00,0,0,16,256
107,099003117006,Whole Milk,Food / Consumables,6,12,EA,83,73,44,30,2026-09-23T00:00:00+00:00,0,0,30,74
108,099003117006,Whole Milk,Food / Consumables,6,12,EA,90,80,73,12,2026-09-23T00:00:00+00:00,0,0,12,85
201,099003117006,Whole Milk,Food / Consumables,6,12,EA,304,294,218,55,2026-09-23T00:00:00+00:00,0,0,55,273
202,099003117006,Whole Milk,Food / Consumables,6,12,EA,274,264,237,17,2026-09-23T00:00:00+00:00,0,0,17,254
203,099003117006,Whole Milk,Food / Consumables,6,12,EA,206,196,150,54,2026-09-23T00:00:00+00:00,0,0,54,204
206,099003117006,Whole Milk,Food / Consumables,6,12,EA,277,267,241,1,2026-09-23T00:00:00+00:00,0,0,1,242
207,099003117006,Whole Milk,Food / Consumables,6,12,EA,153,143,90,32,2026-09-23T00:00:00+00:00,0,0,32,122
208,099003117006,Whole Milk,Food / Consumables,6,12,EA,260,250,218,26,2026-09-23T00:00:00+00:00,0,0,26,244
101,099003224001,Large Eggs,Food / Consumables,6,12,EA,218,208,209,4,2026-09-23T00:00:00+00:00,0,0,4,213
103,099003224001,Large Eggs,Food / Consumables,6,12,EA,110,100,68,13,2026-09-23T00:00:00+00:00,0,0,13,81
104,099003224001,Large Eggs,Food / Consumables,6,12,EA,204,194,196,3,2026-09-23T00:00:00+00:00,0,0,3,199
105,099003224001,Large Eggs,Food / Consumables,6,12,EA,266,256,232,26,2026-09-23T00:00:00+00:00,0,0,26,258
106,099003224001,Large Eggs,Food / Consumables,6,12,EA,110,100,48,45,2026-09-23T00:00:00+00:00,0,0,45,93
107,099003224001,Large Eggs,Food / Consumables,6,12,EA,268,258,227,34,2026-09-23T00:00:00+00:00,0,0,34,261
108,099003224001,Large Eggs,Food / Consumables,6,12,EA,229,219,181,46,2026-09-23T00:00:00+00:00,0,0,46,227
201,099003224001,Large Eggs,Food / Consumables,6,12,EA,285,275,247,6,2026-09-23T00:00:00+00:00,0,0,6,253
203,099003224001,Large Eggs,Food / Consumables,6,12,EA,249,239,244,2,2026-09-23T00:00:00+00:00,0,0,2,246
204,099003224001,Large Eggs,Food / Consumables,6,12,EA,52,42,20,6,2026-09-23T00:00:00+00:00,0,0,6,26
205,099003224001,Large Eggs,Food / Consumables,6,12,EA,125,115,42,57,2026-09-23T00:00:00+00:00,0,0,57,99
206,099003224001,Large Eggs,Food / Consumables,6,12,EA,131,121,90,14,2026-09-23T00:00:00+00:00,0,0,14,104
207,099003224001,Large Eggs,Food / Consumables,6,12,EA,104,94,48,49,2026-09-23T00:00:00+00:00,0,0,49,97
208,099003224001,Large Eggs,Food / Consumables,6,12,EA,108,98,24,59,2026-09-23T00:00:00+00:00,0,0,59,83
101,099003331006,Salted Butter,Food / Consumables,6,12,EA,246,236,194,42,2026-09-23T00:00:00+00:00,0,0,42,236
102,099003331006,Salted Butter,Food / Consumables,6,12,EA,121,111,94,2,2026-09-23T00:00:00+00:00,0,0,2,96
103,099003331006,Salted Butter,Food / Consumables,6,12,EA,246,236,184,42,2026-09-23T00:00:00+00:00,0,0,42,226
104,099003331006,Salted Butter,Food / Consumables,6,12,EA,170,160,141,27,2026-09-23T00:00:00+00:00,0,0,27,168
105,099003331006,Salted Butter,Food / Consumables,6,12,EA,105,95,77,28,2026-09-23T00:00:00+00:00,0,0,28,105
106,099003331006,Salted Butter,Food / Consumables,6,12,EA,259,249,224,26,2026-09-23T00:00:00+00:00,0,0,26,250
107,099003331006,Salted Butter,Food / Consumables,6,12,EA,265,255,218,47,2026-09-23T00:00:00+00:00,0,0,47,265
108,099003331006,Salted Butter,Food / Consumables,6,12,EA,106,96,61,29,2026-09-23T00:00:00+00:00,0,0,29,90
202,099003331006,Salted Butter,Food / Consumables,6,12,EA,156,146,98,30,2026-09-23T00:00:00+00:00,0,0,30,128
203,099003331006,Salted Butter,Food / Consumables,6,12,EA,179,169,156,6,2026-09-23T00:00:00+00:00,0,0,6,162
205,099003331006,Salted Butter,Food / Consumables,6,12,EA,287,277,229,54,2026-09-23T00:00:00+00:00,0,0,54,283
207,099003331006,Salted Butter,Food / Consumables,6,12,EA,272,262,235,21,2026-09-23T00:00:00+00:00,0,0,21,256
208,099003331006,Salted Butter,Food / Consumables,6,12,EA,180,170,97,50,2026-09-23T00:00:00+00:00,0,0,50,147
101,099003438002,Vanilla Ice Cream,Food / Consumables,6,12,EA,124,114,84,16,2026-09-23T00:00:00+00:00,0,0,16,100
102,099003438002,Vanilla Ice Cream,Food / Consumables,6,12,EA,119,109,36,53,2026-09-23T00:00:00+00:00,0,0,53,89
103,099003438002,Vanilla Ice Cream,Food / Consumables,6,12,EA,305,295,237,36,2026-09-23T00:00:00+00:00,0,0,36,273
104,099003438002,Vanilla Ice Cream,Food / Consumables,6,12,EA,193,183,149,21,2026-09-23T00:00:00+00:00,0,0,21,170
106,099003438002,Vanilla Ice Cream,Food / Consumables,6,12,EA,170,160,123,16,2026-09-23T00:00:00+00:00,0,0,16,139
107,099003438002,Vanilla Ice Cream,Food / Consumables,6,12,EA,201,191,192,0,2026-09-23T00:00:00+00:00,0,0,0,192
108,099003438002,Vanilla Ice Cream,Food / Consumables,6,12,EA,142,132,137,0,2026-09-23T00:00:00+00:00,0,0,0,137
201,099003438002,Vanilla Ice Cream,Food / Consumables,6,12,EA,249,239,226,5,2026-09-23T00:00:00+00:00,0,0,5,231
203,099003438002,Vanilla Ice Cream,Food / Consumables,6,12,EA,247,237,186,45,2026-09-23T00:00:00+00:00,0,0,45,231
204,099003438002,Vanilla Ice Cream,Food / Consumables,6,12,EA,94,84,46,47,2026-09-23T00:00:00+00:00,0,0,47,93
205,099003438002,Vanilla Ice Cream,Food / Consumables,6,12,EA,156,146,129,24,2026-09-23T00:00:00+00:00,0,0,24,153
206,099003438002,Vanilla Ice Cream,Food / Consumables,6,12,EA,59,49,29,29,2026-09-23T00:00:00+00:00,0,0,29,58
207,099003438002,Vanilla Ice Cream,Food / Consumables,6,12,EA,97,87,69,0,2026-09-23T00:00:00+00:00,0,0,0,69
208,099003438002,Vanilla Ice Cream,Food / Consumables,6,12,EA,119,109,85,28,2026-09-23T00:00:00+00:00,0,0,28,113
101,099003545007,Deli Turkey,Food / Consumables,6,12,EA,131,121,72,23,2026-09-23T00:00:00+00:00,0,0,23,95
105,099003545007,Deli Turkey,Food / Consumables,6,12,EA,197,187,182,2,2026-09-23T00:00:00+00:00,0,0,2,184
106,099003545007,Deli Turkey,Food / Consumables,6,12,EA,191,181,180,3,2026-09-23T00:00:00+00:00,0,0,3,183
108,099003545007,Deli Turkey,Food / Consumables,6,12,EA,147,137,117,4,2026-09-23T00:00:00+00:00,0,0,4,121
201,099003545007,Deli Turkey,Food / Consumables,6,12,EA,181,171,150,31,2026-09-23T00:00:00+00:00,0,0,31,181
202,099003545007,Deli Turkey,Food / Consumables,6,12,EA,178,168,165,9,2026-09-23T00:00:00+00:00,0,0,9,174
203,099003545007,Deli Turkey,Food / Consumables,6,12,EA,214,204,162,43,2026-09-23T00:00:00+00:00,0,0,43,205
204,099003545007,Deli Turkey,Food / Consumables,6,12,EA,92,82,58,6,2026-09-23T00:00:00+00:00,0,0,6,64
205,099003545007,Deli Turkey,Food / Consumables,6,12,EA,91,81,36,44,2026-09-23T00:00:00+00:00,0,0,44,80
208,099003545007,Deli Turkey,Food / Consumables,6,12,EA,212,202,173,0,2026-09-23T00:00:00+00:00,0,0,0,173
101,099003652002,Sliced Ham,Food / Consumables,6,12,EA,195,185,162,6,2026-09-23T00:00:00+00:00,0,0,6,168
102,099003652002,Sliced Ham,Food / Consumables,6,12,EA,154,144,118,34,2026-09-23T00:00:00+00:00,0,0,34,152
105,099003652002,Sliced Ham,Food / Consumables,6,12,EA,269,259,237,20,2026-09-23T00:00:00+00:00,0,0,20,257
106,099003652002,Sliced Ham,Food / Consumables,6,12,EA,153,143,100,16,2026-09-23T00:00:00+00:00,0,0,16,116
107,099003652002,Sliced Ham,Food / Consumables,6,12,EA,125,115,76,38,2026-09-23T00:00:00+00:00,0,0,38,114
108,099003652002,Sliced Ham,Food / Consumables,6,12,EA,201,191,161,25,2026-09-23T00:00:00+00:00,0,0,25,186
201,099003652002,Sliced Ham,Food / Consumables,6,12,EA,231,221,175,38,2026-09-23T00:00:00+00:00,0,0,38,213
202,099003652002,Sliced Ham,Food / Consumables,6,12,EA,251,241,226,5,2026-09-23T00:00:00+00:00,0,0,5,231
204,099003652002,Sliced Ham,Food / Consumables,6,12,EA,275,265,226,32,2026-09-23T00:00:00+00:00,0,0,32,258
205,099003652002,Sliced Ham,Food / Consumables,6,12,EA,118,108,65,50,2026-09-23T00:00:00+00:00,0,0,50,115
206,099003652002,Sliced Ham,Food / Consumables,6,12,EA,113,103,60,36,2026-09-23T00:00:00+00:00,0,0,36,96
207,099003652002,Sliced Ham,Food / Consumables,6,12,EA,165,155,117,39,2026-09-23T00:00:00+00:00,0,0,39,156
103,099003759008,Beef Hot Dogs,Food / Consumables,6,12,EA,298,288,247,44,2026-09-23T00:00:00+00:00,0,0,44,291
106,099003759008,Beef Hot Dogs,Food / Consumables,6,12,EA,145,135,111,7,2026-09-23T00:00:00+00:00,0,0,7,118
107,099003759008,Beef Hot Dogs,Food / Consumables,6,12,EA,281,271,219,34,2026-09-23T00:00:00+00:00,0,0,34,253
108,099003759008,Beef Hot Dogs,Food / Consumables,6,12,EA,43,33,36,7,2026-09-23T00:00:00+00:00,0,0,7,43
201,099003759008,Beef Hot Dogs,Food / Consumables,6,12,EA,159,149,124,21,2026-09-23T00:00:00+00:00,0,0,21,145
202,099003759008,Beef Hot Dogs,Food / Consumables,6,12,EA,226,216,176,43,2026-09-23T00:00:00+00:00,0,0,43,219
205,099003759008,Beef Hot Dogs,Food / Consumables,6,12,EA,142,132,89,42,2026-09-23T00:00:00+00:00,0,0,42,131
206,099003759008,Beef Hot Dogs,Food / Consumables,6,12,EA,245,235,191,52,2026-09-23T00:00:00+00:00,0,0,52,243
101,099003866003,Pork Sausage,Food / Consumables,6,12,EA,211,201,190,4,2026-09-23T00:00:00+00:00,0,0,4,194
102,099003866003,Pork Sausage,Food / Consumables,6,12,EA,164,154,156,2,2026-09-23T00:00:00+00:00,0,0,2,158
103,099003866003,Pork Sausage,Food / Consumables,6,12,EA,81,71,50,15,2026-09-23T00:00:00+00:00,0,0,15,65
104,099003866003,Pork Sausage,Food / Consumables,6,12,EA,109,99,71,17,2026-09-23T00:00:00+00:00,0,0,17,88
105,099003866003,Pork Sausage,Food / Consumables,6,12,EA,197,187,121,48,2026-09-23T00:00:00+00:00,0,0,48,169
106,099003866003,Pork Sausage,Food / Consumables,6,12,EA,208,198,181,27,2026-09-23T00:00:00+00:00,0,0,27,208
108,099003866003,Pork Sausage,Food / Consumables,6,12,EA,169,159,93,42,2026-09-23T00:00:00+00:00,0,0,42,135
201,099003866003,Pork Sausage,Food / Consumables,6,12,EA,240,230,181,23,2026-09-23T00:00:00+00:00,0,0,23,204
204,099003866003,Pork Sausage,Food / Consumables,6,12,EA,156,146,115,33,2026-09-23T00:00:00+00:00,0,0,33,148
205,099003866003,Pork Sausage,Food / Consumables,6,12,EA,266,256,207,41,2026-09-23T00:00:00+00:00,0,0,41,248
207,099003866003,Pork Sausage,Food / Consumables,6,12,EA,179,169,109,46,2026-09-23T00:00:00+00:00,0,0,46,155
208,099003866003,Pork Sausage,Food / Consumables,6,12,EA,152,142,95,28,2026-09-23T00:00:00+00:00,0,0,28,123
101,099003973008,Ground Beef,Food / Consumables,6,12,EA,123,113,112,5,2026-09-23T00:00:00+00:00,0,0,5,117
102,099003973008,Ground Beef,Food / Consumables,6,12,EA,71,61,44,23,2026-09-23T00:00:00+00:00,0,0,23,67
103,099003973008,Ground Beef,Food / Consumables,6,12,EA,135,125,69,41,2026-09-23T00:00:00+00:00,0,0,41,110
104,099003973008,Ground Beef,Food / Consumables,6,12,EA,211,201,151,41,2026-09-23T00:00:00+00:00,0,0,41,192
106,099003973008,Ground Beef,Food / Consumables,6,12,EA,73,63,22,19,2026-09-23T00:00:00+00:00,0,0,19,41
107,099003973008,Ground Beef,Food / Consumables,6,12,EA,224,214,205,10,2026-09-23T00:00:00+00:00,0,0,10,215
202,099003973008,Ground Beef,Food / Consumables,6,12,EA,230,220,204,24,2026-09-23T00:00:00+00:00,0,0,24,228
203,099003973008,Ground Beef,Food / Consumables,6,12,EA,126,116,51,38,2026-09-23T00:00:00+00:00,0,0,38,89
204,099003973008,Ground Beef,Food / Consumables,6,12,EA,226,216,160,33,2026-09-23T00:00:00+00:00,0,0,33,193
205,099003973008,Ground Beef,Food / Consumables,6,12,EA,80,70,36,42,2026-09-23T00:00:00+00:00,0,0,42,78
206,099003973008,Ground Beef,Food / Consumables,6,12,EA,174,164,126,23,2026-09-23T00:00:00+00:00,0,0,23,149
207,099003973008,Ground Beef,Food / Consumables,6,12,EA,189,179,131,37,2026-09-23T00:00:00+00:00,0,0,37,168
101,099004080002,Chicken Nuggets,Food / Consumables,6,12,EA,246,236,164,46,2026-09-23T00:00:00+00:00,0,0,46,210
102,099004080002,Chicken Nuggets,Food / Consumables,6,12,EA,261,251,207,16,2026-09-23T00:00:00+00:00,0,0,16,223
103,099004080002,Chicken Nuggets,Food / Consumables,6,12,EA,262,252,230,18,2026-09-23T00:00:00+00:00,0,0,18,248
106,099004080002,Chicken Nuggets,Food / Consumables,6,12,EA,225,215,195,12,2026-09-23T00:00:00+00:00,0,0,12,207
107,099004080002,Chicken Nuggets,Food / Consumables,6,12,EA,298,288,227,45,2026-09-23T00:00:00+00:00,0,0,45,272
108,099004080002,Chicken Nuggets,Food / Consumables,6,12,EA,192,182,136,49,2026-09-23T00:00:00+00:00,0,0,49,185
201,099004080002,Chicken Nuggets,Food / Consumables,6,12,EA,268,258,219,38,2026-09-23T00:00:00+00:00,0,0,38,257
202,099004080002,Chicken Nuggets,Food / Consumables,6,12,EA,123,113,95,20,2026-09-23T00:00:00+00:00,0,0,20,115
204,099004080002,Chicken Nuggets,Food / Consumables,6,12,EA,76,66,59,6,2026-09-23T00:00:00+00:00,0,0,6,65
208,099004080002,Chicken Nuggets,Food / Consumables,6,12,EA,91,81,50,6,2026-09-23T00:00:00+00:00,0,0,6,56
101,099004187008,Frozen Pizza,Food / Consumables,6,12,EA,238,228,205,27,2026-09-23T00:00:00+00:00,0,0,27,232
103,099004187008,Frozen Pizza,Food / Consumables,6,12,EA,176,166,105,49,2026-09-23T00:00:00+00:00,0,0,49,154
104,099004187008,Frozen Pizza,Food / Consumables,6,12,EA,313,303,241,34,2026-09-23T00:00:00+00:00,0,0,34,275
106,099004187008,Frozen Pizza,Food / Consumables,6,12,EA,130,120,79,40,2026-09-23T00:00:00+00:00,0,0,40,119
107,099004187008,Frozen Pizza,Food / Consumables,6,12,EA,244,234,168,55,2026-09-23T00:00:00+00:00,0,0,55,223
108,099004187008,Frozen Pizza,Food / Consumables,6,12,EA,199,189,150,39,2026-09-23T00:00:00+00:00,0,0,39,189
201,099004187008,Frozen Pizza,Food / Consumables,6,12,EA,103,93,67,25,2026-09-23T00:00:00+00:00,0,0,25,92
204,099004187008,Frozen Pizza,Food / Consumables,6,12,EA,211,201,147,37,2026-09-23T00:00:00+00:00,0,0,37,184
205,099004187008,Frozen Pizza,Food / Consumables,6,12,EA,55,45,36,18,2026-09-23T00:00:00+00:00,0,0,18,54
206,099004187008,Frozen Pizza,Food / Consumables,6,12,EA,276,266,238,29,2026-09-23T00:00:00+00:00,0,0,29,267
207,099004187008,Frozen Pizza,Food / Consumables,6,12,EA,147,137,140,0,2026-09-23T00:00:00+00:00,0,0,0,140
208,099004187008,Frozen Pizza,Food / Consumables,6,12,EA,280,270,225,23,2026-09-23T00:00:00+00:00,0,0,23,248
101,099004294003,Frozen Burritos,Food / Consumables,6,12,EA,111,101,73,34,2026-09-23T00:00:00+00:00,0,0,34,107
102,099004294003,Frozen Burritos,Food / Consumables,6,12,EA,102,92,46,34,2026-09-23T00:00:00+00:00,0,0,34,80
105,099004294003,Frozen Burritos,Food / Consumables,6,12,EA,259,249,233,6,2026-09-23T00:00:00+00:00,0,0,6,239
108,099004294003,Frozen Burritos,Food / Consumables,6,12,EA,133,123,45,56,2026-09-23T00:00:00+00:00,0,0,56,101
202,099004294003,Frozen Burritos,Food / Consumables,6,12,EA,160,150,151,9,2026-09-23T00:00:00+00:00,0,0,9,160
204,099004294003,Frozen Burritos,Food / Consumables,6,12,EA,288,278,230,41,2026-09-23T00:00:00+00:00,0,0,41,271
205,099004294003,Frozen Burritos,Food / Consumables,6,12,EA,106,96,30,40,2026-09-23T00:00:00+00:00,0,0,40,70
206,099004294003,Frozen Burritos,Food / Consumables,6,12,EA,157,147,138,10,2026-09-23T00:00:00+00:00,0,0,10,148
207,099004294003,Frozen Burritos,Food / Consumables,6,12,EA,274,264,215,20,2026-09-23T00:00:00+00:00,0,0,20,235
208,099004294003,Frozen Burritos,Food / Consumables,6,12,EA,87,77,33,51,2026-09-23T00:00:00+00:00,0,0,51,84
101,099004301008,Frozen Mixed Vegetables,Food / Consumables,12,24,EA,166,156,104,27,2026-09-23T00:00:00+00:00,0,0,27,131
103,099004301008,Frozen Mixed Vegetables,Food / Consumables,12,24,EA,275,265,233,13,2026-09-23T00:00:00+00:00,0,0,13,246
104,099004301008,Frozen Mixed Vegetables,Food / Consumables,12,24,EA,262,252,199,59,2026-09-23T00:00:00+00:00,0,0,59,258
105,099004301008,Frozen Mixed Vegetables,Food / Consumables,12,24,EA,237,227,197,40,2026-09-23T00:00:00+00:00,0,0,40,237
106,099004301008,Frozen Mixed Vegetables,Food / Consumables,12,24,EA,96,86,78,16,2026-09-23T00:00:00+00:00,0,0,16,94
108,099004301008,Frozen Mixed Vegetables,Food / Consumables,12,24,EA,146,136,89,42,2026-09-23T00:00:00+00:00,0,0,42,131
201,099004301008,Frozen Mixed Vegetables,Food / Consumables,12,24,EA,188,178,100,56,2026-09-23T00:00:00+00:00,0,0,56,156
203,099004301008,Frozen Mixed Vegetables,Food / Consumables,12,24,EA,173,163,109,40,2026-09-23T00:00:00+00:00,0,0,40,149
204,099004301008,Frozen Mixed Vegetables,Food / Consumables,12,24,EA,86,76,22,41,2026-09-23T00:00:00+00:00,0,0,41,63
205,099004301008,Frozen Mixed Vegetables,Food / Consumables,12,24,EA,289,279,226,53,2026-09-23T00:00:00+00:00,0,0,53,279
206,099004301008,Frozen Mixed Vegetables,Food / Consumables,12,24,EA,221,211,200,9,2026-09-23T00:00:00+00:00,0,0,9,209
101,099004408004,Smoked Salmon,Food / Consumables,6,12,EA,157,147,102,19,2026-09-23T00:00:00+00:00,0,0,19,121
102,099004408004,Smoked Salmon,Food / Consumables,6,12,EA,262,252,196,59,2026-09-23T00:00:00+00:00,0,0,59,255
103,099004408004,Smoked Salmon,Food / Consumables,6,12,EA,161,151,97,47,2026-09-23T00:00:00+00:00,0,0,47,144
105,099004408004,Smoked Salmon,Food / Consumables,6,12,EA,102,92,66,21,2026-09-23T00:00:00+00:00,0,0,21,87
106,099004408004,Smoked Salmon,Food / Consumables,6,12,EA,59,49,23,14,2026-09-23T00:00:00+00:00,0,0,14,37
203,099004408004,Smoked Salmon,Food / Consumables,6,12,EA,271,261,238,21,2026-09-23T00:00:00+00:00,0,0,21,259
204,099004408004,Smoked Salmon,Food / Consumables,6,12,EA,126,116,89,33,2026-09-23T00:00:00+00:00,0,0,33,122
205,099004408004,Smoked Salmon,Food / Consumables,6,12,EA,102,92,41,52,2026-09-23T00:00:00+00:00,0,0,52,93
206,099004408004,Smoked Salmon,Food / Consumables,6,12,EA,302,292,240,48,2026-09-23T00:00:00+00:00,0,0,48,288
208,099004408004,Smoked Salmon,Food / Consumables,6,12,EA,187,177,115,49,2026-09-23T00:00:00+00:00,0,0,49,164
102,099004515009,Tomato Soup,Food / Consumables,12,24,EA,178,168,143,23,2026-09-23T00:00:00+00:00,0,0,23,166
103,099004515009,Tomato Soup,Food / Consumables,12,24,EA,102,92,20,59,2026-09-23T00:00:00+00:00,0,0,59,79
107,099004515009,Tomato Soup,Food / Consumables,12,24,EA,149,139,53,58,2026-09-23T00:00:00+00:00,0,0,58,111
108,099004515009,Tomato Soup,Food / Consumables,12,24,EA,181,171,97,48,2026-09-23T00:00:00+00:00,0,0,48,145
202,099004515009,Tomato Soup,Food / Consumables,12,24,EA,278,268,204,47,2026-09-23T00:00:00+00:00,0,0,47,251
204,099004515009,Tomato Soup,Food / Consumables,12,24,EA,161,151,139,18,2026-09-23T00:00:00+00:00,0,0,18,157
205,099004515009,Tomato Soup,Food / Consumables,12,24,EA,260,250,204,48,2026-09-23T00:00:00+00:00,0,0,48,252
206,099004515009,Tomato Soup,Food / Consumables,12,24,EA,106,96,53,18,2026-09-23T00:00:00+00:00,0,0,18,71
207,099004515009,Tomato Soup,Food / Consumables,12,24,EA,130,120,103,21,2026-09-23T00:00:00+00:00,0,0,21,124
103,099004622004,Chicken Noodle Soup,Food / Consumables,12,24,EA,148,138,89,39,2026-09-23T00:00:00+00:00,0,0,39,128
105,099004622004,Chicken Noodle Soup,Food / Consumables,12,24,EA,268,258,195,34,2026-09-23T00:00:00+00:00,0,0,34,229
106,099004622004,Chicken Noodle Soup,Food / Consumables,12,24,EA,211,201,181,7,2026-09-23T00:00:00+00:00,0,0,7,188
107,099004622004,Chicken Noodle Soup,Food / Consumables,12,24,EA,244,234,192,48,2026-09-23T00:00:00+00:00,0,0,48,240
108,099004622004,Chicken Noodle Soup,Food / Consumables,12,24,EA,187,177,107,58,2026-09-23T00:00:00+00:00,0,0,58,165
201,099004622004,Chicken Noodle Soup,Food / Consumables,12,24,EA,240,230,215,16,2026-09-23T00:00:00+00:00,0,0,16,231
202,099004622004,Chicken Noodle Soup,Food / Consumables,12,24,EA,208,198,124,48,2026-09-23T00:00:00+00:00,0,0,48,172
203,099004622004,Chicken Noodle Soup,Food / Consumables,12,24,EA,170,160,131,6,2026-09-23T00:00:00+00:00,0,0,6,137
204,099004622004,Chicken Noodle Soup,Food / Consumables,12,24,EA,247,237,213,5,2026-09-23T00:00:00+00:00,0,0,5,218
206,099004622004,Chicken Noodle Soup,Food / Consumables,12,24,EA,172,162,135,26,2026-09-23T00:00:00+00:00,0,0,26,161
207,099004622004,Chicken Noodle Soup,Food / Consumables,12,24,EA,101,91,47,47,2026-09-23T00:00:00+00:00,0,0,47,94
208,099004622004,Chicken Noodle Soup,Food / Consumables,12,24,EA,105,95,54,48,2026-09-23T00:00:00+00:00,0,0,48,102
102,099004729000,Lentil Soup,Food / Consumables,12,24,EA,85,75,77,4,2026-09-23T00:00:00+00:00,0,0,4,81
104,099004729000,Lentil Soup,Food / Consumables,12,24,EA,118,108,78,10,2026-09-23T00:00:00+00:00,0,0,10,88
105,099004729000,Lentil Soup,Food / Consumables,12,24,EA,132,122,83,17,2026-09-23T00:00:00+00:00,0,0,17,100
106,099004729000,Lentil Soup,Food / Consumables,12,24,EA,192,182,115,47,2026-09-23T00:00:00+00:00,0,0,47,162
107,099004729000,Lentil Soup,Food / Consumables,12,24,EA,164,154,129,3,2026-09-23T00:00:00+00:00,0,0,3,132
201,099004729000,Lentil Soup,Food / Consumables,12,24,EA,177,167,134,35,2026-09-23T00:00:00+00:00,0,0,35,169
202,099004729000,Lentil Soup,Food / Consumables,12,24,EA,276,266,219,54,2026-09-23T00:00:00+00:00,0,0,54,273
203,099004729000,Lentil Soup,Food / Consumables,12,24,EA,164,154,149,5,2026-09-23T00:00:00+00:00,0,0,5,154
206,099004729000,Lentil Soup,Food / Consumables,12,24,EA,192,182,152,24,2026-09-23T00:00:00+00:00,0,0,24,176
207,099004729000,Lentil Soup,Food / Consumables,12,24,EA,78,68,63,13,2026-09-23T00:00:00+00:00,0,0,13,76
208,099004729000,Lentil Soup,Food / Consumables,12,24,EA,258,248,230,9,2026-09-23T00:00:00+00:00,0,0,9,239
101,099004836005,Soup Mix,Food / Consumables,6,12,EA,289,279,237,23,2026-09-23T00:00:00+00:00,0,0,23,260
102,099004836005,Soup Mix,Food / Consumables,6,12,EA,70,60,30,11,2026-09-23T00:00:00+00:00,0,0,11,41
103,099004836005,Soup Mix,Food / Consumables,6,12,EA,188,178,122,48,2026-09-23T00:00:00+00:00,0,0,48,170
104,099004836005,Soup Mix,Food / Consumables,6,12,EA,124,114,82,18,2026-09-23T00:00:00+00:00,0,0,18,100
105,099004836005,Soup Mix,Food / Consumables,6,12,EA,267,257,221,16,2026-09-23T00:00:00+00:00,0,0,16,237
107,099004836005,Soup Mix,Food / Consumables,6,12,EA,163,153,126,18,2026-09-23T00:00:00+00:00,0,0,18,144
108,099004836005,Soup Mix,Food / Consumables,6,12,EA,128,118,105,18,2026-09-23T00:00:00+00:00,0,0,18,123
201,099004836005,Soup Mix,Food / Consumables,6,12,EA,182,172,146,24,2026-09-23T00:00:00+00:00,0,0,24,170
202,099004836005,Soup Mix,Food / Consumables,6,12,EA,68,58,39,15,2026-09-23T00:00:00+00:00,0,0,15,54
203,099004836005,Soup Mix,Food / Consumables,6,12,EA,210,200,183,1,2026-09-23T00:00:00+00:00,0,0,1,184
205,099004836005,Soup Mix,Food / Consumables,6,12,EA,243,233,231,5,2026-09-23T00:00:00+00:00,0,0,5,236
206,099004836005,Soup Mix,Food / Consumables,6,12,EA,261,251,167,55,2026-09-23T00:00:00+00:00,0,0,55,222
207,099004836005,Soup Mix,Food / Consumables,6,12,EA,80,70,40,17,2026-09-23T00:00:00+00:00,0,0,17,57
104,099004943000,Tomato Bisque Soup Kit,Food / Consumables,6,12,EA,135,125,131,3,2026-09-23T00:00:00+00:00,0,0,3,134
105,099004943000,Tomato Bisque Soup Kit,Food / Consumables,6,12,EA,181,171,100,51,2026-09-23T00:00:00+00:00,0,0,51,151
106,099004943000,Tomato Bisque Soup Kit,Food / Consumables,6,12,EA,109,99,54,32,2026-09-23T00:00:00+00:00,0,0,32,86
108,099004943000,Tomato Bisque Soup Kit,Food / Consumables,6,12,EA,200,190,166,21,2026-09-23T00:00:00+00:00,0,0,21,187
201,099004943000,Tomato Bisque Soup Kit,Food / Consumables,6,12,EA,133,123,93,36,2026-09-23T00:00:00+00:00,0,0,36,129
202,099004943000,Tomato Bisque Soup Kit,Food / Consumables,6,12,EA,97,87,51,41,2026-09-23T00:00:00+00:00,0,0,41,92
204,099004943000,Tomato Bisque Soup Kit,Food / Consumables,6,12,EA,109,99,66,37,2026-09-23T00:00:00+00:00,0,0,37,103
205,099004943000,Tomato Bisque Soup Kit,Food / Consumables,6,12,EA,186,176,131,20,2026-09-23T00:00:00+00:00,0,0,20,151
206,099004943000,Tomato Bisque Soup Kit,Food / Consumables,6,12,EA,228,218,216,12,2026-09-23T00:00:00+00:00,0,0,12,228
207,099004943000,Tomato Bisque Soup Kit,Food / Consumables,6,12,EA,136,126,79,22,2026-09-23T00:00:00+00:00,0,0,22,101
208,099004943000,Tomato Bisque Soup Kit,Food / Consumables,6,12,EA,292,282,244,48,2026-09-23T00:00:00+00:00,0,0,48,292
101,099005050004,Marinara Sauce,Food / Consumables,12,24,EA,190,180,149,2,2026-09-23T00:00:00+00:00,0,0,2,151
102,099005050004,Marinara Sauce,Food / Consumables,12,24,EA,197,187,156,40,2026-09-23T00:00:00+00:00,0,0,40,196
103,099005050004,Marinara Sauce,Food / Consumables,12,24,EA,111,101,65,38,2026-09-23T00:00:00+00:00,0,0,38,103
104,099005050004,Marinara Sauce,Food / Consumables,12,24,EA,174,164,158,2,2026-09-23T00:00:00+00:00,0,0,2,160
105,099005050004,Marinara Sauce,Food / Consumables,12,24,EA,72,62,58,2,2026-09-23T00:00:00+00:00,0,0,2,60
106,099005050004,Marinara Sauce,Food / Consumables,12,24,EA,146,136,112,32,2026-09-23T00:00:00+00:00,0,0,32,144
107,099005050004,Marinara Sauce,Food / Consumables,12,24,EA,190,180,148,38,2026-09-23T00:00:00+00:00,0,0,38,186
108,099005050004,Marinara Sauce,Food / Consumables,12,24,EA,252,242,163,58,2026-09-23T00:00:00+00:00,0,0,58,221
202,099005050004,Marinara Sauce,Food / Consumables,12,24,EA,202,192,175,19,2026-09-23T00:00:00+00:00,0,0,19,194
204,099005050004,Marinara Sauce,Food / Consumables,12,24,EA,237,227,168,56,2026-09-23T00:00:00+00:00,0,0,56,224
205,099005050004,Marinara Sauce,Food / Consumables,12,24,EA,226,216,187,12,2026-09-23T00:00:00+00:00,0,0,12,199
206,099005050004,Marinara Sauce,Food / Consumables,12,24,EA,270,260,235,5,2026-09-23T00:00:00+00:00,0,0,5,240
207,099005050004,Marinara Sauce,Food / Consumables,12,24,EA,102,92,32,37,2026-09-23T00:00:00+00:00,0,0,37,69
208,099005050004,Marinara Sauce,Food / Consumables,12,24,EA,213,203,153,22,2026-09-23T00:00:00+00:00,0,0,22,175
101,099005157000,Alfredo Sauce,Food / Consumables,6,12,EA,202,192,152,18,2026-09-23T00:00:00+00:00,0,0,18,170
102,099005157000,Alfredo Sauce,Food / Consumables,6,12,EA,245,235,192,35,2026-09-23T00:00:00+00:00,0,0,35,227
103,099005157000,Alfredo Sauce,Food / Consumables,6,12,EA,119,109,97,22,2026-09-23T00:00:00+00:00,0,0,22,119
104,099005157000,Alfredo Sauce,Food / Consumables,6,12,EA,89,79,34,34,2026-09-23T00:00:00+00:00,0,0,34,68
107,099005157000,Alfredo Sauce,Food / Consumables,6,12,EA,146,136,104,35,2026-09-23T00:00:00+00:00,0,0,35,139
108,099005157000,Alfredo Sauce,Food / Consumables,6,12,EA,145,135,105,23,2026-09-23T00:00:00+00:00,0,0,23,128
201,099005157000,Alfredo Sauce,Food / Consumables,6,12,EA,313,303,228,59,2026-09-23T00:00:00+00:00,0,0,59,287
202,099005157000,Alfredo Sauce,Food / Consumables,6,12,EA,260,250,225,34,2026-09-23T00:00:00+00:00,0,0,34,259
204,099005157000,Alfredo Sauce,Food / Consumables,6,12,EA,214,204,176,9,2026-09-23T00:00:00+00:00,0,0,9,185
207,099005157000,Alfredo Sauce,Food / Consumables,6,12,EA,155,145,122,17,2026-09-23T00:00:00+00:00,0,0,17,139
208,099005157000,Alfredo Sauce,Food / Consumables,6,12,EA,259,249,177,45,2026-09-23T00:00:00+00:00,0,0,45,222
101,099005264005,Taco Sauce,Food / Consumables,12,24,EA,159,149,94,30,2026-09-23T00:00:00+00:00,0,0,30,124
103,099005264005,Taco Sauce,Food / Consumables,12,24,EA,234,224,160,56,2026-09-23T00:00:00+00:00,0,0,56,216
104,099005264005,Taco Sauce,Food / Consumables,12,24,EA,154,144,139,7,2026-09-23T00:00:00+00:00,0,0,7,146
105,099005264005,Taco Sauce,Food / Consumables,12,24,EA,93,83,54,7,2026-09-23T00:00:00+00:00,0,0,7,61
107,099005264005,Taco Sauce,Food / Consumables,12,24,EA,120,110,79,8,2026-09-23T00:00:00+00:00,0,0,8,87
108,099005264005,Taco Sauce,Food / Consumables,12,24,EA,160,150,130,24,2026-09-23T00:00:00+00:00,0,0,24,154
201,099005264005,Taco Sauce,Food / Consumables,12,24,EA,79,69,46,33,2026-09-23T00:00:00+00:00,0,0,33,79
202,099005264005,Taco Sauce,Food / Consumables,12,24,EA,287,277,238,21,2026-09-23T00:00:00+00:00,0,0,21,259
203,099005264005,Taco Sauce,Food / Consumables,12,24,EA,155,145,104,46,2026-09-23T00:00:00+00:00,0,0,46,150
204,099005264005,Taco Sauce,Food / Consumables,12,24,EA,80,70,48,18,2026-09-23T00:00:00+00:00,0,0,18,66
206,099005264005,Taco Sauce,Food / Consumables,12,24,EA,265,255,189,56,2026-09-23T00:00:00+00:00,0,0,56,245
207,099005264005,Taco Sauce,Food / Consumables,12,24,EA,252,242,236,0,2026-09-23T00:00:00+00:00,0,0,0,236
208,099005264005,Taco Sauce,Food / Consumables,12,24,EA,159,149,128,30,2026-09-23T00:00:00+00:00,0,0,30,158
102,099005371000,Hot Sauce,Food / Consumables,12,24,EA,151,141,138,2,2026-09-23T00:00:00+00:00,0,0,2,140
103,099005371000,Hot Sauce,Food / Consumables,12,24,EA,219,209,154,26,2026-09-23T00:00:00+00:00,0,0,26,180
104,099005371000,Hot Sauce,Food / Consumables,12,24,EA,258,248,184,40,2026-09-23T00:00:00+00:00,0,0,40,224
105,099005371000,Hot Sauce,Food / Consumables,12,24,EA,101,91,73,13,2026-09-23T00:00:00+00:00,0,0,13,86
107,099005371000,Hot Sauce,Food / Consumables,12,24,EA,212,202,203,6,2026-09-23T00:00:00+00:00,0,0,6,209
108,099005371000,Hot Sauce,Food / Consumables,12,24,EA,302,292,233,49,2026-09-23T00:00:00+00:00,0,0,49,282
201,099005371000,Hot Sauce,Food / Consumables,12,24,EA,216,206,182,4,2026-09-23T00:00:00+00:00,0,0,4,186
202,099005371000,Hot Sauce,Food / Consumables,12,24,EA,154,144,110,19,2026-09-23T00:00:00+00:00,0,0,19,129
204,099005371000,Hot Sauce,Food / Consumables,12,24,EA,272,262,225,35,2026-09-23T00:00:00+00:00,0,0,35,260
206,099005371000,Hot Sauce,Food / Consumables,12,24,EA,217,207,169,43,2026-09-23T00:00:00+00:00,0,0,43,212
207,099005371000,Hot Sauce,Food / Consumables,12,24,EA,75,65,59,7,2026-09-23T00:00:00+00:00,0,0,7,66
208,099005371000,Hot Sauce,Food / Consumables,12,24,EA,217,207,184,9,2026-09-23T00:00:00+00:00,0,0,9,193
101,099005478006,Salsa Verde,Food / Consumables,6,12,EA,111,101,76,26,2026-09-23T00:00:00+00:00,0,0,26,102
104,099005478006,Salsa Verde,Food / Consumables,6,12,EA,159,149,97,42,2026-09-23T00:00:00+00:00,0,0,42,139
105,099005478006,Salsa Verde,Food / Consumables,6,12,EA,112,102,90,10,2026-09-23T00:00:00+00:00,0,0,10,100
106,099005478006,Salsa Verde,Food / Consumables,6,12,EA,115,105,84,28,2026-09-23T00:00:00+00:00,0,0,28,112
107,099005478006,Salsa Verde,Food / Consumables,6,12,EA,69,59,24,40,2026-09-23T00:00:00+00:00,0,0,40,64
201,099005478006,Salsa Verde,Food / Consumables,6,12,EA,217,207,162,25,2026-09-23T00:00:00+00:00,0,0,25,187
202,099005478006,Salsa Verde,Food / Consumables,6,12,EA,266,256,208,53,2026-09-23T00:00:00+00:00,0,0,53,261
203,099005478006,Salsa Verde,Food / Consumables,6,12,EA,175,165,133,30,2026-09-23T00:00:00+00:00,0,0,30,163
205,099005478006,Salsa Verde,Food / Consumables,6,12,EA,167,157,124,38,2026-09-23T00:00:00+00:00,0,0,38,162
207,099005478006,Salsa Verde,Food / Consumables,6,12,EA,242,232,224,9,2026-09-23T00:00:00+00:00,0,0,9,233
208,099005478006,Salsa Verde,Food / Consumables,6,12,EA,139,129,96,7,2026-09-23T00:00:00+00:00,0,0,7,103
101,099005585001,Canned Tuna,Food / Consumables,12,24,EA,45,35,21,6,2026-09-23T00:00:00+00:00,0,0,6,27
102,099005585001,Canned Tuna,Food / Consumables,12,24,EA,158,148,141,4,2026-09-23T00:00:00+00:00,0,0,4,145
103,099005585001,Canned Tuna,Food / Consumables,12,24,EA,163,153,94,45,2026-09-23T00:00:00+00:00,0,0,45,139
106,099005585001,Canned Tuna,Food / Consumables,12,24,EA,257,247,221,29,2026-09-23T00:00:00+00:00,0,0,29,250
107,099005585001,Canned Tuna,Food / Consumables,12,24,EA,236,226,188,25,2026-09-23T00:00:00+00:00,0,0,25,213
108,099005585001,Canned Tuna,Food / Consumables,12,24,EA,279,269,238,31,2026-09-23T00:00:00+00:00,0,0,31,269
201,099005585001,Canned Tuna,Food / Consumables,12,24,EA,278,268,233,25,2026-09-23T00:00:00+00:00,0,0,25,258
202,099005585001,Canned Tuna,Food / Consumables,12,24,EA,251,241,198,23,2026-09-23T00:00:00+00:00,0,0,23,221
204,099005585001,Canned Tuna,Food / Consumables,12,24,EA,149,139,68,58,2026-09-23T00:00:00+00:00,0,0,58,126
206,099005585001,Canned Tuna,Food / Consumables,12,24,EA,198,188,158,7,2026-09-23T00:00:00+00:00,0,0,7,165
207,099005585001,Canned Tuna,Food / Consumables,12,24,EA,252,242,190,56,2026-09-23T00:00:00+00:00,0,0,56,246
208,099005585001,Canned Tuna,Food / Consumables,12,24,EA,177,167,166,8,2026-09-23T00:00:00+00:00,0,0,8,174
101,099005692006,Canned Black Beans,Food / Consumables,12,24,EA,286,276,232,42,2026-09-23T00:00:00+00:00,0,0,42,274
102,099005692006,Canned Black Beans,Food / Consumables,12,24,EA,146,136,108,38,2026-09-23T00:00:00+00:00,0,0,38,146
103,099005692006,Canned Black Beans,Food / Consumables,12,24,EA,140,130,75,34,2026-09-23T00:00:00+00:00,0,0,34,109
105,099005692006,Canned Black Beans,Food / Consumables,12,24,EA,98,88,73,17,2026-09-23T00:00:00+00:00,0,0,17,90
106,099005692006,Canned Black Beans,Food / Consumables,12,24,EA,311,301,233,41,2026-09-23T00:00:00+00:00,0,0,41,274
107,099005692006,Canned Black Beans,Food / Consumables,12,24,EA,228,218,161,57,2026-09-23T00:00:00+00:00,0,0,57,218
201,099005692006,Canned Black Beans,Food / Consumables,12,24,EA,146,136,136,9,2026-09-23T00:00:00+00:00,0,0,9,145
202,099005692006,Canned Black Beans,Food / Consumables,12,24,EA,289,279,245,20,2026-09-23T00:00:00+00:00,0,0,20,265
205,099005692006,Canned Black Beans,Food / Consumables,12,24,EA,256,246,240,3,2026-09-23T00:00:00+00:00,0,0,3,243
206,099005692006,Canned Black Beans,Food / Consumables,12,24,EA,122,112,76,26,2026-09-23T00:00:00+00:00,0,0,26,102
207,099005692006,Canned Black Beans,Food / Consumables,12,24,EA,150,140,101,15,2026-09-23T00:00:00+00:00,0,0,15,116
208,099005692006,Canned Black Beans,Food / Consumables,12,24,EA,232,222,191,22,2026-09-23T00:00:00+00:00,0,0,22,213
102,099005799002,Canned Diced Tomatoes,Food / Consumables,12,24,EA,49,39,21,23,2026-09-23T00:00:00+00:00,0,0,23,44
103,099005799002,Canned Diced Tomatoes,Food / Consumables,12,24,EA,126,116,76,41,2026-09-23T00:00:00+00:00,0,0,41,117
104,099005799002,Canned Diced Tomatoes,Food / Consumables,12,24,EA,178,168,124,36,2026-09-23T00:00:00+00:00,0,0,36,160
106,099005799002,Canned Diced Tomatoes,Food / Consumables,12,24,EA,213,203,185,19,2026-09-23T00:00:00+00:00,0,0,19,204
107,099005799002,Canned Diced Tomatoes,Food / Consumables,12,24,EA,191,181,181,7,2026-09-23T00:00:00+00:00,0,0,7,188
201,099005799002,Canned Diced Tomatoes,Food / Consumables,12,24,EA,67,57,28,2,2026-09-23T00:00:00+00:00,0,0,2,30
202,099005799002,Canned Diced Tomatoes,Food / Consumables,12,24,EA,178,168,137,26,2026-09-23T00:00:00+00:00,0,0,26,163
203,099005799002,Canned Diced Tomatoes,Food / Consumables,12,24,EA,199,189,107,58,2026-09-23T00:00:00+00:00,0,0,58,165
204,099005799002,Canned Diced Tomatoes,Food / Consumables,12,24,EA,104,94,41,56,2026-09-23T00:00:00+00:00,0,0,56,97
205,099005799002,Canned Diced Tomatoes,Food / Consumables,12,24,EA,192,182,140,52,2026-09-23T00:00:00+00:00,0,0,52,192
206,099005799002,Canned Diced Tomatoes,Food / Consumables,12,24,EA,252,242,186,39,2026-09-23T00:00:00+00:00,0,0,39,225
207,099005799002,Canned Diced Tomatoes,Food / Consumables,12,24,EA,109,99,46,50,2026-09-23T00:00:00+00:00,0,0,50,96
208,099005799002,Canned Diced Tomatoes,Food / Consumables,12,24,EA,227,217,208,19,2026-09-23T00:00:00+00:00,0,0,19,227
101,099005806007,Chicken Broth,Food / Consumables,12,24,EA,232,222,175,54,2026-09-23T00:00:00+00:00,0,0,54,229
102,099005806007,Chicken Broth,Food / Consumables,12,24,EA,278,268,207,58,2026-09-23T00:00:00+00:00,0,0,58,265
105,099005806007,Chicken Broth,Food / Consumables,12,24,EA,252,242,188,40,2026-09-23T00:00:00+00:00,0,0,40,228
106,099005806007,Chicken Broth,Food / Consumables,12,24,EA,199,189,137,48,2026-09-23T00:00:00+00:00,0,0,48,185
107,099005806007,Chicken Broth,Food / Consumables,12,24,EA,201,191,152,42,2026-09-23T00:00:00+00:00,0,0,42,194
108,099005806007,Chicken Broth,Food / Consumables,12,24,EA,205,195,136,35,2026-09-23T00:00:00+00:00,0,0,35,171
201,099005806007,Chicken Broth,Food / Consumables,12,24,EA,199,189,134,51,2026-09-23T00:00:00+00:00,0,0,51,185
202,099005806007,Chicken Broth,Food / Consumables,12,24,EA,49,39,23,22,2026-09-23T00:00:00+00:00,0,0,22,45
204,099005806007,Chicken Broth,Food / Consumables,12,24,EA,337,327,244,56,2026-09-23T00:00:00+00:00,0,0,56,300
207,099005806007,Chicken Broth,Food / Consumables,12,24,EA,301,291,235,45,2026-09-23T00:00:00+00:00,0,0,45,280
208,099005806007,Chicken Broth,Food / Consumables,12,24,EA,182,172,138,24,2026-09-23T00:00:00+00:00,0,0,24,162
101,099005913002,Chicken Bouillon,Food / Consumables,6,12,EA,273,263,209,51,2026-09-23T00:00:00+00:00,0,0,51,260
102,099005913002,Chicken Bouillon,Food / Consumables,6,12,EA,192,182,98,58,2026-09-23T00:00:00+00:00,0,0,58,156
104,099005913002,Chicken Bouillon,Food / Consumables,6,12,EA,266,256,233,14,2026-09-23T00:00:00+00:00,0,0,14,247
105,099005913002,Chicken Bouillon,Food / Consumables,6,12,EA,86,76,36,17,2026-09-23T00:00:00+00:00,0,0,17,53
107,099005913002,Chicken Bouillon,Food / Consumables,6,12,EA,99,89,48,21,2026-09-23T00:00:00+00:00,0,0,21,69
108,099005913002,Chicken Bouillon,Food / Consumables,6,12,EA,287,277,229,19,2026-09-23T00:00:00+00:00,0,0,19,248
201,099005913002,Chicken Bouillon,Food / Consumables,6,12,EA,249,239,170,59,2026-09-23T00:00:00+00:00,0,0,59,229
203,099005913002,Chicken Bouillon,Food / Consumables,6,12,EA,145,135,72,35,2026-09-23T00:00:00+00:00,0,0,35,107
204,099005913002,Chicken Bouillon,Food / Consumables,6,12,EA,168,158,97,50,2026-09-23T00:00:00+00:00,0,0,50,147
206,099005913002,Chicken Bouillon,Food / Consumables,6,12,EA,263,253,181,51,2026-09-23T00:00:00+00:00,0,0,51,232
207,099005913002,Chicken Bouillon,Food / Consumables,6,12,EA,82,72,39,10,2026-09-23T00:00:00+00:00,0,0,10,49
101,099006020006,Seasoning Packets,Food / Consumables,12,24,EA,138,128,57,43,2026-09-23T00:00:00+00:00,0,0,43,100
103,099006020006,Seasoning Packets,Food / Consumables,12,24,EA,271,261,184,55,2026-09-23T00:00:00+00:00,0,0,55,239
106,099006020006,Seasoning Packets,Food / Consumables,12,24,EA,176,166,125,38,2026-09-23T00:00:00+00:00,0,0,38,163
107,099006020006,Seasoning Packets,Food / Consumables,12,24,EA,180,170,119,54,2026-09-23T00:00:00+00:00,0,0,54,173
108,099006020006,Seasoning Packets,Food / Consumables,12,24,EA,246,236,223,7,2026-09-23T00:00:00+00:00,0,0,7,230
201,099006020006,Seasoning Packets,Food / Consumables,12,24,EA,253,243,179,59,2026-09-23T00:00:00+00:00,0,0,59,238
203,099006020006,Seasoning Packets,Food / Consumables,12,24,EA,110,100,53,21,2026-09-23T00:00:00+00:00,0,0,21,74
204,099006020006,Seasoning Packets,Food / Consumables,12,24,EA,231,221,178,28,2026-09-23T00:00:00+00:00,0,0,28,206
205,099006020006,Seasoning Packets,Food / Consumables,12,24,EA,227,217,215,6,2026-09-23T00:00:00+00:00,0,0,6,221
206,099006020006,Seasoning Packets,Food / Consumables,12,24,EA,143,133,84,46,2026-09-23T00:00:00+00:00,0,0,46,130
208,099006020006,Seasoning Packets,Food / Consumables,12,24,EA,296,286,241,21,2026-09-23T00:00:00+00:00,0,0,21,262
101,099006127002,Soy Sauce,Food / Consumables,12,24,EA,117,107,61,42,2026-09-23T00:00:00+00:00,0,0,42,103
102,099006127002,Soy Sauce,Food / Consumables,12,24,EA,317,307,245,53,2026-09-23T00:00:00+00:00,0,0,53,298
103,099006127002,Soy Sauce,Food / Consumables,12,24,EA,323,313,230,59,2026-09-23T00:00:00+00:00,0,0,59,289
104,099006127002,Soy Sauce,Food / Consumables,12,24,EA,219,209,163,49,2026-09-23T00:00:00+00:00,0,0,49,212
105,099006127002,Soy Sauce,Food / Consumables,12,24,EA,268,258,221,45,2026-09-23T00:00:00+00:00,0,0,45,266
106,099006127002,Soy Sauce,Food / Consumables,12,24,EA,231,221,192,1,2026-09-23T00:00:00+00:00,0,0,1,193
107,099006127002,Soy Sauce,Food / Consumables,12,24,EA,138,128,105,16,2026-09-23T00:00:00+00:00,0,0,16,121
108,099006127002,Soy Sauce,Food / Consumables,12,24,EA,58,48,39,4,2026-09-23T00:00:00+00:00,0,0,4,43
201,099006127002,Soy Sauce,Food / Consumables,12,24,EA,137,127,124,8,2026-09-23T00:00:00+00:00,0,0,8,132
202,099006127002,Soy Sauce,Food / Consumables,12,24,EA,54,44,20,3,2026-09-23T00:00:00+00:00,0,0,3,23
203,099006127002,Soy Sauce,Food / Consumables,12,24,EA,286,276,195,55,2026-09-23T00:00:00+00:00,0,0,55,250
204,099006127002,Soy Sauce,Food / Consumables,12,24,EA,266,256,206,58,2026-09-23T00:00:00+00:00,0,0,58,264
205,099006127002,Soy Sauce,Food / Consumables,12,24,EA,185,175,144,27,2026-09-23T00:00:00+00:00,0,0,27,171
206,099006127002,Soy Sauce,Food / Consumables,12,24,EA,148,138,116,17,2026-09-23T00:00:00+00:00,0,0,17,133
207,099006127002,Soy Sauce,Food / Consumables,12,24,EA,234,224,181,44,2026-09-23T00:00:00+00:00,0,0,44,225
102,099006234007,Soybean Oil,Food / Consumables,6,12,EA,292,282,238,38,2026-09-23T00:00:00+00:00,0,0,38,276
103,099006234007,Soybean Oil,Food / Consumables,6,12,EA,96,86,43,49,2026-09-23T00:00:00+00:00,0,0,49,92
104,099006234007,Soybean Oil,Food / Consumables,6,12,EA,223,213,169,42,2026-09-23T00:00:00+00:00,0,0,42,211
106,099006234007,Soybean Oil,Food / Consumables,6,12,EA,197,187,147,17,2026-09-23T00:00:00+00:00,0,0,17,164
107,099006234007,Soybean Oil,Food / Consumables,6,12,EA,123,113,80,14,2026-09-23T00:00:00+00:00,0,0,14,94
108,099006234007,Soybean Oil,Food / Consumables,6,12,EA,262,252,203,49,2026-09-23T00:00:00+00:00,0,0,49,252
201,099006234007,Soybean Oil,Food / Consumables,6,12,EA,294,284,246,16,2026-09-23T00:00:00+00:00,0,0,16,262
202,099006234007,Soybean Oil,Food / Consumables,6,12,EA,176,166,156,5,2026-09-23T00:00:00+00:00,0,0,5,161
203,099006234007,Soybean Oil,Food / Consumables,6,12,EA,184,174,124,56,2026-09-23T00:00:00+00:00,0,0,56,180
204,099006234007,Soybean Oil,Food / Consumables,6,12,EA,235,225,209,3,2026-09-23T00:00:00+00:00,0,0,3,212
206,099006234007,Soybean Oil,Food / Consumables,6,12,EA,165,155,117,32,2026-09-23T00:00:00+00:00,0,0,32,149
208,099006234007,Soybean Oil,Food / Consumables,6,12,EA,232,222,180,17,2026-09-23T00:00:00+00:00,0,0,17,197
101,099006341002,Olive Oil,Food / Consumables,6,12,EA,160,150,124,9,2026-09-23T00:00:00+00:00,0,0,9,133
102,099006341002,Olive Oil,Food / Consumables,6,12,EA,224,214,163,49,2026-09-23T00:00:00+00:00,0,0,49,212
103,099006341002,Olive Oil,Food / Consumables,6,12,EA,84,74,37,14,2026-09-23T00:00:00+00:00,0,0,14,51
104,099006341002,Olive Oil,Food / Consumables,6,12,EA,233,223,193,5,2026-09-23T00:00:00+00:00,0,0,5,198
106,099006341002,Olive Oil,Food / Consumables,6,12,EA,78,68,28,38,2026-09-23T00:00:00+00:00,0,0,38,66
107,099006341002,Olive Oil,Food / Consumables,6,12,EA,223,213,143,49,2026-09-23T00:00:00+00:00,0,0,49,192
202,099006341002,Olive Oil,Food / Consumables,6,12,EA,157,147,106,47,2026-09-23T00:00:00+00:00,0,0,47,153
203,099006341002,Olive Oil,Food / Consumables,6,12,EA,275,265,225,23,2026-09-23T00:00:00+00:00,0,0,23,248
205,099006341002,Olive Oil,Food / Consumables,6,12,EA,250,240,177,51,2026-09-23T00:00:00+00:00,0,0,51,228
207,099006341002,Olive Oil,Food / Consumables,6,12,EA,324,314,249,41,2026-09-23T00:00:00+00:00,0,0,41,290
101,099006448008,Long Grain Rice,Food / Consumables,6,12,EA,137,127,111,2,2026-09-23T00:00:00+00:00,0,0,2,113
102,099006448008,Long Grain Rice,Food / Consumables,6,12,EA,303,293,232,46,2026-09-23T00:00:00+00:00,0,0,46,278
103,099006448008,Long Grain Rice,Food / Consumables,6,12,EA,175,165,119,18,2026-09-23T00:00:00+00:00,0,0,18,137
105,099006448008,Long Grain Rice,Food / Consumables,6,12,EA,137,127,98,38,2026-09-23T00:00:00+00:00,0,0,38,136
106,099006448008,Long Grain Rice,Food / Consumables,6,12,EA,155,145,101,27,2026-09-23T00:00:00+00:00,0,0,27,128
108,099006448008,Long Grain Rice,Food / Consumables,6,12,EA,166,156,88,56,2026-09-23T00:00:00+00:00,0,0,56,144
201,099006448008,Long Grain Rice,Food / Consumables,6,12,EA,263,253,195,40,2026-09-23T00:00:00+00:00,0,0,40,235
202,099006448008,Long Grain Rice,Food / Consumables,6,12,EA,90,80,54,11,2026-09-23T00:00:00+00:00,0,0,11,65
204,099006448008,Long Grain Rice,Food / Consumables,6,12,EA,171,161,82,58,2026-09-23T00:00:00+00:00,0,0,58,140
205,099006448008,Long Grain Rice,Food / Consumables,6,12,EA,205,195,179,7,2026-09-23T00:00:00+00:00,0,0,7,186
207,099006448008,Long Grain Rice,Food / Consumables,6,12,EA,68,58,37,15,2026-09-23T00:00:00+00:00,0,0,15,52
208,099006448008,Long Grain Rice,Food / Consumables,6,12,EA,270,260,243,17,2026-09-23T00:00:00+00:00,0,0,17,260
101,099006555003,Spaghetti Pasta,Food / Consumables,12,24,EA,274,264,226,43,2026-09-23T00:00:00+00:00,0,0,43,269
102,099006555003,Spaghetti Pasta,Food / Consumables,12,24,EA,157,147,108,47,2026-09-23T00:00:00+00:00,0,0,47,155
103,099006555003,Spaghetti Pasta,Food / Consumables,12,24,EA,118,108,52,46,2026-09-23T00:00:00+00:00,0,0,46,98
104,099006555003,Spaghetti Pasta,Food / Consumables,12,24,EA,130,120,79,22,2026-09-23T00:00:00+00:00,0,0,22,101
106,099006555003,Spaghetti Pasta,Food / Consumables,12,24,EA,243,233,174,43,2026-09-23T00:00:00+00:00,0,0,43,217
108,099006555003,Spaghetti Pasta,Food / Consumables,12,24,EA,266,256,224,20,2026-09-23T00:00:00+00:00,0,0,20,244
201,099006555003,Spaghetti Pasta,Food / Consumables,12,24,EA,229,219,183,24,2026-09-23T00:00:00+00:00,0,0,24,207
202,099006555003,Spaghetti Pasta,Food / Consumables,12,24,EA,133,123,96,26,2026-09-23T00:00:00+00:00,0,0,26,122
203,099006555003,Spaghetti Pasta,Food / Consumables,12,24,EA,276,266,212,46,2026-09-23T00:00:00+00:00,0,0,46,258
206,099006555003,Spaghetti Pasta,Food / Consumables,12,24,EA,257,247,192,38,2026-09-23T00:00:00+00:00,0,0,38,230
208,099006555003,Spaghetti Pasta,Food / Consumables,12,24,EA,89,79,32,51,2026-09-23T00:00:00+00:00,0,0,51,83
102,099006662008,Macaroni and Cheese,Food / Consumables,12,24,EA,169,159,131,10,2026-09-23T00:00:00+00:00,0,0,10,141
103,099006662008,Macaroni and Cheese,Food / Consumables,12,24,EA,302,292,242,34,2026-09-23T00:00:00+00:00,0,0,34,276
105,099006662008,Macaroni and Cheese,Food / Consumables,12,24,EA,110,100,59,51,2026-09-23T00:00:00+00:00,0,0,51,110
106,099006662008,Macaroni and Cheese,Food / Consumables,12,24,EA,123,113,69,27,2026-09-23T00:00:00+00:00,0,0,27,96
108,099006662008,Macaroni and Cheese,Food / Consumables,12,24,EA,140,130,83,51,2026-09-23T00:00:00+00:00,0,0,51,134
201,099006662008,Macaroni and Cheese,Food / Consumables,12,24,EA,228,218,189,17,2026-09-23T00:00:00+00:00,0,0,17,206
202,099006662008,Macaroni and Cheese,Food / Consumables,12,24,EA,288,278,235,38,2026-09-23T00:00:00+00:00,0,0,38,273
203,099006662008,Macaroni and Cheese,Food / Consumables,12,24,EA,206,196,124,48,2026-09-23T00:00:00+00:00,0,0,48,172
204,099006662008,Macaroni and Cheese,Food / Consumables,12,24,EA,151,141,139,9,2026-09-23T00:00:00+00:00,0,0,9,148
205,099006662008,Macaroni and Cheese,Food / Consumables,12,24,EA,178,168,159,8,2026-09-23T00:00:00+00:00,0,0,8,167
206,099006662008,Macaroni and Cheese,Food / Consumables,12,24,EA,149,139,133,5,2026-09-23T00:00:00+00:00,0,0,5,138
207,099006662008,Macaroni and Cheese,Food / Consumables,12,24,EA,188,178,113,45,2026-09-23T00:00:00+00:00,0,0,45,158
208,099006662008,Macaroni and Cheese,Food / Consumables,12,24,EA,225,215,198,13,2026-09-23T00:00:00+00:00,0,0,13,211
102,099006769004,Pancake Mix,Food / Consumables,6,12,EA,197,187,154,4,2026-09-23T00:00:00+00:00,0,0,4,158
105,099006769004,Pancake Mix,Food / Consumables,6,12,EA,117,107,43,42,2026-09-23T00:00:00+00:00,0,0,42,85
106,099006769004,Pancake Mix,Food / Consumables,6,12,EA,180,170,158,15,2026-09-23T00:00:00+00:00,0,0,15,173
107,099006769004,Pancake Mix,Food / Consumables,6,12,EA,114,104,65,20,2026-09-23T00:00:00+00:00,0,0,20,85
108,099006769004,Pancake Mix,Food / Consumables,6,12,EA,183,173,147,33,2026-09-23T00:00:00+00:00,0,0,33,180
201,099006769004,Pancake Mix,Food / Consumables,6,12,EA,284,274,202,49,2026-09-23T00:00:00+00:00,0,0,49,251
203,099006769004,Pancake Mix,Food / Consumables,6,12,EA,306,296,241,38,2026-09-23T00:00:00+00:00,0,0,38,279
204,099006769004,Pancake Mix,Food / Consumables,6,12,EA,224,214,184,20,2026-09-23T00:00:00+00:00,0,0,20,204
206,099006769004,Pancake Mix,Food / Consumables,6,12,EA,206,196,151,46,2026-09-23T00:00:00+00:00,0,0,46,197
101,099006876009,All Purpose Flour,Food / Consumables,6,12,EA,94,84,37,23,2026-09-23T00:00:00+00:00,0,0,23,60
102,099006876009,All Purpose Flour,Food / Consumables,6,12,EA,225,215,190,5,2026-09-23T00:00:00+00:00,0,0,5,195
103,099006876009,All Purpose Flour,Food / Consumables,6,12,EA,266,256,226,31,2026-09-23T00:00:00+00:00,0,0,31,257
105,099006876009,All Purpose Flour,Food / Consumables,6,12,EA,232,222,200,1,2026-09-23T00:00:00+00:00,0,0,1,201
106,099006876009,All Purpose Flour,Food / Consumables,6,12,EA,287,277,202,59,2026-09-23T00:00:00+00:00,0,0,59,261
107,099006876009,All Purpose Flour,Food / Consumables,6,12,EA,171,161,146,11,2026-09-23T00:00:00+00:00,0,0,11,157
201,099006876009,All Purpose Flour,Food / Consumables,6,12,EA,105,95,27,45,2026-09-23T00:00:00+00:00,0,0,45,72
202,099006876009,All Purpose Flour,Food / Consumables,6,12,EA,182,172,134,41,2026-09-23T00:00:00+00:00,0,0,41,175
203,099006876009,All Purpose Flour,Food / Consumables,6,12,EA,155,145,98,34,2026-09-23T00:00:00+00:00,0,0,34,132
205,099006876009,All Purpose Flour,Food / Consumables,6,12,EA,115,105,106,9,2026-09-23T00:00:00+00:00,0,0,9,115
207,099006876009,All Purpose Flour,Food / Consumables,6,12,EA,210,200,178,9,2026-09-23T00:00:00+00:00,0,0,9,187
208,099006876009,All Purpose Flour,Food / Consumables,6,12,EA,65,55,48,7,2026-09-23T00:00:00+00:00,0,0,7,55
102,099006983004,Granulated Sugar,Food / Consumables,6,12,EA,82,72,70,10,2026-09-23T00:00:00+00:00,0,0,10,80
103,099006983004,Granulated Sugar,Food / Consumables,6,12,EA,118,108,96,5,2026-09-23T00:00:00+00:00,0,0,5,101
104,099006983004,Granulated Sugar,Food / Consumables,6,12,EA,271,261,224,18,2026-09-23T00:00:00+00:00,0,0,18,242
106,099006983004,Granulated Sugar,Food / Consumables,6,12,EA,140,130,65,38,2026-09-23T00:00:00+00:00,0,0,38,103
203,099006983004,Granulated Sugar,Food / Consumables,6,12,EA,48,38,32,9,2026-09-23T00:00:00+00:00,0,0,9,41
204,099006983004,Granulated Sugar,Food / Consumables,6,12,EA,256,246,246,0,2026-09-23T00:00:00+00:00,0,0,0,246
206,099006983004,Granulated Sugar,Food / Consumables,6,12,EA,39,29,26,0,2026-09-23T00:00:00+00:00,0,0,0,26
207,099006983004,Granulated Sugar,Food / Consumables,6,12,EA,227,217,208,7,2026-09-23T00:00:00+00:00,0,0,7,215
208,099006983004,Granulated Sugar,Food / Consumables,6,12,EA,288,278,246,41,2026-09-23T00:00:00+00:00,0,0,41,287
102,099007090008,Maple Syrup,Food / Consumables,6,12,EA,289,279,245,13,2026-09-23T00:00:00+00:00,0,0,13,258
103,099007090008,Maple Syrup,Food / Consumables,6,12,EA,296,286,242,28,2026-09-23T00:00:00+00:00,0,0,28,270
104,099007090008,Maple Syrup,Food / Consumables,6,12,EA,97,87,74,17,2026-09-23T00:00:00+00:00,0,0,17,91
106,099007090008,Maple Syrup,Food / Consumables,6,12,EA,149,139,132,5,2026-09-23T00:00:00+00:00,0,0,5,137
107,099007090008,Maple Syrup,Food / Consumables,6,12,EA,206,196,176,1,2026-09-23T00:00:00+00:00,0,0,1,177
108,099007090008,Maple Syrup,Food / Consumables,6,12,EA,152,142,91,23,2026-09-23T00:00:00+00:00,0,0,23,114
203,099007090008,Maple Syrup,Food / Consumables,6,12,EA,231,221,174,20,2026-09-23T00:00:00+00:00,0,0,20,194
205,099007090008,Maple Syrup,Food / Consumables,6,12,EA,337,327,248,54,2026-09-23T00:00:00+00:00,0,0,54,302
206,099007090008,Maple Syrup,Food / Consumables,6,12,EA,184,174,178,4,2026-09-23T00:00:00+00:00,0,0,4,182
207,099007090008,Maple Syrup,Food / Consumables,6,12,EA,227,217,196,31,2026-09-23T00:00:00+00:00,0,0,31,227
208,099007090008,Maple Syrup,Food / Consumables,6,12,EA,232,222,221,10,2026-09-23T00:00:00+00:00,0,0,10,231
102,099007197004,Wildflower Honey,Food / Consumables,6,12,EA,199,189,131,57,2026-09-23T00:00:00+00:00,0,0,57,188
104,099007197004,Wildflower Honey,Food / Consumables,6,12,EA,69,59,22,14,2026-09-23T00:00:00+00:00,0,0,14,36
106,099007197004,Wildflower Honey,Food / Consumables,6,12,EA,261,251,215,39,2026-09-23T00:00:00+00:00,0,0,39,254
107,099007197004,Wildflower Honey,Food / Consumables,6,12,EA,294,284,223,39,2026-09-23T00:00:00+00:00,0,0,39,262
108,099007197004,Wildflower Honey,Food / Consumables,6,12,EA,180,170,164,10,2026-09-23T00:00:00+00:00,0,0,10,174
202,099007197004,Wildflower Honey,Food / Consumables,6,12,EA,175,165,128,12,2026-09-23T00:00:00+00:00,0,0,12,140
203,099007197004,Wildflower Honey,Food / Consumables,6,12,EA,249,239,192,40,2026-09-23T00:00:00+00:00,0,0,40,232
206,099007197004,Wildflower Honey,Food / Consumables,6,12,EA,205,195,155,24,2026-09-23T00:00:00+00:00,0,0,24,179
208,099007197004,Wildflower Honey,Food / Consumables,6,12,EA,201,191,114,57,2026-09-23T00:00:00+00:00,0,0,57,171
101,099007204009,Strawberry Jam,Food / Consumables,6,12,EA,139,129,72,53,2026-09-23T00:00:00+00:00,0,0,53,125
102,099007204009,Strawberry Jam,Food / Consumables,6,12,EA,212,202,132,47,2026-09-23T00:00:00+00:00,0,0,47,179
103,099007204009,Strawberry Jam,Food / Consumables,6,12,EA,104,94,77,13,2026-09-23T00:00:00+00:00,0,0,13,90
104,099007204009,Strawberry Jam,Food / Consumables,6,12,EA,337,327,249,59,2026-09-23T00:00:00+00:00,0,0,59,308
105,099007204009,Strawberry Jam,Food / Consumables,6,12,EA,70,60,29,10,2026-09-23T00:00:00+00:00,0,0,10,39
106,099007204009,Strawberry Jam,Food / Consumables,6,12,EA,250,240,161,53,2026-09-23T00:00:00+00:00,0,0,53,214
107,099007204009,Strawberry Jam,Food / Consumables,6,12,EA,114,104,99,10,2026-09-23T00:00:00+00:00,0,0,10,109
108,099007204009,Strawberry Jam,Food / Consumables,6,12,EA,306,296,210,59,2026-09-23T00:00:00+00:00,0,0,59,269
201,099007204009,Strawberry Jam,Food / Consumables,6,12,EA,67,57,31,25,2026-09-23T00:00:00+00:00,0,0,25,56
202,099007204009,Strawberry Jam,Food / Consumables,6,12,EA,125,115,65,59,2026-09-23T00:00:00+00:00,0,0,59,124
204,099007204009,Strawberry Jam,Food / Consumables,6,12,EA,285,275,214,40,2026-09-23T00:00:00+00:00,0,0,40,254
205,099007204009,Strawberry Jam,Food / Consumables,6,12,EA,120,110,58,26,2026-09-23T00:00:00+00:00,0,0,26,84
206,099007204009,Strawberry Jam,Food / Consumables,6,12,EA,206,196,191,1,2026-09-23T00:00:00+00:00,0,0,1,192
208,099007204009,Strawberry Jam,Food / Consumables,6,12,EA,169,159,135,17,2026-09-23T00:00:00+00:00,0,0,17,152
101,099007311004,Almond Butter,Food / Consumables,6,12,EA,98,88,25,49,2026-09-23T00:00:00+00:00,0,0,49,74
102,099007311004,Almond Butter,Food / Consumables,6,12,EA,292,282,210,59,2026-09-23T00:00:00+00:00,0,0,59,269
104,099007311004,Almond Butter,Food / Consumables,6,12,EA,139,129,84,52,2026-09-23T00:00:00+00:00,0,0,52,136
105,099007311004,Almond Butter,Food / Consumables,6,12,EA,103,93,37,54,2026-09-23T00:00:00+00:00,0,0,54,91
106,099007311004,Almond Butter,Food / Consumables,6,12,EA,121,111,90,22,2026-09-23T00:00:00+00:00,0,0,22,112
108,099007311004,Almond Butter,Food / Consumables,6,12,EA,87,77,33,25,2026-09-23T00:00:00+00:00,0,0,25,58
201,099007311004,Almond Butter,Food / Consumables,6,12,EA,154,144,84,56,2026-09-23T00:00:00+00:00,0,0,56,140
204,099007311004,Almond Butter,Food / Consumables,6,12,EA,197,187,117,43,2026-09-23T00:00:00+00:00,0,0,43,160
205,099007311004,Almond Butter,Food / Consumables,6,12,EA,70,60,33,4,2026-09-23T00:00:00+00:00,0,0,4,37
208,099007311004,Almond Butter,Food / Consumables,6,12,EA,227,217,164,29,2026-09-23T00:00:00+00:00,0,0,29,193
101,099007418000,Granola,Food / Consumables,6,12,EA,156,146,144,9,2026-09-23T00:00:00+00:00,0,0,9,153
102,099007418000,Granola,Food / Consumables,6,12,EA,157,147,111,23,2026-09-23T00:00:00+00:00,0,0,23,134
103,099007418000,Granola,Food / Consumables,6,12,EA,54,44,26,25,2026-09-23T00:00:00+00:00,0,0,25,51
104,099007418000,Granola,Food / Consumables,6,12,EA,177,167,120,55,2026-09-23T00:00:00+00:00,0,0,55,175
105,099007418000,Granola,Food / Consumables,6,12,EA,86,76,49,27,2026-09-23T00:00:00+00:00,0,0,27,76
106,099007418000,Granola,Food / Consumables,6,12,EA,120,110,106,3,2026-09-23T00:00:00+00:00,0,0,3,109
107,099007418000,Granola,Food / Consumables,6,12,EA,107,97,25,49,2026-09-23T00:00:00+00:00,0,0,49,74
108,099007418000,Granola,Food / Consumables,6,12,EA,183,173,116,59,2026-09-23T00:00:00+00:00,0,0,59,175
202,099007418000,Granola,Food / Consumables,6,12,EA,246,236,182,37,2026-09-23T00:00:00+00:00,0,0,37,219
203,099007418000,Granola,Food / Consumables,6,12,EA,255,245,203,31,2026-09-23T00:00:00+00:00,0,0,31,234
205,099007418000,Granola,Food / Consumables,6,12,EA,263,253,237,26,2026-09-23T00:00:00+00:00,0,0,26,263
206,099007418000,Granola,Food / Consumables,6,12,EA,188,178,165,1,2026-09-23T00:00:00+00:00,0,0,1,166
207,099007418000,Granola,Food / Consumables,6,12,EA,239,229,202,28,2026-09-23T00:00:00+00:00,0,0,28,230
208,099007418000,Granola,Food / Consumables,6,12,EA,183,173,140,38,2026-09-23T00:00:00+00:00,0,0,38,178
101,099007525005,Corn Flakes Cereal,Food / Consumables,6,12,EA,196,186,135,59,2026-09-23T00:00:00+00:00,0,0,59,194
102,099007525005,Corn Flakes Cereal,Food / Consumables,6,12,EA,54,44,32,6,2026-09-23T00:00:00+00:00,0,0,6,38
103,099007525005,Corn Flakes Cereal,Food / Consumables,6,12,EA,213,203,158,36,2026-09-23T00:00:00+00:00,0,0,36,194
104,099007525005,Corn Flakes Cereal,Food / Consumables,6,12,EA,236,226,212,11,2026-09-23T00:00:00+00:00,0,0,11,223
105,099007525005,Corn Flakes Cereal,Food / Consumables,6,12,EA,174,164,134,25,2026-09-23T00:00:00+00:00,0,0,25,159
107,099007525005,Corn Flakes Cereal,Food / Consumables,6,12,EA,228,218,190,20,2026-09-23T00:00:00+00:00,0,0,20,210
108,099007525005,Corn Flakes Cereal,Food / Consumables,6,12,EA,249,239,179,47,2026-09-23T00:00:00+00:00,0,0,47,226
202,099007525005,Corn Flakes Cereal,Food / Consumables,6,12,EA,244,234,179,44,2026-09-23T00:00:00+00:00,0,0,44,223
203,099007525005,Corn Flakes Cereal,Food / Consumables,6,12,EA,140,130,100,8,2026-09-23T00:00:00+00:00,0,0,8,108
204,099007525005,Corn Flakes Cereal,Food / Consumables,6,12,EA,138,128,96,27,2026-09-23T00:00:00+00:00,0,0,27,123
205,099007525005,Corn Flakes Cereal,Food / Consumables,6,12,EA,130,120,82,36,2026-09-23T00:00:00+00:00,0,0,36,118
207,099007525005,Corn Flakes Cereal,Food / Consumables,6,12,EA,196,186,113,50,2026-09-23T00:00:00+00:00,0,0,50,163
101,099007632000,Instant Oatmeal,Food / Consumables,6,12,EA,78,68,40,22,2026-09-23T00:00:00+00:00,0,0,22,62
102,099007632000,Instant Oatmeal,Food / Consumables,6,12,EA,138,128,89,38,2026-09-23T00:00:00+00:00,0,0,38,127
104,099007632000,Instant Oatmeal,Food / Consumables,6,12,EA,133,123,89,43,2026-09-23T00:00:00+00:00,0,0,43,132
106,099007632000,Instant Oatmeal,Food / Consumables,6,12,EA,79,69,47,24,2026-09-23T00:00:00+00:00,0,0,24,71
107,099007632000,Instant Oatmeal,Food / Consumables,6,12,EA,170,160,137,33,2026-09-23T00:00:00+00:00,0,0,33,170
108,099007632000,Instant Oatmeal,Food / Consumables,6,12,EA,70,60,51,5,2026-09-23T00:00:00+00:00,0,0,5,56
201,099007632000,Instant Oatmeal,Food / Consumables,6,12,EA,112,102,45,54,2026-09-23T00:00:00+00:00,0,0,54,99
203,099007632000,Instant Oatmeal,Food / Consumables,6,12,EA,93,83,37,50,2026-09-23T00:00:00+00:00,0,0,50,87
205,099007632000,Instant Oatmeal,Food / Consumables,6,12,EA,256,246,180,50,2026-09-23T00:00:00+00:00,0,0,50,230
206,099007632000,Instant Oatmeal,Food / Consumables,6,12,EA,188,178,138,15,2026-09-23T00:00:00+00:00,0,0,15,153
207,099007632000,Instant Oatmeal,Food / Consumables,6,12,EA,129,119,63,56,2026-09-23T00:00:00+00:00,0,0,56,119
101,099007739006,Tortilla Chips,Food / Consumables,6,12,EA,65,55,62,0,2026-09-23T00:00:00+00:00,0,0,0,62
102,099007739006,Tortilla Chips,Food / Consumables,6,12,EA,312,302,229,54,2026-09-23T00:00:00+00:00,0,0,54,283
103,099007739006,Tortilla Chips,Food / Consumables,6,12,EA,180,170,141,21,2026-09-23T00:00:00+00:00,0,0,21,162
105,099007739006,Tortilla Chips,Food / Consumables,6,12,EA,217,207,152,40,2026-09-23T00:00:00+00:00,0,0,40,192
106,099007739006,Tortilla Chips,Food / Consumables,6,12,EA,163,153,102,54,2026-09-23T00:00:00+00:00,0,0,54,156
107,099007739006,Tortilla Chips,Food / Consumables,6,12,EA,258,248,207,18,2026-09-23T00:00:00+00:00,0,0,18,225
203,099007739006,Tortilla Chips,Food / Consumables,6,12,EA,196,186,185,7,2026-09-23T00:00:00+00:00,0,0,7,192
204,099007739006,Tortilla Chips,Food / Consumables,6,12,EA,304,294,232,55,2026-09-23T00:00:00+00:00,0,0,55,287
205,099007739006,Tortilla Chips,Food / Consumables,6,12,EA,241,231,213,18,2026-09-23T00:00:00+00:00,0,0,18,231
206,099007739006,Tortilla Chips,Food / Consumables,6,12,EA,238,228,142,59,2026-09-23T00:00:00+00:00,0,0,59,201
207,099007739006,Tortilla Chips,Food / Consumables,6,12,EA,269,259,235,22,2026-09-23T00:00:00+00:00,0,0,22,257
101,099007846001,Potato Chips,Food / Consumables,6,12,EA,194,184,179,14,2026-09-23T00:00:00+00:00,0,0,14,193
103,099007846001,Potato Chips,Food / Consumables,6,12,EA,192,182,165,15,2026-09-23T00:00:00+00:00,0,0,15,180
106,099007846001,Potato Chips,Food / Consumables,6,12,EA,306,296,224,55,2026-09-23T00:00:00+00:00,0,0,55,279
107,099007846001,Potato Chips,Food / Consumables,6,12,EA,143,133,86,29,2026-09-23T00:00:00+00:00,0,0,29,115
108,099007846001,Potato Chips,Food / Consumables,6,12,EA,272,262,247,15,2026-09-23T00:00:00+00:00,0,0,15,262
201,099007846001,Potato Chips,Food / Consumables,6,12,EA,176,166,123,20,2026-09-23T00:00:00+00:00,0,0,20,143
202,099007846001,Potato Chips,Food / Consumables,6,12,EA,218,208,210,6,2026-09-23T00:00:00+00:00,0,0,6,216
203,099007846001,Potato Chips,Food / Consumables,6,12,EA,159,149,123,16,2026-09-23T00:00:00+00:00,0,0,16,139
204,099007846001,Potato Chips,Food / Consumables,6,12,EA,136,126,72,59,2026-09-23T00:00:00+00:00,0,0,59,131
205,099007846001,Potato Chips,Food / Consumables,6,12,EA,264,254,207,53,2026-09-23T00:00:00+00:00,0,0,53,260
206,099007846001,Potato Chips,Food / Consumables,6,12,EA,298,288,204,57,2026-09-23T00:00:00+00:00,0,0,57,261
207,099007846001,Potato Chips,Food / Consumables,6,12,EA,111,101,36,45,2026-09-23T00:00:00+00:00,0,0,45,81
208,099007846001,Potato Chips,Food / Consumables,6,12,EA,260,250,215,32,2026-09-23T00:00:00+00:00,0,0,32,247
101,099007953006,Pretzels,Food / Consumables,12,24,EA,140,130,102,8,2026-09-23T00:00:00+00:00,0,0,8,110
102,099007953006,Pretzels,Food / Consumables,12,24,EA,215,205,167,43,2026-09-23T00:00:00+00:00,0,0,43,210
103,099007953006,Pretzels,Food / Consumables,12,24,EA,70,60,20,30,2026-09-23T00:00:00+00:00,0,0,30,50
104,099007953006,Pretzels,Food / Consumables,12,24,EA,224,214,177,13,2026-09-23T00:00:00+00:00,0,0,13,190
105,099007953006,Pretzels,Food / Consumables,12,24,EA,216,206,204,0,2026-09-23T00:00:00+00:00,0,0,0,204
107,099007953006,Pretzels,Food / Consumables,12,24,EA,173,163,114,57,2026-09-23T00:00:00+00:00,0,0,57,171
108,099007953006,Pretzels,Food / Consumables,12,24,EA,121,111,98,22,2026-09-23T00:00:00+00:00,0,0,22,120
201,099007953006,Pretzels,Food / Consumables,12,24,EA,255,245,184,47,2026-09-23T00:00:00+00:00,0,0,47,231
202,099007953006,Pretzels,Food / Consumables,12,24,EA,192,182,160,12,2026-09-23T00:00:00+00:00,0,0,12,172
204,099007953006,Pretzels,Food / Consumables,12,24,EA,111,101,86,5,2026-09-23T00:00:00+00:00,0,0,5,91
205,099007953006,Pretzels,Food / Consumables,12,24,EA,210,200,119,54,2026-09-23T00:00:00+00:00,0,0,54,173
206,099007953006,Pretzels,Food / Consumables,12,24,EA,257,247,205,41,2026-09-23T00:00:00+00:00,0,0,41,246
208,099007953006,Pretzels,Food / Consumables,12,24,EA,168,158,135,5,2026-09-23T00:00:00+00:00,0,0,5,140
102,099008060000,Microwave Popcorn,Food / Consumables,6,12,EA,188,178,134,22,2026-09-23T00:00:00+00:00,0,0,22,156
103,099008060000,Microwave Popcorn,Food / Consumables,6,12,EA,233,223,162,38,2026-09-23T00:00:00+00:00,0,0,38,200
108,099008060000,Microwave Popcorn,Food / Consumables,6,12,EA,222,212,195,14,2026-09-23T00:00:00+00:00,0,0,14,209
201,099008060000,Microwave Popcorn,Food / Consumables,6,12,EA,116,106,52,25,2026-09-23T00:00:00+00:00,0,0,25,77
202,099008060000,Microwave Popcorn,Food / Consumables,6,12,EA,170,160,147,0,2026-09-23T00:00:00+00:00,0,0,0,147
203,099008060000,Microwave Popcorn,Food / Consumables,6,12,EA,87,77,21,42,2026-09-23T00:00:00+00:00,0,0,42,63
205,099008060000,Microwave Popcorn,Food / Consumables,6,12,EA,282,272,240,13,2026-09-23T00:00:00+00:00,0,0,13,253
206,099008060000,Microwave Popcorn,Food / Consumables,6,12,EA,218,208,175,22,2026-09-23T00:00:00+00:00,0,0,22,197
101,099008167006,Saltine Crackers,Food / Consumables,12,24,EA,284,274,214,54,2026-09-23T00:00:00+00:00,0,0,54,268
103,099008167006,Saltine Crackers,Food / Consumables,12,24,EA,248,238,193,23,2026-09-23T00:00:00+00:00,0,0,23,216
104,099008167006,Saltine Crackers,Food / Consumables,12,24,EA,143,133,114,2,2026-09-23T00:00:00+00:00,0,0,2,116
105,099008167006,Saltine Crackers,Food / Consumables,12,24,EA,76,66,48,23,2026-09-23T00:00:00+00:00,0,0,23,71
107,099008167006,Saltine Crackers,Food / Consumables,12,24,EA,313,303,247,46,2026-09-23T00:00:00+00:00,0,0,46,293
108,099008167006,Saltine Crackers,Food / Consumables,12,24,EA,272,262,197,52,2026-09-23T00:00:00+00:00,0,0,52,249
201,099008167006,Saltine Crackers,Food / Consumables,12,24,EA,184,174,151,10,2026-09-23T00:00:00+00:00,0,0,10,161
202,099008167006,Saltine Crackers,Food / Consumables,12,24,EA,218,208,171,32,2026-09-23T00:00:00+00:00,0,0,32,203
203,099008167006,Saltine Crackers,Food / Consumables,12,24,EA,177,167,126,39,2026-09-23T00:00:00+00:00,0,0,39,165
204,099008167006,Saltine Crackers,Food / Consumables,12,24,EA,148,138,120,22,2026-09-23T00:00:00+00:00,0,0,22,142
205,099008167006,Saltine Crackers,Food / Consumables,12,24,EA,222,212,176,39,2026-09-23T00:00:00+00:00,0,0,39,215
206,099008167006,Saltine Crackers,Food / Consumables,12,24,EA,177,167,130,42,2026-09-23T00:00:00+00:00,0,0,42,172
207,099008167006,Saltine Crackers,Food / Consumables,12,24,EA,169,159,159,0,2026-09-23T00:00:00+00:00,0,0,0,159
208,099008167006,Saltine Crackers,Food / Consumables,12,24,EA,134,124,53,57,2026-09-23T00:00:00+00:00,0,0,57,110
101,099008274001,Hard Candy,Food / Consumables,12,24,EA,229,219,186,15,2026-09-23T00:00:00+00:00,0,0,15,201
104,099008274001,Hard Candy,Food / Consumables,12,24,EA,156,146,140,16,2026-09-23T00:00:00+00:00,0,0,16,156
106,099008274001,Hard Candy,Food / Consumables,12,24,EA,236,226,223,4,2026-09-23T00:00:00+00:00,0,0,4,227
107,099008274001,Hard Candy,Food / Consumables,12,24,EA,94,84,23,43,2026-09-23T00:00:00+00:00,0,0,43,66
201,099008274001,Hard Candy,Food / Consumables,12,24,EA,299,289,249,40,2026-09-23T00:00:00+00:00,0,0,40,289
205,099008274001,Hard Candy,Food / Consumables,12,24,EA,121,111,54,37,2026-09-23T00:00:00+00:00,0,0,37,91
206,099008274001,Hard Candy,Food / Consumables,12,24,EA,183,173,159,4,2026-09-23T00:00:00+00:00,0,0,4,163
207,099008274001,Hard Candy,Food / Consumables,12,24,EA,232,222,150,45,2026-09-23T00:00:00+00:00,0,0,45,195
208,099008274001,Hard Candy,Food / Consumables,12,24,EA,193,183,155,0,2026-09-23T00:00:00+00:00,0,0,0,155
102,099008381006,Chocolate Bars,Food / Consumables,12,24,EA,188,178,154,32,2026-09-23T00:00:00+00:00,0,0,32,186
103,099008381006,Chocolate Bars,Food / Consumables,12,24,EA,81,71,56,25,2026-09-23T00:00:00+00:00,0,0,25,81
104,099008381006,Chocolate Bars,Food / Consumables,12,24,EA,234,224,196,12,2026-09-23T00:00:00+00:00,0,0,12,208
105,099008381006,Chocolate Bars,Food / Consumables,12,24,EA,250,240,188,59,2026-09-23T00:00:00+00:00,0,0,59,247
107,099008381006,Chocolate Bars,Food / Consumables,12,24,EA,139,129,109,11,2026-09-23T00:00:00+00:00,0,0,11,120
108,099008381006,Chocolate Bars,Food / Consumables,12,24,EA,289,279,227,54,2026-09-23T00:00:00+00:00,0,0,54,281
201,099008381006,Chocolate Bars,Food / Consumables,12,24,EA,167,157,110,22,2026-09-23T00:00:00+00:00,0,0,22,132
202,099008381006,Chocolate Bars,Food / Consumables,12,24,EA,66,56,35,29,2026-09-23T00:00:00+00:00,0,0,29,64
203,099008381006,Chocolate Bars,Food / Consumables,12,24,EA,181,171,84,58,2026-09-23T00:00:00+00:00,0,0,58,142
204,099008381006,Chocolate Bars,Food / Consumables,12,24,EA,124,114,106,6,2026-09-23T00:00:00+00:00,0,0,6,112
205,099008381006,Chocolate Bars,Food / Consumables,12,24,EA,271,261,206,38,2026-09-23T00:00:00+00:00,0,0,38,244
206,099008381006,Chocolate Bars,Food / Consumables,12,24,EA,122,112,99,5,2026-09-23T00:00:00+00:00,0,0,5,104
208,099008381006,Chocolate Bars,Food / Consumables,12,24,EA,99,89,46,32,2026-09-23T00:00:00+00:00,0,0,32,78
101,099008488002,Gummy Candy,Food / Consumables,12,24,EA,279,269,245,5,2026-09-23T00:00:00+00:00,0,0,5,250
103,099008488002,Gummy Candy,Food / Consumables,12,24,EA,70,60,26,38,2026-09-23T00:00:00+00:00,0,0,38,64
106,099008488002,Gummy Candy,Food / Consumables,12,24,EA,277,267,238,24,2026-09-23T00:00:00+00:00,0,0,24,262
107,099008488002,Gummy Candy,Food / Consumables,12,24,EA,85,75,32,17,2026-09-23T00:00:00+00:00,0,0,17,49
108,099008488002,Gummy Candy,Food / Consumables,12,24,EA,310,300,247,29,2026-09-23T00:00:00+00:00,0,0,29,276
201,099008488002,Gummy Candy,Food / Consumables,12,24,EA,63,53,49,6,2026-09-23T00:00:00+00:00,0,0,6,55
202,099008488002,Gummy Candy,Food / Consumables,12,24,EA,138,128,49,57,2026-09-23T00:00:00+00:00,0,0,57,106
204,099008488002,Gummy Candy,Food / Consumables,12,24,EA,244,234,171,37,2026-09-23T00:00:00+00:00,0,0,37,208
205,099008488002,Gummy Candy,Food / Consumables,12,24,EA,119,109,56,44,2026-09-23T00:00:00+00:00,0,0,44,100
207,099008488002,Gummy Candy,Food / Consumables,12,24,EA,286,276,217,59,2026-09-23T00:00:00+00:00,0,0,59,276
208,099008488002,Gummy Candy,Food / Consumables,12,24,EA,278,268,209,32,2026-09-23T00:00:00+00:00,0,0,32,241
101,099008595007,Fruit Snacks,Food / Consumables,6,12,EA,89,79,58,0,2026-09-23T00:00:00+00:00,0,0,0,58
102,099008595007,Fruit Snacks,Food / Consumables,6,12,EA,268,258,193,54,2026-09-23T00:00:00+00:00,0,0,54,247
105,099008595007,Fruit Snacks,Food / Consumables,6,12,EA,143,133,110,20,2026-09-23T00:00:00+00:00,0,0,20,130
201,099008595007,Fruit Snacks,Food / Consumables,6,12,EA,165,155,99,53,2026-09-23T00:00:00+00:00,0,0,53,152
202,099008595007,Fruit Snacks,Food / Consumables,6,12,EA,222,212,146,40,2026-09-23T00:00:00+00:00,0,0,40,186
203,099008595007,Fruit Snacks,Food / Consumables,6,12,EA,266,256,216,16,2026-09-23T00:00:00+00:00,0,0,16,232
204,099008595007,Fruit Snacks,Food / Consumables,6,12,EA,277,267,198,56,2026-09-23T00:00:00+00:00,0,0,56,254
205,099008595007,Fruit Snacks,Food / Consumables,6,12,EA,283,273,194,55,2026-09-23T00:00:00+00:00,0,0,55,249
206,099008595007,Fruit Snacks,Food / Consumables,6,12,EA,55,45,24,1,2026-09-23T00:00:00+00:00,0,0,1,25
207,099008595007,Fruit Snacks,Food / Consumables,6,12,EA,271,261,187,51,2026-09-23T00:00:00+00:00,0,0,51,238
208,099008595007,Fruit Snacks,Food / Consumables,6,12,EA,218,208,135,52,2026-09-23T00:00:00+00:00,0,0,52,187
101,099008602002,Orange Juice,Food / Consumables,6,12,EA,176,166,129,33,2026-09-23T00:00:00+00:00,0,0,33,162
102,099008602002,Orange Juice,Food / Consumables,6,12,EA,122,112,73,43,2026-09-23T00:00:00+00:00,0,0,43,116
103,099008602002,Orange Juice,Food / Consumables,6,12,EA,256,246,194,38,2026-09-23T00:00:00+00:00,0,0,38,232
104,099008602002,Orange Juice,Food / Consumables,6,12,EA,166,156,107,35,2026-09-23T00:00:00+00:00,0,0,35,142
105,099008602002,Orange Juice,Food / Consumables,6,12,EA,239,229,235,2,2026-09-23T00:00:00+00:00,0,0,2,237
201,099008602002,Orange Juice,Food / Consumables,6,12,EA,206,196,146,27,2026-09-23T00:00:00+00:00,0,0,27,173
202,099008602002,Orange Juice,Food / Consumables,6,12,EA,127,117,75,24,2026-09-23T00:00:00+00:00,0,0,24,99
205,099008602002,Orange Juice,Food / Consumables,6,12,EA,180,170,115,35,2026-09-23T00:00:00+00:00,0,0,35,150
207,099008602002,Orange Juice,Food / Consumables,6,12,EA,170,160,128,42,2026-09-23T00:00:00+00:00,0,0,42,170
208,099008602002,Orange Juice,Food / Consumables,6,12,EA,226,216,185,27,2026-09-23T00:00:00+00:00,0,0,27,212
101,099008709008,Apple Juice,Food / Consumables,6,12,EA,196,186,170,16,2026-09-23T00:00:00+00:00,0,0,16,186
102,099008709008,Apple Juice,Food / Consumables,6,12,EA,279,269,184,57,2026-09-23T00:00:00+00:00,0,0,57,241
103,099008709008,Apple Juice,Food / Consumables,6,12,EA,294,284,223,58,2026-09-23T00:00:00+00:00,0,0,58,281
104,099008709008,Apple Juice,Food / Consumables,6,12,EA,150,140,92,42,2026-09-23T00:00:00+00:00,0,0,42,134
105,099008709008,Apple Juice,Food / Consumables,6,12,EA,165,155,132,24,2026-09-23T00:00:00+00:00,0,0,24,156
106,099008709008,Apple Juice,Food / Consumables,6,12,EA,82,72,28,26,2026-09-23T00:00:00+00:00,0,0,26,54
107,099008709008,Apple Juice,Food / Consumables,6,12,EA,191,181,162,8,2026-09-23T00:00:00+00:00,0,0,8,170
108,099008709008,Apple Juice,Food / Consumables,6,12,EA,110,100,39,58,2026-09-23T00:00:00+00:00,0,0,58,97
201,099008709008,Apple Juice,Food / Consumables,6,12,EA,190,180,171,11,2026-09-23T00:00:00+00:00,0,0,11,182
202,099008709008,Apple Juice,Food / Consumables,6,12,EA,161,151,104,44,2026-09-23T00:00:00+00:00,0,0,44,148
206,099008709008,Apple Juice,Food / Consumables,6,12,EA,178,168,111,29,2026-09-23T00:00:00+00:00,0,0,29,140
207,099008709008,Apple Juice,Food / Consumables,6,12,EA,301,291,242,28,2026-09-23T00:00:00+00:00,0,0,28,270
208,099008709008,Apple Juice,Food / Consumables,6,12,EA,98,88,65,12,2026-09-23T00:00:00+00:00,0,0,12,77
102,099008816003,Green Tea,Food / Consumables,6,12,EA,198,188,153,45,2026-09-23T00:00:00+00:00,0,0,45,198
103,099008816003,Green Tea,Food / Consumables,6,12,EA,209,199,140,33,2026-09-23T00:00:00+00:00,0,0,33,173
104,099008816003,Green Tea,Food / Consumables,6,12,EA,224,214,210,4,2026-09-23T00:00:00+00:00,0,0,4,214
105,099008816003,Green Tea,Food / Consumables,6,12,EA,209,199,135,44,2026-09-23T00:00:00+00:00,0,0,44,179
106,099008816003,Green Tea,Food / Consumables,6,12,EA,271,261,238,7,2026-09-23T00:00:00+00:00,0,0,7,245
107,099008816003,Green Tea,Food / Consumables,6,12,EA,245,235,169,49,2026-09-23T00:00:00+00:00,0,0,49,218
108,099008816003,Green Tea,Food / Consumables,6,12,EA,241,231,216,16,2026-09-23T00:00:00+00:00,0,0,16,232
201,099008816003,Green Tea,Food / Consumables,6,12,EA,58,48,23,28,2026-09-23T00:00:00+00:00,0,0,28,51
202,099008816003,Green Tea,Food / Consumables,6,12,EA,209,199,153,29,2026-09-23T00:00:00+00:00,0,0,29,182
204,099008816003,Green Tea,Food / Consumables,6,12,EA,69,59,42,7,2026-09-23T00:00:00+00:00,0,0,7,49
205,099008816003,Green Tea,Food / Consumables,6,12,EA,133,123,56,49,2026-09-23T00:00:00+00:00,0,0,49,105
206,099008816003,Green Tea,Food / Consumables,6,12,EA,206,196,154,13,2026-09-23T00:00:00+00:00,0,0,13,167
207,099008816003,Green Tea,Food / Consumables,6,12,EA,139,129,50,59,2026-09-23T00:00:00+00:00,0,0,59,109
208,099008816003,Green Tea,Food / Consumables,6,12,EA,79,69,23,39,2026-09-23T00:00:00+00:00,0,0,39,62
101,099008923008,Ground Coffee,Food / Consumables,6,12,EA,240,230,195,17,2026-09-23T00:00:00+00:00,0,0,17,212
103,099008923008,Ground Coffee,Food / Consumables,6,12,EA,183,173,155,24,2026-09-23T00:00:00+00:00,0,0,24,179
104,099008923008,Ground Coffee,Food / Consumables,6,12,EA,92,82,67,3,2026-09-23T00:00:00+00:00,0,0,3,70
105,099008923008,Ground Coffee,Food / Consumables,6,12,EA,290,280,230,40,2026-09-23T00:00:00+00:00,0,0,40,270
107,099008923008,Ground Coffee,Food / Consumables,6,12,EA,125,115,51,58,2026-09-23T00:00:00+00:00,0,0,58,109
108,099008923008,Ground Coffee,Food / Consumables,6,12,EA,136,126,78,47,2026-09-23T00:00:00+00:00,0,0,47,125
201,099008923008,Ground Coffee,Food / Consumables,6,12,EA,206,196,144,37,2026-09-23T00:00:00+00:00,0,0,37,181
202,099008923008,Ground Coffee,Food / Consumables,6,12,EA,209,199,122,55,2026-09-23T00:00:00+00:00,0,0,55,177
203,099008923008,Ground Coffee,Food / Consumables,6,12,EA,51,41,27,15,2026-09-23T00:00:00+00:00,0,0,15,42
205,099008923008,Ground Coffee,Food / Consumables,6,12,EA,142,132,81,40,2026-09-23T00:00:00+00:00,0,0,40,121
206,099008923008,Ground Coffee,Food / Consumables,6,12,EA,229,219,158,40,2026-09-23T00:00:00+00:00,0,0,40,198
207,099008923008,Ground Coffee,Food / Consumables,6,12,EA,201,191,124,46,2026-09-23T00:00:00+00:00,0,0,46,170
101,099009030002,Sports Drink,Food / Consumables,12,24,EA,202,192,188,4,2026-09-23T00:00:00+00:00,0,0,4,192
102,099009030002,Sports Drink,Food / Consumables,12,24,EA,90,80,60,19,2026-09-23T00:00:00+00:00,0,0,19,79
103,099009030002,Sports Drink,Food / Consumables,12,24,EA,112,102,55,47,2026-09-23T00:00:00+00:00,0,0,47,102
105,099009030002,Sports Drink,Food / Consumables,12,24,EA,155,145,132,9,2026-09-23T00:00:00+00:00,0,0,9,141
106,099009030002,Sports Drink,Food / Consumables,12,24,EA,227,217,163,57,2026-09-23T00:00:00+00:00,0,0,57,220
107,099009030002,Sports Drink,Food / Consumables,12,24,EA,307,297,235,39,2026-09-23T00:00:00+00:00,0,0,39,274
108,099009030002,Sports Drink,Food / Consumables,12,24,EA,61,51,57,2,2026-09-23T00:00:00+00:00,0,0,2,59
202,099009030002,Sports Drink,Food / Consumables,12,24,EA,114,104,58,55,2026-09-23T00:00:00+00:00,0,0,55,113
203,099009030002,Sports Drink,Food / Consumables,12,24,EA,89,79,24,32,2026-09-23T00:00:00+00:00,0,0,32,56
204,099009030002,Sports Drink,Food / Consumables,12,24,EA,136,126,83,35,2026-09-23T00:00:00+00:00,0,0,35,118
205,099009030002,Sports Drink,Food / Consumables,12,24,EA,259,249,197,49,2026-09-23T00:00:00+00:00,0,0,49,246
206,099009030002,Sports Drink,Food / Consumables,12,24,EA,255,245,179,59,2026-09-23T00:00:00+00:00,0,0,59,238
207,099009030002,Sports Drink,Food / Consumables,12,24,EA,169,159,117,25,2026-09-23T00:00:00+00:00,0,0,25,142
208,099009030002,Sports Drink,Food / Consumables,12,24,EA,134,124,113,5,2026-09-23T00:00:00+00:00,0,0,5,118
104,099009137008,Protein Powder,Food / Consumables,6,12,EA,229,219,160,34,2026-09-23T00:00:00+00:00,0,0,34,194
105,099009137008,Protein Powder,Food / Consumables,6,12,EA,204,194,135,34,2026-09-23T00:00:00+00:00,0,0,34,169
106,099009137008,Protein Powder,Food / Consumables,6,12,EA,210,200,166,33,2026-09-23T00:00:00+00:00,0,0,33,199
107,099009137008,Protein Powder,Food / Consumables,6,12,EA,188,178,161,11,2026-09-23T00:00:00+00:00,0,0,11,172
108,099009137008,Protein Powder,Food / Consumables,6,12,EA,202,192,121,48,2026-09-23T00:00:00+00:00,0,0,48,169
201,099009137008,Protein Powder,Food / Consumables,6,12,EA,275,265,211,51,2026-09-23T00:00:00+00:00,0,0,51,262
204,099009137008,Protein Powder,Food / Consumables,6,12,EA,103,93,27,56,2026-09-23T00:00:00+00:00,0,0,56,83
205,099009137008,Protein Powder,Food / Consumables,6,12,EA,269,259,187,56,2026-09-23T00:00:00+00:00,0,0,56,243
206,099009137008,Protein Powder,Food / Consumables,6,12,EA,219,209,167,21,2026-09-23T00:00:00+00:00,0,0,21,188
102,099009244003,Infant Cereal,Food / Consumables,6,12,EA,178,168,106,36,2026-09-23T00:00:00+00:00,0,0,36,142
103,099009244003,Infant Cereal,Food / Consumables,6,12,EA,251,241,178,46,2026-09-23T00:00:00+00:00,0,0,46,224
104,099009244003,Infant Cereal,Food / Consumables,6,12,EA,74,64,22,17,2026-09-23T00:00:00+00:00,0,0,17,39
105,099009244003,Infant Cereal,Food / Consumables,6,12,EA,62,52,29,10,2026-09-23T00:00:00+00:00,0,0,10,39
106,099009244003,Infant Cereal,Food / Consumables,6,12,EA,101,91,43,44,2026-09-23T00:00:00+00:00,0,0,44,87
107,099009244003,Infant Cereal,Food / Consumables,6,12,EA,149,139,101,14,2026-09-23T00:00:00+00:00,0,0,14,115
201,099009244003,Infant Cereal,Food / Consumables,6,12,EA,240,230,185,18,2026-09-23T00:00:00+00:00,0,0,18,203
204,099009244003,Infant Cereal,Food / Consumables,6,12,EA,242,232,200,31,2026-09-23T00:00:00+00:00,0,0,31,231
205,099009244003,Infant Cereal,Food / Consumables,6,12,EA,241,231,165,45,2026-09-23T00:00:00+00:00,0,0,45,210
206,099009244003,Infant Cereal,Food / Consumables,6,12,EA,253,243,187,35,2026-09-23T00:00:00+00:00,0,0,35,222
207,099009244003,Infant Cereal,Food / Consumables,6,12,EA,131,121,73,23,2026-09-23T00:00:00+00:00,0,0,23,96
208,099009244003,Infant Cereal,Food / Consumables,6,12,EA,256,246,222,10,2026-09-23T00:00:00+00:00,0,0,10,232
103,099009351008,Toddler Snacks,Food / Consumables,6,12,EA,107,97,66,23,2026-09-23T00:00:00+00:00,0,0,23,89
104,099009351008,Toddler Snacks,Food / Consumables,6,12,EA,268,258,209,38,2026-09-23T00:00:00+00:00,0,0,38,247
106,099009351008,Toddler Snacks,Food / Consumables,6,12,EA,132,122,91,19,2026-09-23T00:00:00+00:00,0,0,19,110
108,099009351008,Toddler Snacks,Food / Consumables,6,12,EA,185,175,129,36,2026-09-23T00:00:00+00:00,0,0,36,165
202,099009351008,Toddler Snacks,Food / Consumables,6,12,EA,210,200,141,31,2026-09-23T00:00:00+00:00,0,0,31,172
203,099009351008,Toddler Snacks,Food / Consumables,6,12,EA,186,176,113,59,2026-09-23T00:00:00+00:00,0,0,59,172
204,099009351008,Toddler Snacks,Food / Consumables,6,12,EA,145,135,86,30,2026-09-23T00:00:00+00:00,0,0,30,116
206,099009351008,Toddler Snacks,Food / Consumables,6,12,EA,118,108,58,44,2026-09-23T00:00:00+00:00,0,0,44,102
207,099009351008,Toddler Snacks,Food / Consumables,6,12,EA,119,109,114,4,2026-09-23T00:00:00+00:00,0,0,4,118
208,099009351008,Toddler Snacks,Food / Consumables,6,12,EA,296,286,237,26,2026-09-23T00:00:00+00:00,0,0,26,263
101,099009458004,Dish Soap,Household,12,24,EA,102,92,62,14,2026-09-23T00:00:00+00:00,0,0,14,76
102,099009458004,Dish Soap,Household,12,24,EA,204,194,148,36,2026-09-23T00:00:00+00:00,0,0,36,184
103,099009458004,Dish Soap,Household,12,24,EA,262,252,217,21,2026-09-23T00:00:00+00:00,0,0,21,238
106,099009458004,Dish Soap,Household,12,24,EA,264,254,235,15,2026-09-23T00:00:00+00:00,0,0,15,250
107,099009458004,Dish Soap,Household,12,24,EA,105,95,75,26,2026-09-23T00:00:00+00:00,0,0,26,101
108,099009458004,Dish Soap,Household,12,24,EA,97,87,28,49,2026-09-23T00:00:00+00:00,0,0,49,77
201,099009458004,Dish Soap,Household,12,24,EA,278,268,233,6,2026-09-23T00:00:00+00:00,0,0,6,239
202,099009458004,Dish Soap,Household,12,24,EA,289,279,240,17,2026-09-23T00:00:00+00:00,0,0,17,257
203,099009458004,Dish Soap,Household,12,24,EA,167,157,90,58,2026-09-23T00:00:00+00:00,0,0,58,148
204,099009458004,Dish Soap,Household,12,24,EA,195,185,163,32,2026-09-23T00:00:00+00:00,0,0,32,195
205,099009458004,Dish Soap,Household,12,24,EA,66,56,45,1,2026-09-23T00:00:00+00:00,0,0,1,46
206,099009458004,Dish Soap,Household,12,24,EA,236,226,170,53,2026-09-23T00:00:00+00:00,0,0,53,223
207,099009458004,Dish Soap,Household,12,24,EA,188,178,157,22,2026-09-23T00:00:00+00:00,0,0,22,179
101,099009565009,All Purpose Cleaner,Household,6,12,EA,79,69,54,20,2026-09-23T00:00:00+00:00,0,0,20,74
105,099009565009,All Purpose Cleaner,Household,6,12,EA,221,211,190,14,2026-09-23T00:00:00+00:00,0,0,14,204
106,099009565009,All Purpose Cleaner,Household,6,12,EA,289,279,229,41,2026-09-23T00:00:00+00:00,0,0,41,270
107,099009565009,All Purpose Cleaner,Household,6,12,EA,120,110,106,1,2026-09-23T00:00:00+00:00,0,0,1,107
108,099009565009,All Purpose Cleaner,Household,6,12,EA,178,168,109,46,2026-09-23T00:00:00+00:00,0,0,46,155
201,099009565009,All Purpose Cleaner,Household,6,12,EA,162,152,119,30,2026-09-23T00:00:00+00:00,0,0,30,149
202,099009565009,All Purpose Cleaner,Household,6,12,EA,98,88,37,58,2026-09-23T00:00:00+00:00,0,0,58,95
203,099009565009,All Purpose Cleaner,Household,6,12,EA,178,168,148,21,2026-09-23T00:00:00+00:00,0,0,21,169
204,099009565009,All Purpose Cleaner,Household,6,12,EA,129,119,122,1,2026-09-23T00:00:00+00:00,0,0,1,123
205,099009565009,All Purpose Cleaner,Household,6,12,EA,229,219,227,0,2026-09-23T00:00:00+00:00,0,0,0,227
207,099009565009,All Purpose Cleaner,Household,6,12,EA,109,99,70,0,2026-09-23T00:00:00+00:00,0,0,0,70
101,099009672004,Trash Bags,Household,6,12,EA,221,211,152,44,2026-09-23T00:00:00+00:00,0,0,44,196
102,099009672004,Trash Bags,Household,6,12,EA,258,248,181,51,2026-09-23T00:00:00+00:00,0,0,51,232
103,099009672004,Trash Bags,Household,6,12,EA,54,44,30,13,2026-09-23T00:00:00+00:00,0,0,13,43
104,099009672004,Trash Bags,Household,6,12,EA,254,244,211,13,2026-09-23T00:00:00+00:00,0,0,13,224
105,099009672004,Trash Bags,Household,6,12,EA,117,107,48,39,2026-09-23T00:00:00+00:00,0,0,39,87
106,099009672004,Trash Bags,Household,6,12,EA,265,255,217,37,2026-09-23T00:00:00+00:00,0,0,37,254
107,099009672004,Trash Bags,Household,6,12,EA,291,281,237,19,2026-09-23T00:00:00+00:00,0,0,19,256
108,099009672004,Trash Bags,Household,6,12,EA,204,194,198,0,2026-09-23T00:00:00+00:00,0,0,0,198
201,099009672004,Trash Bags,Household,6,12,EA,176,166,112,52,2026-09-23T00:00:00+00:00,0,0,52,164
203,099009672004,Trash Bags,Household,6,12,EA,285,275,218,51,2026-09-23T00:00:00+00:00,0,0,51,269
204,099009672004,Trash Bags,Household,6,12,EA,333,323,248,48,2026-09-23T00:00:00+00:00,0,0,48,296
207,099009672004,Trash Bags,Household,6,12,EA,205,195,149,35,2026-09-23T00:00:00+00:00,0,0,35,184
102,099009779000,Food Storage Bags,Household,6,12,EA,166,156,117,47,2026-09-23T00:00:00+00:00,0,0,47,164
103,099009779000,Food Storage Bags,Household,6,12,EA,68,58,24,14,2026-09-23T00:00:00+00:00,0,0,14,38
104,099009779000,Food Storage Bags,Household,6,12,EA,151,141,77,57,2026-09-23T00:00:00+00:00,0,0,57,134
105,099009779000,Food Storage Bags,Household,6,12,EA,251,241,182,50,2026-09-23T00:00:00+00:00,0,0,50,232
106,099009779000,Food Storage Bags,Household,6,12,EA,100,90,43,40,2026-09-23T00:00:00+00:00,0,0,40,83
107,099009779000,Food Storage Bags,Household,6,12,EA,96,86,61,14,2026-09-23T00:00:00+00:00,0,0,14,75
108,099009779000,Food Storage Bags,Household,6,12,EA,183,173,154,28,2026-09-23T00:00:00+00:00,0,0,28,182
201,099009779000,Food Storage Bags,Household,6,12,EA,269,259,246,12,2026-09-23T00:00:00+00:00,0,0,12,258
202,099009779000,Food Storage Bags,Household,6,12,EA,208,198,123,48,2026-09-23T00:00:00+00:00,0,0,48,171
203,099009779000,Food Storage Bags,Household,6,12,EA,155,145,143,1,2026-09-23T00:00:00+00:00,0,0,1,144
204,099009779000,Food Storage Bags,Household,6,12,EA,262,252,234,18,2026-09-23T00:00:00+00:00,0,0,18,252
205,099009779000,Food Storage Bags,Household,6,12,EA,112,102,106,5,2026-09-23T00:00:00+00:00,0,0,5,111
207,099009779000,Food Storage Bags,Household,6,12,EA,172,162,121,48,2026-09-23T00:00:00+00:00,0,0,48,169
208,099009779000,Food Storage Bags,Household,6,12,EA,283,273,224,34,2026-09-23T00:00:00+00:00,0,0,34,258
101,099009886005,Aluminum Foil,Household,6,12,EA,246,236,211,17,2026-09-23T00:00:00+00:00,0,0,17,228
102,099009886005,Aluminum Foil,Household,6,12,EA,157,147,101,27,2026-09-23T00:00:00+00:00,0,0,27,128
105,099009886005,Aluminum Foil,Household,6,12,EA,214,204,177,31,2026-09-23T00:00:00+00:00,0,0,31,208
106,099009886005,Aluminum Foil,Household,6,12,EA,271,261,219,42,2026-09-23T00:00:00+00:00,0,0,42,261
107,099009886005,Aluminum Foil,Household,6,12,EA,313,303,246,47,2026-09-23T00:00:00+00:00,0,0,47,293
108,099009886005,Aluminum Foil,Household,6,12,EA,134,124,81,14,2026-09-23T00:00:00+00:00,0,0,14,95
201,099009886005,Aluminum Foil,Household,6,12,EA,225,215,212,2,2026-09-23T00:00:00+00:00,0,0,2,214
202,099009886005,Aluminum Foil,Household,6,12,EA,132,122,101,4,2026-09-23T00:00:00+00:00,0,0,4,105
203,099009886005,Aluminum Foil,Household,6,12,EA,316,306,245,56,2026-09-23T00:00:00+00:00,0,0,56,301
204,099009886005,Aluminum Foil,Household,6,12,EA,193,183,106,52,2026-09-23T00:00:00+00:00,0,0,52,158
205,099009886005,Aluminum Foil,Household,6,12,EA,102,92,65,4,2026-09-23T00:00:00+00:00,0,0,4,69
206,099009886005,Aluminum Foil,Household,6,12,EA,190,180,131,20,2026-09-23T00:00:00+00:00,0,0,20,151
208,099009886005,Aluminum Foil,Household,6,12,EA,83,73,43,38,2026-09-23T00:00:00+00:00,0,0,38,81
101,099009993000,Paper Napkins,Household,12,24,EA,104,94,35,57,2026-09-23T00:00:00+00:00,0,0,57,92
102,099009993000,Paper Napkins,Household,12,24,EA,233,223,187,40,2026-09-23T00:00:00+00:00,0,0,40,227
103,099009993000,Paper Napkins,Household,12,24,EA,285,275,245,8,2026-09-23T00:00:00+00:00,0,0,8,253
105,099009993000,Paper Napkins,Household,12,24,EA,276,266,234,13,2026-09-23T00:00:00+00:00,0,0,13,247
106,099009993000,Paper Napkins,Household,12,24,EA,240,230,211,23,2026-09-23T00:00:00+00:00,0,0,23,234
107,099009993000,Paper Napkins,Household,12,24,EA,154,144,73,55,2026-09-23T00:00:00+00:00,0,0,55,128
201,099009993000,Paper Napkins,Household,12,24,EA,285,275,215,45,2026-09-23T00:00:00+00:00,0,0,45,260
202,099009993000,Paper Napkins,Household,12,24,EA,169,159,113,24,2026-09-23T00:00:00+00:00,0,0,24,137
205,099009993000,Paper Napkins,Household,12,24,EA,209,199,162,14,2026-09-23T00:00:00+00:00,0,0,14,176
206,099009993000,Paper Napkins,Household,12,24,EA,167,157,157,3,2026-09-23T00:00:00+00:00,0,0,3,160
207,099009993000,Paper Napkins,Household,12,24,EA,120,110,43,53,2026-09-23T00:00:00+00:00,0,0,53,96
208,099009993000,Paper Napkins,Household,12,24,EA,99,89,48,20,2026-09-23T00:00:00+00:00,0,0,20,68
102,099010000001,Light Bulbs,Household,6,12,EA,161,151,125,7,2026-09-23T00:00:00+00:00,0,0,7,132
103,099010000001,Light Bulbs,Household,6,12,EA,117,107,71,24,2026-09-23T00:00:00+00:00,0,0,24,95
104,099010000001,Light Bulbs,Household,6,12,EA,211,201,172,4,2026-09-23T00:00:00+00:00,0,0,4,176
105,099010000001,Light Bulbs,Household,6,12,EA,78,68,65,12,2026-09-23T00:00:00+00:00,0,0,12,77
106,099010000001,Light Bulbs,Household,6,12,EA,128,118,106,18,2026-09-23T00:00:00+00:00,0,0,18,124
107,099010000001,Light Bulbs,Household,6,12,EA,225,215,198,9,2026-09-23T00:00:00+00:00,0,0,9,207
201,099010000001,Light Bulbs,Household,6,12,EA,262,252,224,1,2026-09-23T00:00:00+00:00,0,0,1,225
202,099010000001,Light Bulbs,Household,6,12,EA,117,107,75,5,2026-09-23T00:00:00+00:00,0,0,5,80
203,099010000001,Light Bulbs,Household,6,12,EA,87,77,35,33,2026-09-23T00:00:00+00:00,0,0,33,68
204,099010000001,Light Bulbs,Household,6,12,EA,109,99,72,22,2026-09-23T00:00:00+00:00,0,0,22,94
205,099010000001,Light Bulbs,Household,6,12,EA,183,173,136,24,2026-09-23T00:00:00+00:00,0,0,24,160
206,099010000001,Light Bulbs,Household,6,12,EA,126,116,57,32,2026-09-23T00:00:00+00:00,0,0,32,89
207,099010000001,Light Bulbs,Household,6,12,EA,183,173,158,8,2026-09-23T00:00:00+00:00,0,0,8,166
208,099010000001,Light Bulbs,Household,6,12,EA,174,164,125,18,2026-09-23T00:00:00+00:00,0,0,18,143
101,099010107007,Food Coloring,Household,6,12,EA,219,209,179,29,2026-09-23T00:00:00+00:00,0,0,29,208
102,099010107007,Food Coloring,Household,6,12,EA,246,236,161,56,2026-09-23T00:00:00+00:00,0,0,56,217
103,099010107007,Food Coloring,Household,6,12,EA,108,98,79,11,2026-09-23T00:00:00+00:00,0,0,11,90
104,099010107007,Food Coloring,Household,6,12,EA,182,172,138,13,2026-09-23T00:00:00+00:00,0,0,13,151
106,099010107007,Food Coloring,Household,6,12,EA,234,224,167,43,2026-09-23T00:00:00+00:00,0,0,43,210
107,099010107007,Food Coloring,Household,6,12,EA,212,202,189,6,2026-09-23T00:00:00+00:00,0,0,6,195
108,099010107007,Food Coloring,Household,6,12,EA,62,52,24,37,2026-09-23T00:00:00+00:00,0,0,37,61
201,099010107007,Food Coloring,Household,6,12,EA,320,310,238,43,2026-09-23T00:00:00+00:00,0,0,43,281
202,099010107007,Food Coloring,Household,6,12,EA,169,159,105,28,2026-09-23T00:00:00+00:00,0,0,28,133
203,099010107007,Food Coloring,Household,6,12,EA,239,229,178,55,2026-09-23T00:00:00+00:00,0,0,55,233
204,099010107007,Food Coloring,Household,6,12,EA,110,100,55,26,2026-09-23T00:00:00+00:00,0,0,26,81
205,099010107007,Food Coloring,Household,6,12,EA,90,80,50,31,2026-09-23T00:00:00+00:00,0,0,31,81
206,099010107007,Food Coloring,Household,6,12,EA,138,128,99,23,2026-09-23T00:00:00+00:00,0,0,23,122
208,099010107007,Food Coloring,Household,6,12,EA,114,104,58,48,2026-09-23T00:00:00+00:00,0,0,48,106
101,099010214002,Dishwasher Pods,Household,6,12,EA,115,105,55,48,2026-09-23T00:00:00+00:00,0,0,48,103
103,099010214002,Dishwasher Pods,Household,6,12,EA,300,290,248,19,2026-09-23T00:00:00+00:00,0,0,19,267
104,099010214002,Dishwasher Pods,Household,6,12,EA,99,89,62,35,2026-09-23T00:00:00+00:00,0,0,35,97
105,099010214002,Dishwasher Pods,Household,6,12,EA,245,235,185,27,2026-09-23T00:00:00+00:00,0,0,27,212
106,099010214002,Dishwasher Pods,Household,6,12,EA,176,166,120,39,2026-09-23T00:00:00+00:00,0,0,39,159
108,099010214002,Dishwasher Pods,Household,6,12,EA,321,311,240,47,2026-09-23T00:00:00+00:00,0,0,47,287
201,099010214002,Dishwasher Pods,Household,6,12,EA,165,155,119,18,2026-09-23T00:00:00+00:00,0,0,18,137
202,099010214002,Dishwasher Pods,Household,6,12,EA,175,165,165,1,2026-09-23T00:00:00+00:00,0,0,1,166
203,099010214002,Dishwasher Pods,Household,6,12,EA,287,277,235,15,2026-09-23T00:00:00+00:00,0,0,15,250
206,099010214002,Dishwasher Pods,Household,6,12,EA,289,279,239,46,2026-09-23T00:00:00+00:00,0,0,46,285
207,099010214002,Dishwasher Pods,Household,6,12,EA,172,162,140,31,2026-09-23T00:00:00+00:00,0,0,31,171
208,099010214002,Dishwasher Pods,Household,6,12,EA,223,213,145,52,2026-09-23T00:00:00+00:00,0,0,52,197
102,099010321007,Mouthwash,Personal Care,6,12,EA,140,130,102,33,2026-09-23T00:00:00+00:00,0,0,33,135
103,099010321007,Mouthwash,Personal Care,6,12,EA,92,82,52,12,2026-09-23T00:00:00+00:00,0,0,12,64
107,099010321007,Mouthwash,Personal Care,6,12,EA,143,133,63,47,2026-09-23T00:00:00+00:00,0,0,47,110
108,099010321007,Mouthwash,Personal Care,6,12,EA,89,79,53,23,2026-09-23T00:00:00+00:00,0,0,23,76
201,099010321007,Mouthwash,Personal Care,6,12,EA,248,238,232,7,2026-09-23T00:00:00+00:00,0,0,7,239
202,099010321007,Mouthwash,Personal Care,6,12,EA,309,299,214,56,2026-09-23T00:00:00+00:00,0,0,56,270
204,099010321007,Mouthwash,Personal Care,6,12,EA,172,162,112,47,2026-09-23T00:00:00+00:00,0,0,47,159
206,099010321007,Mouthwash,Personal Care,6,12,EA,287,277,249,14,2026-09-23T00:00:00+00:00,0,0,14,263
207,099010321007,Mouthwash,Personal Care,6,12,EA,210,200,165,40,2026-09-23T00:00:00+00:00,0,0,40,205
208,099010321007,Mouthwash,Personal Care,6,12,EA,163,153,78,50,2026-09-23T00:00:00+00:00,0,0,50,128
102,099010428003,Deodorant,Personal Care,6,12,EA,275,265,246,12,2026-09-23T00:00:00+00:00,0,0,12,258
104,099010428003,Deodorant,Personal Care,6,12,EA,65,55,22,27,2026-09-23T00:00:00+00:00,0,0,27,49
107,099010428003,Deodorant,Personal Care,6,12,EA,262,252,216,46,2026-09-23T00:00:00+00:00,0,0,46,262
108,099010428003,Deodorant,Personal Care,6,12,EA,219,209,167,24,2026-09-23T00:00:00+00:00,0,0,24,191
202,099010428003,Deodorant,Personal Care,6,12,EA,92,82,73,7,2026-09-23T00:00:00+00:00,0,0,7,80
203,099010428003,Deodorant,Personal Care,6,12,EA,138,128,116,6,2026-09-23T00:00:00+00:00,0,0,6,122
204,099010428003,Deodorant,Personal Care,6,12,EA,210,200,155,41,2026-09-23T00:00:00+00:00,0,0,41,196
206,099010428003,Deodorant,Personal Care,6,12,EA,263,253,197,51,2026-09-23T00:00:00+00:00,0,0,51,248
207,099010428003,Deodorant,Personal Care,6,12,EA,170,160,87,55,2026-09-23T00:00:00+00:00,0,0,55,142
208,099010428003,Deodorant,Personal Care,6,12,EA,300,290,214,57,2026-09-23T00:00:00+00:00,0,0,57,271
101,099010535008,Body Lotion,Personal Care,6,12,EA,81,71,38,34,2026-09-23T00:00:00+00:00,0,0,34,72
102,099010535008,Body Lotion,Personal Care,6,12,EA,186,176,139,25,2026-09-23T00:00:00+00:00,0,0,25,164
103,099010535008,Body Lotion,Personal Care,6,12,EA,127,117,106,11,2026-09-23T00:00:00+00:00,0,0,11,117
104,099010535008,Body Lotion,Personal Care,6,12,EA,144,134,59,51,2026-09-23T00:00:00+00:00,0,0,51,110
105,099010535008,Body Lotion,Personal Care,6,12,EA,264,254,214,44,2026-09-23T00:00:00+00:00,0,0,44,258
106,099010535008,Body Lotion,Personal Care,6,12,EA,85,75,32,29,2026-09-23T00:00:00+00:00,0,0,29,61
107,099010535008,Body Lotion,Personal Care,6,12,EA,117,107,92,17,2026-09-23T00:00:00+00:00,0,0,17,109
108,099010535008,Body Lotion,Personal Care,6,12,EA,162,152,119,12,2026-09-23T00:00:00+00:00,0,0,12,131
202,099010535008,Body Lotion,Personal Care,6,12,EA,290,280,245,15,2026-09-23T00:00:00+00:00,0,0,15,260
204,099010535008,Body Lotion,Personal Care,6,12,EA,170,160,107,32,2026-09-23T00:00:00+00:00,0,0,32,139
205,099010535008,Body Lotion,Personal Care,6,12,EA,174,164,139,6,2026-09-23T00:00:00+00:00,0,0,6,145
206,099010535008,Body Lotion,Personal Care,6,12,EA,197,187,134,58,2026-09-23T00:00:00+00:00,0,0,58,192
208,099010535008,Body Lotion,Personal Care,6,12,EA,67,57,45,13,2026-09-23T00:00:00+00:00,0,0,13,58
103,099010642003,Sunscreen,Personal Care,6,12,EA,337,327,243,59,2026-09-23T00:00:00+00:00,0,0,59,302
104,099010642003,Sunscreen,Personal Care,6,12,EA,205,195,117,50,2026-09-23T00:00:00+00:00,0,0,50,167
105,099010642003,Sunscreen,Personal Care,6,12,EA,235,225,199,20,2026-09-23T00:00:00+00:00,0,0,20,219
108,099010642003,Sunscreen,Personal Care,6,12,EA,115,105,113,1,2026-09-23T00:00:00+00:00,0,0,1,114
202,099010642003,Sunscreen,Personal Care,6,12,EA,257,247,198,24,2026-09-23T00:00:00+00:00,0,0,24,222
203,099010642003,Sunscreen,Personal Care,6,12,EA,304,294,247,50,2026-09-23T00:00:00+00:00,0,0,50,297
204,099010642003,Sunscreen,Personal Care,6,12,EA,209,199,147,41,2026-09-23T00:00:00+00:00,0,0,41,188
205,099010642003,Sunscreen,Personal Care,6,12,EA,288,278,207,58,2026-09-23T00:00:00+00:00,0,0,58,265
206,099010642003,Sunscreen,Personal Care,6,12,EA,309,299,234,39,2026-09-23T00:00:00+00:00,0,0,39,273
208,099010642003,Sunscreen,Personal Care,6,12,EA,219,209,126,57,2026-09-23T00:00:00+00:00,0,0,57,183
102,099010749009,Adhesive Bandages,Personal Care,6,12,EA,293,283,239,48,2026-09-23T00:00:00+00:00,0,0,48,287
103,099010749009,Adhesive Bandages,Personal Care,6,12,EA,243,233,170,35,2026-09-23T00:00:00+00:00,0,0,35,205
104,099010749009,Adhesive Bandages,Personal Care,6,12,EA,244,234,177,43,2026-09-23T00:00:00+00:00,0,0,43,220
105,099010749009,Adhesive Bandages,Personal Care,6,12,EA,127,117,83,26,2026-09-23T00:00:00+00:00,0,0,26,109
106,099010749009,Adhesive Bandages,Personal Care,6,12,EA,260,250,168,53,2026-09-23T00:00:00+00:00,0,0,53,221
107,099010749009,Adhesive Bandages,Personal Care,6,12,EA,35,25,31,3,2026-09-23T00:00:00+00:00,0,0,3,34
108,099010749009,Adhesive Bandages,Personal Care,6,12,EA,151,141,131,7,2026-09-23T00:00:00+00:00,0,0,7,138
201,099010749009,Adhesive Bandages,Personal Care,6,12,EA,167,157,81,56,2026-09-23T00:00:00+00:00,0,0,56,137
202,099010749009,Adhesive Bandages,Personal Care,6,12,EA,200,190,151,38,2026-09-23T00:00:00+00:00,0,0,38,189
203,099010749009,Adhesive Bandages,Personal Care,6,12,EA,239,229,180,44,2026-09-23T00:00:00+00:00,0,0,44,224
205,099010749009,Adhesive Bandages,Personal Care,6,12,EA,277,267,182,58,2026-09-23T00:00:00+00:00,0,0,58,240
206,099010749009,Adhesive Bandages,Personal Care,6,12,EA,139,129,106,2,2026-09-23T00:00:00+00:00,0,0,2,108
207,099010749009,Adhesive Bandages,Personal Care,6,12,EA,123,113,100,3,2026-09-23T00:00:00+00:00,0,0,3,103
208,099010749009,Adhesive Bandages,Personal Care,6,12,EA,164,154,113,46,2026-09-23T00:00:00+00:00,0,0,46,159
103,099010856004,Pain Reliever,Personal Care,6,12,EA,172,162,133,0,2026-09-23T00:00:00+00:00,0,0,0,133
104,099010856004,Pain Reliever,Personal Care,6,12,EA,280,270,186,59,2026-09-23T00:00:00+00:00,0,0,59,245
105,099010856004,Pain Reliever,Personal Care,6,12,EA,108,98,52,18,2026-09-23T00:00:00+00:00,0,0,18,70
107,099010856004,Pain Reliever,Personal Care,6,12,EA,80,70,64,2,2026-09-23T00:00:00+00:00,0,0,2,66
108,099010856004,Pain Reliever,Personal Care,6,12,EA,271,261,201,38,2026-09-23T00:00:00+00:00,0,0,38,239
201,099010856004,Pain Reliever,Personal Care,6,12,EA,196,186,181,15,2026-09-23T00:00:00+00:00,0,0,15,196
202,099010856004,Pain Reliever,Personal Care,6,12,EA,40,30,22,7,2026-09-23T00:00:00+00:00,0,0,7,29
203,099010856004,Pain Reliever,Personal Care,6,12,EA,86,76,68,5,2026-09-23T00:00:00+00:00,0,0,5,73
204,099010856004,Pain Reliever,Personal Care,6,12,EA,215,205,203,6,2026-09-23T00:00:00+00:00,0,0,6,209
205,099010856004,Pain Reliever,Personal Care,6,12,EA,168,158,101,28,2026-09-23T00:00:00+00:00,0,0,28,129
206,099010856004,Pain Reliever,Personal Care,6,12,EA,103,93,60,29,2026-09-23T00:00:00+00:00,0,0,29,89
207,099010856004,Pain Reliever,Personal Care,6,12,EA,110,100,86,15,2026-09-23T00:00:00+00:00,0,0,15,101
208,099010856004,Pain Reliever,Personal Care,6,12,EA,184,174,123,57,2026-09-23T00:00:00+00:00,0,0,57,180
101,099010963009,Cough Syrup,Personal Care,6,12,EA,197,187,184,4,2026-09-23T00:00:00+00:00,0,0,4,188
103,099010963009,Cough Syrup,Personal Care,6,12,EA,140,130,118,12,2026-09-23T00:00:00+00:00,0,0,12,130
104,099010963009,Cough Syrup,Personal Care,6,12,EA,87,77,24,36,2026-09-23T00:00:00+00:00,0,0,36,60
106,099010963009,Cough Syrup,Personal Care,6,12,EA,215,205,167,48,2026-09-23T00:00:00+00:00,0,0,48,215
107,099010963009,Cough Syrup,Personal Care,6,12,EA,169,159,135,7,2026-09-23T00:00:00+00:00,0,0,7,142
201,099010963009,Cough Syrup,Personal Care,6,12,EA,206,196,140,33,2026-09-23T00:00:00+00:00,0,0,33,173
203,099010963009,Cough Syrup,Personal Care,6,12,EA,181,171,146,0,2026-09-23T00:00:00+00:00,0,0,0,146
204,099010963009,Cough Syrup,Personal Care,6,12,EA,197,187,153,31,2026-09-23T00:00:00+00:00,0,0,31,184
205,099010963009,Cough Syrup,Personal Care,6,12,EA,160,150,129,31,2026-09-23T00:00:00+00:00,0,0,31,160
206,099010963009,Cough Syrup,Personal Care,6,12,EA,260,250,219,8,2026-09-23T00:00:00+00:00,0,0,8,227
207,099010963009,Cough Syrup,Personal Care,6,12,EA,291,281,236,44,2026-09-23T00:00:00+00:00,0,0,44,280
208,099010963009,Cough Syrup,Personal Care,6,12,EA,307,297,224,58,2026-09-23T00:00:00+00:00,0,0,58,282
101,099011070003,Multivitamins,Personal Care,6,12,EA,261,251,233,1,2026-09-23T00:00:00+00:00,0,0,1,234
102,099011070003,Multivitamins,Personal Care,6,12,EA,278,268,221,33,2026-09-23T00:00:00+00:00,0,0,33,254
103,099011070003,Multivitamins,Personal Care,6,12,EA,205,195,126,45,2026-09-23T00:00:00+00:00,0,0,45,171
105,099011070003,Multivitamins,Personal Care,6,12,EA,290,280,232,47,2026-09-23T00:00:00+00:00,0,0,47,279
107,099011070003,Multivitamins,Personal Care,6,12,EA,58,48,46,5,2026-09-23T00:00:00+00:00,0,0,5,51
108,099011070003,Multivitamins,Personal Care,6,12,EA,176,166,157,8,2026-09-23T00:00:00+00:00,0,0,8,165
203,099011070003,Multivitamins,Personal Care,6,12,EA,79,69,33,42,2026-09-23T00:00:00+00:00,0,0,42,75
204,099011070003,Multivitamins,Personal Care,6,12,EA,302,292,214,58,2026-09-23T00:00:00+00:00,0,0,58,272
205,099011070003,Multivitamins,Personal Care,6,12,EA,153,143,139,7,2026-09-23T00:00:00+00:00,0,0,7,146
206,099011070003,Multivitamins,Personal Care,6,12,EA,265,255,202,36,2026-09-23T00:00:00+00:00,0,0,36,238
208,099011070003,Multivitamins,Personal Care,6,12,EA,253,243,184,42,2026-09-23T00:00:00+00:00,0,0,42,226
101,099011177009,Dental Floss,Personal Care,12,24,EA,206,196,182,24,2026-09-23T00:00:00+00:00,0,0,24,206
102,099011177009,Dental Floss,Personal Care,12,24,EA,127,117,89,28,2026-09-23T00:00:00+00:00,0,0,28,117
103,099011177009,Dental Floss,Personal Care,12,24,EA,67,57,26,9,2026-09-23T00:00:00+00:00,0,0,9,35
104,099011177009,Dental Floss,Personal Care,12,24,EA,67,57,43,17,2026-09-23T00:00:00+00:00,0,0,17,60
105,099011177009,Dental Floss,Personal Care,12,24,EA,135,125,94,23,2026-09-23T00:00:00+00:00,0,0,23,117
106,099011177009,Dental Floss,Personal Care,12,24,EA,302,292,221,50,2026-09-23T00:00:00+00:00,0,0,50,271
108,099011177009,Dental Floss,Personal Care,12,24,EA,289,279,218,59,2026-09-23T00:00:00+00:00,0,0,59,277
201,099011177009,Dental Floss,Personal Care,12,24,EA,162,152,153,9,2026-09-23T00:00:00+00:00,0,0,9,162
202,099011177009,Dental Floss,Personal Care,12,24,EA,263,253,199,25,2026-09-23T00:00:00+00:00,0,0,25,224
203,099011177009,Dental Floss,Personal Care,12,24,EA,230,220,173,24,2026-09-23T00:00:00+00:00,0,0,24,197
204,099011177009,Dental Floss,Personal Care,12,24,EA,206,196,154,45,2026-09-23T00:00:00+00:00,0,0,45,199
205,099011177009,Dental Floss,Personal Care,12,24,EA,215,205,142,54,2026-09-23T00:00:00+00:00,0,0,54,196
207,099011177009,Dental Floss,Personal Care,12,24,EA,120,110,51,35,2026-09-23T00:00:00+00:00,0,0,35,86
208,099011177009,Dental Floss,Personal Care,12,24,EA,151,141,106,31,2026-09-23T00:00:00+00:00,0,0,31,137
102,099011284004,Bar Soap,Personal Care,6,12,EA,187,177,130,54,2026-09-23T00:00:00+00:00,0,0,54,184
103,099011284004,Bar Soap,Personal Care,6,12,EA,143,133,107,36,2026-09-23T00:00:00+00:00,0,0,36,143
104,099011284004,Bar Soap,Personal Care,6,12,EA,128,118,111,7,2026-09-23T00:00:00+00:00,0,0,7,118
105,099011284004,Bar Soap,Personal Care,6,12,EA,230,220,209,10,2026-09-23T00:00:00+00:00,0,0,10,219
106,099011284004,Bar Soap,Personal Care,6,12,EA,68,58,47,17,2026-09-23T00:00:00+00:00,0,0,17,64
107,099011284004,Bar Soap,Personal Care,6,12,EA,211,201,172,25,2026-09-23T00:00:00+00:00,0,0,25,197
108,099011284004,Bar Soap,Personal Care,6,12,EA,218,208,148,45,2026-09-23T00:00:00+00:00,0,0,45,193
201,099011284004,Bar Soap,Personal Care,6,12,EA,82,72,33,29,2026-09-23T00:00:00+00:00,0,0,29,62
202,099011284004,Bar Soap,Personal Care,6,12,EA,164,154,109,23,2026-09-23T00:00:00+00:00,0,0,23,132
203,099011284004,Bar Soap,Personal Care,6,12,EA,131,121,58,49,2026-09-23T00:00:00+00:00,0,0,49,107
205,099011284004,Bar Soap,Personal Care,6,12,EA,279,269,249,3,2026-09-23T00:00:00+00:00,0,0,3,252
206,099011284004,Bar Soap,Personal Care,6,12,EA,207,197,131,45,2026-09-23T00:00:00+00:00,0,0,45,176
208,099011284004,Bar Soap,Personal Care,6,12,EA,84,74,38,25,2026-09-23T00:00:00+00:00,0,0,25,63
